
════════════════════════════════════════════════
Grid search complete. Results (sorted by accuracy):
════════════════════════════════════════════════
Data Idx with Correct Answer: [0, 2, 5, 6, 7, 8, 9, 10, 11, 12, 15, 16, 17, 18, 19, 21, 22, 23, 24, 25, 26, 27, 28, 29, 30, 33, 35, 36, 37, 38, 39, 40, 43, 44, 45, 47, 49, 50, 51, 52, 55, 57, 58, 60, 61, 63, 64, 65, 66, 67, 68, 70, 72, 73, 74, 75, 76, 78, 79, 80, 83, 85, 86, 87, 88, 89, 90, 91, 92, 93, 94, 95, 96, 97, 98, 101, 102, 103, 105, 106, 107, 109, 111, 112, 113, 116, 117, 118, 119, 120, 121, 122, 123, 124, 125, 126, 128, 130, 132, 133, 134, 135, 136, 137, 138, 139, 140, 141, 143, 144, 145, 147, 148, 150, 151, 152, 153, 154, 157, 160, 161, 162, 163, 164, 167, 169, 170, 171, 172, 174, 175, 176, 179, 180, 181, 183, 184, 187, 188, 189, 190, 193, 194, 196, 197, 198, 200, 201, 202, 203, 204, 205, 206, 207, 208, 209, 210, 211, 212, 213, 215, 216, 217, 218, 219, 220, 221, 222, 223, 225, 226, 228, 229, 230, 232, 233, 234, 235, 237, 238, 240, 243, 244, 245, 246, 247, 248, 249, 251, 252, 253, 255, 256, 257, 259, 260, 261, 262, 263, 264, 265, 267, 268, 269, 270, 273, 274, 276, 277, 280, 281, 282, 284, 285, 286, 288, 289, 291, 292, 294, 296, 297, 299]correct=223, total=300, accuracy=0.7433  | ./output/gridsearch/Qwen2.5-VL-7B-Instruct-mmvp-tokens4-lr0.05-sigma5.0-sigdecay0.9-steps10-topk10-conf
Data Idx with Correct Answer: [0, 2, 5, 6, 7, 8, 9, 10, 11, 12, 15, 16, 17, 18, 19, 21, 22, 23, 24, 25, 26, 27, 28, 29, 30, 35, 36, 37, 38, 39, 40, 43, 44, 47, 49, 50, 51, 52, 55, 56, 57, 58, 60, 61, 63, 64, 65, 66, 67, 68, 70, 72, 73, 74, 76, 79, 80, 83, 85, 86, 87, 88, 89, 90, 91, 92, 93, 94, 96, 97, 98, 101, 102, 103, 105, 107, 108, 109, 111, 112, 113, 116, 117, 119, 120, 121, 122, 123, 124, 125, 126, 128, 130, 132, 133, 134, 136, 137, 138, 139, 140, 141, 142, 143, 144, 145, 147, 148, 149, 151, 152, 153, 154, 157, 158, 159, 161, 163, 164, 167, 169, 170, 171, 172, 174, 175, 176, 179, 180, 181, 183, 184, 187, 188, 189, 190, 192, 193, 194, 196, 197, 198, 200, 201, 202, 203, 204, 205, 206, 207, 209, 210, 211, 212, 213, 215, 216, 217, 218, 219, 220, 221, 222, 223, 225, 226, 228, 229, 230, 232, 233, 235, 236, 237, 238, 239, 240, 241, 242, 243, 244, 245, 246, 248, 249, 251, 252, 253, 255, 256, 257, 259, 260, 261, 262, 263, 264, 265, 266, 267, 268, 269, 270, 273, 274, 276, 277, 280, 281, 282, 284, 285, 286, 287, 288, 289, 291, 292, 294, 296, 297, 299]correct=222, total=300, accuracy=0.7400  | ./output/gridsearch/Qwen2.5-VL-7B-Instruct-mmvp-tokens4-lr0.01-sigma0.1-sigdecay0.95-steps10-topk10-conf
Data Idx with Correct Answer: [0, 2, 3, 5, 6, 7, 8, 9, 10, 11, 12, 15, 16, 17, 18, 19, 21, 22, 23, 24, 25, 26, 27, 28, 29, 30, 32, 35, 36, 37, 38, 39, 40, 43, 44, 49, 50, 51, 52, 54, 55, 56, 57, 58, 60, 61, 63, 64, 65, 66, 67, 68, 70, 72, 73, 74, 76, 78, 79, 80, 83, 85, 86, 87, 88, 89, 90, 91, 92, 93, 94, 95, 96, 97, 98, 101, 102, 103, 105, 107, 109, 111, 112, 113, 116, 117, 118, 119, 120, 121, 122, 123, 125, 126, 129, 130, 132, 133, 134, 136, 137, 138, 139, 140, 141, 142, 143, 147, 148, 149, 150, 151, 152, 153, 154, 156, 158, 159, 161, 163, 167, 169, 170, 171, 172, 174, 175, 176, 179, 180, 181, 183, 184, 187, 188, 189, 190, 192, 193, 194, 196, 197, 198, 200, 201, 202, 203, 204, 205, 206, 207, 208, 209, 210, 211, 212, 213, 216, 217, 218, 219, 221, 222, 223, 225, 226, 228, 229, 230, 232, 233, 234, 235, 236, 237, 238, 240, 241, 243, 244, 245, 246, 248, 249, 251, 252, 253, 255, 256, 257, 259, 260, 261, 262, 263, 264, 266, 267, 268, 269, 270, 273, 274, 276, 277, 280, 281, 282, 283, 284, 285, 286, 288, 289, 290, 291, 292, 294, 295, 296, 297, 299]correct=222, total=300, accuracy=0.7400  | ./output/gridsearch/Qwen2.5-VL-7B-Instruct-mmvp-tokens2-lr0.005-sigma5.0-sigdecay0.95-steps15-topk10-conf
Data Idx with Correct Answer: [0, 2, 5, 6, 7, 8, 9, 10, 11, 12, 15, 16, 17, 18, 19, 21, 22, 23, 24, 25, 26, 27, 28, 29, 30, 33, 35, 36, 37, 38, 39, 40, 43, 44, 45, 47, 49, 50, 51, 52, 54, 55, 57, 58, 60, 61, 63, 64, 65, 66, 67, 68, 70, 73, 74, 76, 79, 80, 83, 85, 87, 88, 89, 90, 92, 93, 95, 96, 97, 98, 101, 102, 103, 105, 106, 107, 109, 111, 112, 113, 114, 116, 117, 118, 120, 121, 122, 123, 125, 126, 129, 130, 132, 133, 134, 135, 136, 137, 138, 139, 140, 141, 142, 143, 144, 146, 147, 148, 149, 151, 152, 153, 154, 157, 158, 159, 161, 163, 164, 165, 167, 169, 170, 171, 173, 174, 175, 176, 179, 180, 181, 183, 184, 187, 188, 189, 190, 191, 192, 193, 194, 196, 197, 198, 200, 201, 202, 203, 204, 205, 206, 207, 208, 209, 210, 211, 212, 213, 216, 217, 218, 219, 220, 221, 222, 223, 225, 226, 228, 230, 232, 233, 235, 236, 237, 238, 240, 241, 243, 244, 245, 246, 247, 248, 249, 251, 252, 253, 255, 256, 257, 259, 260, 261, 262, 263, 264, 265, 266, 267, 268, 269, 270, 273, 274, 276, 277, 280, 281, 282, 284, 286, 287, 288, 289, 290, 292, 294, 296, 297, 299]correct=221, total=300, accuracy=0.7367  | ./output/gridsearch/Qwen2.5-VL-7B-Instruct-mmvp-tokens2-lr0.01-sigma0.1-sigdecay0.95-steps15-topk10-conf
Data Idx with Correct Answer: [0, 2, 3, 5, 6, 7, 8, 9, 10, 11, 12, 15, 17, 18, 19, 21, 23, 24, 25, 26, 27, 28, 29, 30, 35, 36, 37, 38, 39, 40, 43, 44, 45, 49, 50, 51, 52, 54, 55, 56, 57, 58, 60, 61, 63, 64, 65, 66, 67, 68, 70, 72, 73, 74, 76, 78, 79, 80, 83, 85, 86, 87, 88, 89, 90, 92, 93, 94, 95, 96, 97, 98, 101, 102, 103, 105, 106, 107, 109, 112, 113, 115, 116, 119, 120, 121, 122, 123, 124, 125, 126, 129, 130, 132, 133, 134, 135, 136, 137, 138, 140, 141, 142, 143, 145, 147, 148, 149, 151, 152, 153, 154, 156, 158, 159, 160, 162, 163, 165, 167, 169, 170, 171, 172, 173, 174, 175, 176, 179, 180, 181, 183, 184, 187, 188, 189, 190, 192, 193, 194, 196, 197, 198, 200, 201, 202, 203, 204, 205, 206, 207, 208, 209, 210, 211, 212, 213, 214, 216, 217, 218, 219, 221, 222, 223, 225, 226, 228, 230, 232, 233, 234, 235, 236, 237, 238, 240, 242, 243, 244, 245, 246, 247, 248, 249, 251, 252, 253, 255, 256, 257, 259, 260, 261, 262, 263, 264, 267, 268, 269, 270, 273, 274, 276, 277, 280, 281, 282, 283, 284, 285, 286, 287, 288, 289, 291, 292, 294, 296, 297, 299]correct=221, total=300, accuracy=0.7367  | ./output/gridsearch/Qwen2.5-VL-7B-Instruct-mmvp-tokens2-lr0.005-sigma5.0-sigdecay0.95-steps15-topk5-conf
Data Idx with Correct Answer: [0, 2, 5, 6, 7, 8, 9, 10, 11, 12, 15, 16, 17, 18, 19, 21, 23, 24, 25, 26, 27, 28, 29, 30, 33, 35, 36, 37, 38, 39, 40, 43, 44, 45, 47, 49, 50, 51, 52, 55, 56, 57, 58, 60, 61, 64, 65, 66, 67, 68, 70, 72, 73, 74, 76, 80, 83, 85, 86, 87, 88, 89, 90, 92, 93, 94, 96, 97, 98, 101, 102, 103, 105, 106, 107, 108, 109, 111, 112, 113, 115, 116, 117, 118, 119, 120, 121, 122, 123, 124, 125, 126, 130, 132, 133, 134, 135, 136, 137, 138, 139, 140, 141, 143, 144, 147, 148, 149, 151, 152, 153, 154, 156, 158, 159, 161, 163, 164, 165, 167, 169, 170, 171, 172, 174, 175, 176, 179, 180, 181, 183, 184, 187, 188, 189, 190, 192, 193, 194, 196, 197, 198, 200, 201, 202, 203, 204, 205, 206, 207, 208, 209, 210, 211, 212, 213, 215, 216, 217, 219, 220, 221, 222, 223, 225, 226, 228, 229, 230, 232, 233, 234, 235, 237, 238, 240, 242, 243, 244, 245, 246, 247, 248, 249, 251, 252, 253, 255, 256, 257, 259, 260, 261, 262, 263, 264, 267, 268, 269, 270, 273, 274, 276, 277, 280, 281, 282, 284, 285, 286, 288, 289, 290, 291, 292, 294, 295, 296, 297, 299]correct=220, total=300, accuracy=0.7333  | ./output/gridsearch/Qwen2.5-VL-7B-Instruct-mmvp-tokens4-lr0.01-sigma1.0-sigdecay0.95-steps15-topk10-conf
Data Idx with Correct Answer: [0, 2, 5, 6, 7, 8, 9, 10, 11, 12, 15, 17, 18, 19, 21, 22, 23, 24, 25, 26, 27, 28, 29, 30, 33, 35, 36, 37, 38, 39, 40, 43, 44, 45, 47, 49, 50, 51, 52, 55, 56, 57, 58, 60, 61, 63, 64, 65, 66, 67, 68, 70, 72, 73, 74, 76, 79, 80, 83, 85, 86, 87, 88, 89, 90, 91, 92, 93, 94, 95, 96, 97, 98, 100, 101, 102, 103, 105, 107, 108, 109, 111, 112, 113, 116, 117, 118, 120, 121, 122, 123, 124, 125, 126, 130, 132, 133, 135, 136, 137, 139, 140, 141, 143, 144, 147, 148, 149, 151, 152, 153, 154, 157, 158, 159, 161, 163, 164, 167, 169, 170, 171, 172, 174, 175, 176, 179, 180, 181, 183, 184, 187, 188, 189, 190, 192, 193, 194, 196, 197, 198, 201, 202, 203, 204, 205, 206, 207, 208, 209, 210, 211, 212, 213, 214, 215, 216, 217, 218, 219, 220, 221, 222, 223, 225, 226, 228, 229, 230, 232, 233, 235, 237, 238, 240, 242, 243, 244, 245, 246, 247, 248, 249, 251, 252, 255, 256, 257, 259, 260, 261, 262, 263, 264, 265, 267, 268, 269, 270, 273, 274, 276, 277, 280, 281, 282, 283, 284, 285, 288, 289, 290, 291, 292, 294, 295, 296, 297, 299]correct=219, total=300, accuracy=0.7300  | ./output/gridsearch/Qwen2.5-VL-7B-Instruct-mmvp-tokens4-lr0.005-sigma0.1-sigdecay0.95-steps10-topk5-conf
Data Idx with Correct Answer: [0, 2, 5, 6, 7, 8, 9, 10, 11, 12, 15, 16, 17, 18, 19, 21, 22, 23, 24, 25, 26, 27, 28, 29, 30, 33, 35, 36, 37, 38, 39, 40, 43, 44, 45, 49, 50, 51, 52, 55, 56, 58, 60, 61, 63, 64, 65, 66, 67, 68, 70, 72, 73, 74, 76, 78, 79, 80, 85, 86, 87, 88, 89, 90, 91, 92, 93, 94, 96, 97, 98, 101, 102, 103, 105, 106, 107, 109, 111, 112, 113, 114, 116, 117, 119, 120, 121, 122, 123, 124, 125, 126, 130, 132, 133, 135, 136, 137, 138, 139, 140, 141, 143, 144, 147, 148, 149, 150, 151, 152, 153, 154, 156, 158, 159, 163, 167, 169, 170, 171, 172, 174, 175, 176, 179, 180, 181, 183, 184, 187, 188, 189, 190, 191, 192, 193, 194, 196, 197, 198, 200, 201, 202, 203, 204, 205, 206, 207, 208, 209, 210, 211, 212, 213, 215, 216, 217, 218, 219, 220, 221, 222, 223, 225, 226, 228, 229, 230, 232, 233, 235, 236, 237, 238, 240, 243, 244, 245, 246, 248, 249, 251, 252, 253, 255, 256, 257, 259, 260, 261, 262, 263, 264, 265, 267, 268, 269, 270, 273, 274, 276, 277, 280, 281, 282, 283, 284, 285, 286, 288, 289, 290, 291, 292, 294, 295, 296, 297, 299]correct=219, total=300, accuracy=0.7300  | ./output/gridsearch/Qwen2.5-VL-7B-Instruct-mmvp-tokens4-lr0.001-sigma0.1-sigdecay0.9-steps10-topk5-conf
Data Idx with Correct Answer: [0, 2, 5, 6, 7, 8, 9, 10, 11, 12, 15, 16, 17, 19, 21, 22, 23, 24, 25, 26, 27, 28, 29, 30, 33, 35, 36, 37, 38, 39, 40, 43, 44, 45, 47, 49, 50, 51, 52, 54, 55, 56, 57, 58, 60, 61, 63, 64, 65, 66, 67, 68, 70, 73, 74, 76, 79, 80, 83, 85, 86, 87, 88, 89, 90, 92, 93, 94, 95, 96, 97, 98, 101, 102, 103, 105, 106, 107, 109, 112, 113, 116, 117, 119, 120, 121, 122, 123, 124, 125, 126, 129, 130, 132, 133, 134, 135, 136, 137, 138, 139, 140, 141, 145, 147, 148, 149, 151, 152, 153, 154, 157, 158, 159, 161, 163, 164, 167, 169, 170, 171, 172, 173, 174, 175, 176, 179, 180, 181, 183, 184, 187, 188, 189, 190, 192, 193, 194, 196, 197, 198, 200, 201, 202, 203, 204, 205, 206, 207, 208, 209, 210, 211, 212, 213, 214, 217, 218, 219, 220, 221, 222, 223, 225, 226, 228, 230, 232, 233, 236, 237, 238, 240, 241, 242, 243, 244, 245, 246, 247, 248, 249, 251, 252, 253, 255, 256, 257, 259, 260, 261, 262, 263, 264, 266, 267, 268, 269, 270, 273, 274, 276, 277, 280, 281, 282, 284, 286, 288, 289, 290, 291, 292, 294, 295, 296, 297, 299]correct=218, total=300, accuracy=0.7267  | ./output/gridsearch/Qwen2.5-VL-7B-Instruct-mmvp-tokens2-lr0.05-sigma1.0-sigdecay0.9-steps15-topk10-conf
Data Idx with Correct Answer: [0, 2, 5, 6, 7, 8, 9, 10, 11, 12, 15, 16, 17, 18, 21, 23, 24, 25, 26, 27, 28, 29, 30, 32, 35, 36, 37, 38, 39, 40, 43, 44, 45, 47, 49, 50, 51, 52, 55, 56, 57, 58, 60, 61, 63, 64, 65, 66, 67, 68, 72, 73, 74, 76, 78, 79, 80, 83, 85, 87, 88, 89, 90, 91, 92, 93, 94, 95, 96, 97, 98, 101, 102, 103, 105, 106, 107, 109, 111, 112, 113, 116, 117, 118, 119, 120, 121, 122, 123, 125, 126, 129, 130, 132, 133, 134, 135, 136, 137, 138, 139, 140, 141, 142, 143, 144, 147, 148, 149, 151, 152, 153, 154, 156, 157, 161, 162, 163, 164, 165, 167, 169, 170, 171, 172, 173, 174, 175, 176, 179, 180, 181, 183, 184, 187, 188, 189, 190, 191, 192, 193, 194, 196, 197, 198, 200, 201, 202, 203, 204, 205, 206, 207, 209, 210, 211, 212, 213, 214, 216, 217, 218, 219, 221, 222, 223, 225, 226, 228, 230, 232, 233, 234, 235, 236, 237, 238, 240, 243, 244, 245, 246, 248, 249, 252, 253, 255, 256, 257, 260, 261, 262, 263, 264, 265, 267, 268, 269, 270, 273, 274, 276, 277, 280, 281, 282, 283, 284, 286, 288, 289, 290, 291, 294, 295, 296, 297, 299]correct=218, total=300, accuracy=0.7267  | ./output/gridsearch/Qwen2.5-VL-7B-Instruct-mmvp-tokens2-lr0.001-sigma1.0-sigdecay0.9-steps15-topk5-conf
Data Idx with Correct Answer: [0, 2, 5, 6, 7, 8, 9, 10, 11, 12, 15, 16, 17, 18, 21, 22, 23, 24, 25, 26, 27, 28, 29, 30, 32, 33, 35, 36, 37, 38, 39, 40, 43, 44, 45, 47, 49, 50, 51, 52, 55, 56, 58, 60, 61, 63, 64, 65, 66, 67, 68, 70, 72, 73, 74, 76, 78, 79, 80, 83, 85, 87, 88, 89, 90, 92, 93, 94, 96, 97, 98, 101, 102, 103, 104, 105, 106, 107, 109, 111, 112, 113, 117, 119, 120, 121, 122, 123, 124, 125, 126, 129, 130, 132, 134, 135, 136, 137, 138, 139, 141, 143, 147, 148, 149, 151, 152, 153, 154, 158, 159, 161, 163, 165, 167, 169, 170, 171, 172, 173, 174, 175, 176, 179, 180, 181, 183, 184, 187, 188, 189, 190, 192, 193, 194, 196, 197, 198, 200, 201, 202, 203, 204, 205, 206, 207, 208, 209, 210, 211, 212, 213, 217, 218, 219, 220, 221, 222, 223, 225, 226, 228, 230, 232, 233, 234, 235, 236, 237, 238, 240, 242, 243, 244, 245, 246, 247, 248, 249, 250, 251, 252, 253, 255, 256, 257, 259, 260, 261, 262, 263, 264, 265, 266, 267, 268, 269, 270, 273, 274, 276, 277, 280, 281, 282, 283, 284, 285, 286, 288, 289, 290, 292, 294, 295, 296, 297, 299]correct=218, total=300, accuracy=0.7267  | ./output/gridsearch/Qwen2.5-VL-7B-Instruct-mmvp-tokens2-lr0.05-sigma5.0-sigdecay0.95-steps10-topk5-conf
Data Idx with Correct Answer: [0, 2, 5, 6, 7, 8, 9, 10, 11, 12, 15, 16, 17, 18, 19, 21, 23, 24, 25, 26, 27, 28, 29, 30, 32, 35, 36, 37, 38, 39, 40, 43, 44, 47, 49, 50, 51, 52, 54, 55, 56, 57, 58, 60, 61, 63, 64, 65, 66, 67, 68, 70, 72, 73, 74, 76, 78, 79, 80, 83, 85, 87, 88, 89, 90, 92, 93, 94, 96, 97, 98, 101, 102, 103, 105, 107, 109, 112, 113, 115, 116, 117, 118, 119, 120, 121, 122, 123, 125, 126, 128, 129, 130, 132, 133, 134, 135, 136, 137, 138, 139, 140, 141, 143, 146, 147, 148, 149, 151, 152, 153, 154, 157, 158, 159, 161, 163, 164, 165, 167, 169, 170, 171, 172, 173, 174, 175, 176, 180, 181, 183, 184, 187, 188, 189, 190, 193, 196, 197, 198, 200, 201, 202, 203, 204, 205, 206, 207, 208, 209, 210, 211, 212, 213, 217, 218, 219, 221, 222, 223, 225, 226, 228, 230, 232, 233, 235, 236, 237, 238, 240, 241, 242, 243, 244, 245, 246, 247, 248, 249, 251, 252, 253, 255, 256, 257, 259, 260, 261, 262, 263, 264, 265, 266, 267, 268, 269, 270, 273, 274, 276, 277, 280, 281, 282, 283, 284, 286, 287, 288, 289, 290, 291, 292, 294, 296, 297, 299]correct=218, total=300, accuracy=0.7267  | ./output/gridsearch/Qwen2.5-VL-7B-Instruct-mmvp-tokens2-lr0.01-sigma0.1-sigdecay0.9-steps10-topk5-conf
Data Idx with Correct Answer: [0, 3, 5, 6, 7, 8, 9, 10, 11, 12, 15, 16, 17, 18, 19, 20, 21, 22, 23, 24, 25, 26, 27, 28, 29, 30, 32, 33, 35, 36, 37, 38, 39, 40, 43, 44, 45, 46, 47, 49, 51, 52, 54, 55, 57, 58, 60, 61, 63, 64, 65, 66, 67, 68, 69, 70, 72, 73, 74, 76, 78, 79, 80, 87, 88, 89, 90, 92, 93, 95, 96, 97, 98, 101, 102, 103, 104, 105, 107, 109, 111, 112, 113, 115, 116, 117, 119, 120, 121, 123, 124, 125, 126, 129, 130, 132, 134, 135, 136, 137, 138, 139, 140, 141, 142, 143, 144, 147, 148, 149, 151, 152, 153, 154, 156, 158, 159, 160, 163, 164, 165, 167, 169, 170, 171, 172, 173, 174, 175, 176, 179, 180, 181, 183, 184, 187, 188, 189, 190, 191, 192, 193, 194, 196, 197, 198, 201, 202, 203, 204, 205, 206, 207, 209, 210, 211, 212, 213, 217, 218, 221, 222, 223, 225, 226, 228, 229, 230, 232, 233, 234, 235, 236, 237, 238, 240, 243, 244, 245, 246, 248, 249, 250, 252, 253, 254, 255, 256, 257, 260, 261, 262, 263, 264, 265, 268, 269, 270, 273, 274, 276, 277, 280, 281, 282, 283, 284, 285, 288, 289, 290, 291, 293, 294, 296, 297, 299]correct=217, total=300, accuracy=0.7233  | ./output/gridsearch/Qwen2.5-VL-7B-Instruct-mmvp-tokens4-lr0.001-sigma5.0-sigdecay0.9-steps15-topk10-conf
Data Idx with Correct Answer: [0, 2, 5, 6, 7, 8, 9, 10, 11, 12, 15, 17, 18, 19, 21, 22, 24, 25, 26, 27, 28, 29, 30, 33, 35, 36, 37, 38, 39, 40, 43, 44, 47, 49, 50, 51, 52, 55, 56, 57, 58, 60, 61, 63, 64, 65, 66, 67, 68, 70, 72, 73, 74, 76, 79, 80, 83, 85, 86, 87, 88, 89, 90, 92, 93, 94, 95, 96, 97, 98, 101, 102, 103, 105, 106, 107, 109, 111, 112, 113, 116, 117, 120, 121, 122, 123, 125, 126, 128, 130, 132, 134, 135, 136, 137, 138, 139, 141, 142, 143, 144, 147, 148, 149, 151, 152, 153, 154, 157, 158, 159, 161, 163, 164, 165, 167, 169, 170, 171, 172, 174, 175, 176, 179, 180, 181, 183, 184, 187, 188, 189, 190, 192, 193, 194, 196, 197, 198, 200, 201, 202, 203, 204, 205, 206, 207, 208, 209, 210, 211, 212, 213, 215, 216, 217, 218, 219, 220, 221, 222, 223, 225, 226, 228, 229, 230, 232, 233, 235, 237, 238, 239, 240, 242, 243, 244, 245, 246, 248, 249, 251, 252, 253, 255, 256, 257, 259, 260, 261, 262, 263, 264, 265, 266, 267, 268, 269, 270, 273, 274, 276, 277, 280, 281, 282, 284, 285, 286, 288, 289, 290, 291, 292, 294, 296, 297, 299]correct=217, total=300, accuracy=0.7233  | ./output/gridsearch/Qwen2.5-VL-7B-Instruct-mmvp-tokens4-lr0.01-sigma0.1-sigdecay0.9-steps10-topk5-conf
Data Idx with Correct Answer: [0, 2, 5, 6, 7, 8, 9, 10, 11, 12, 15, 17, 18, 19, 21, 22, 23, 24, 25, 26, 27, 28, 29, 30, 33, 35, 36, 37, 38, 39, 40, 43, 44, 45, 47, 49, 50, 51, 52, 55, 57, 58, 60, 61, 63, 64, 65, 66, 67, 68, 70, 72, 73, 74, 76, 79, 80, 83, 85, 86, 87, 88, 89, 90, 92, 93, 94, 96, 97, 98, 101, 102, 103, 105, 106, 107, 109, 112, 113, 116, 117, 118, 119, 120, 121, 122, 123, 124, 125, 126, 128, 130, 132, 134, 135, 136, 137, 138, 139, 140, 141, 143, 144, 147, 148, 149, 151, 152, 153, 154, 157, 158, 161, 163, 164, 165, 167, 169, 170, 171, 172, 174, 175, 176, 179, 180, 181, 183, 184, 187, 188, 189, 190, 192, 193, 194, 196, 197, 198, 200, 201, 202, 203, 204, 205, 206, 207, 208, 209, 210, 211, 212, 213, 214, 215, 216, 217, 219, 220, 221, 222, 223, 225, 226, 228, 229, 230, 232, 233, 235, 236, 237, 238, 240, 242, 243, 244, 245, 246, 248, 249, 251, 252, 253, 255, 256, 257, 259, 260, 261, 262, 263, 264, 265, 267, 268, 269, 270, 273, 274, 276, 277, 280, 281, 282, 283, 284, 285, 288, 289, 291, 292, 294, 295, 296, 297, 299]correct=217, total=300, accuracy=0.7233  | ./output/gridsearch/Qwen2.5-VL-7B-Instruct-mmvp-tokens4-lr0.05-sigma1.0-sigdecay0.95-steps10-topk10-conf
Data Idx with Correct Answer: [0, 2, 5, 6, 7, 8, 9, 10, 11, 12, 15, 16, 17, 18, 19, 21, 22, 23, 24, 25, 26, 27, 28, 29, 30, 33, 35, 36, 37, 38, 39, 40, 43, 44, 46, 47, 49, 50, 51, 52, 55, 56, 57, 58, 60, 61, 63, 64, 65, 66, 67, 68, 70, 73, 74, 76, 79, 80, 83, 85, 86, 87, 88, 89, 90, 92, 93, 94, 96, 97, 98, 101, 102, 103, 105, 107, 109, 111, 112, 113, 117, 118, 120, 121, 122, 123, 124, 125, 126, 128, 130, 132, 134, 135, 136, 137, 138, 139, 140, 141, 143, 147, 148, 149, 151, 152, 153, 154, 156, 157, 158, 159, 161, 163, 164, 165, 167, 169, 170, 171, 172, 173, 174, 175, 176, 179, 180, 181, 183, 184, 187, 188, 189, 190, 191, 192, 193, 194, 196, 197, 198, 200, 201, 202, 203, 204, 205, 206, 207, 208, 209, 210, 211, 212, 213, 216, 217, 218, 219, 221, 222, 223, 225, 226, 228, 229, 230, 232, 233, 235, 236, 237, 238, 240, 243, 244, 245, 246, 247, 248, 249, 251, 252, 253, 255, 256, 257, 260, 261, 262, 263, 264, 265, 266, 267, 268, 269, 270, 273, 274, 276, 277, 280, 281, 282, 284, 285, 288, 289, 290, 291, 292, 294, 295, 296, 297, 299]correct=217, total=300, accuracy=0.7233  | ./output/gridsearch/Qwen2.5-VL-7B-Instruct-mmvp-tokens2-lr0.001-sigma0.1-sigdecay0.95-steps15-topk5-conf
Data Idx with Correct Answer: [0, 2, 5, 6, 7, 8, 9, 10, 11, 12, 15, 16, 17, 18, 19, 21, 22, 23, 24, 25, 26, 27, 28, 29, 30, 32, 35, 36, 37, 38, 39, 40, 43, 44, 45, 49, 50, 51, 52, 54, 55, 56, 57, 58, 60, 61, 63, 64, 65, 66, 67, 68, 70, 73, 74, 76, 78, 80, 83, 85, 87, 88, 89, 90, 92, 93, 94, 96, 97, 98, 101, 102, 103, 105, 106, 107, 109, 111, 112, 113, 116, 117, 118, 119, 120, 121, 122, 123, 124, 125, 126, 129, 130, 132, 133, 135, 136, 137, 138, 139, 140, 141, 143, 144, 147, 148, 149, 151, 152, 153, 154, 157, 158, 159, 160, 161, 163, 164, 165, 167, 169, 171, 173, 174, 175, 176, 179, 180, 181, 183, 184, 187, 188, 189, 190, 191, 192, 193, 194, 196, 197, 198, 201, 202, 203, 204, 205, 206, 207, 208, 209, 210, 211, 212, 213, 214, 217, 218, 219, 220, 221, 222, 223, 225, 226, 228, 230, 232, 233, 235, 236, 237, 238, 242, 243, 244, 245, 246, 247, 248, 249, 251, 252, 253, 255, 256, 257, 259, 260, 261, 262, 263, 264, 265, 267, 268, 269, 270, 273, 274, 276, 277, 280, 281, 282, 284, 285, 286, 288, 289, 290, 291, 292, 294, 296, 297, 299]correct=217, total=300, accuracy=0.7233  | ./output/gridsearch/Qwen2.5-VL-7B-Instruct-mmvp-tokens2-lr0.001-sigma0.1-sigdecay0.9-steps10-topk10-conf
Data Idx with Correct Answer: [0, 2, 3, 5, 6, 7, 8, 9, 10, 11, 12, 15, 16, 17, 18, 21, 23, 24, 25, 26, 27, 28, 29, 30, 33, 35, 36, 37, 38, 39, 40, 43, 44, 45, 49, 50, 51, 52, 54, 55, 58, 60, 61, 63, 64, 65, 66, 67, 68, 72, 73, 74, 76, 78, 79, 80, 83, 85, 87, 88, 89, 90, 91, 92, 93, 94, 96, 97, 98, 101, 102, 103, 105, 107, 109, 111, 112, 113, 114, 116, 117, 118, 120, 121, 122, 123, 125, 126, 129, 130, 131, 132, 133, 134, 135, 136, 137, 138, 139, 140, 141, 142, 143, 144, 147, 148, 149, 151, 152, 153, 154, 156, 157, 158, 159, 160, 163, 167, 169, 170, 171, 172, 173, 174, 175, 176, 179, 180, 181, 183, 184, 187, 188, 189, 190, 192, 193, 194, 196, 197, 198, 200, 201, 202, 203, 204, 205, 206, 207, 208, 209, 210, 211, 212, 213, 216, 217, 218, 219, 220, 221, 222, 223, 225, 226, 228, 230, 232, 233, 234, 235, 236, 237, 238, 240, 243, 244, 245, 246, 248, 249, 251, 252, 253, 255, 256, 257, 259, 260, 261, 262, 263, 264, 266, 267, 268, 269, 270, 273, 274, 276, 277, 280, 281, 282, 284, 285, 286, 288, 289, 290, 292, 294, 295, 296, 297, 299]correct=217, total=300, accuracy=0.7233  | ./output/gridsearch/Qwen2.5-VL-7B-Instruct-mmvp-tokens2-lr0.01-sigma5.0-sigdecay0.95-steps15-topk10-conf
Data Idx with Correct Answer: [0, 2, 5, 6, 7, 8, 9, 10, 11, 12, 15, 17, 18, 19, 21, 23, 24, 25, 26, 27, 28, 29, 30, 33, 35, 36, 37, 38, 39, 40, 43, 44, 45, 47, 49, 50, 51, 52, 55, 56, 57, 58, 60, 61, 63, 64, 65, 66, 67, 68, 69, 70, 73, 74, 76, 78, 79, 80, 83, 85, 86, 87, 88, 89, 90, 92, 93, 96, 97, 98, 101, 102, 103, 105, 107, 109, 111, 112, 113, 114, 115, 116, 117, 118, 119, 120, 121, 122, 123, 125, 126, 128, 130, 132, 133, 134, 135, 136, 137, 138, 139, 140, 141, 143, 144, 147, 148, 149, 150, 151, 152, 153, 154, 157, 160, 161, 162, 163, 164, 165, 167, 169, 170, 171, 172, 174, 175, 179, 180, 181, 183, 184, 187, 188, 189, 190, 192, 193, 194, 196, 197, 198, 200, 201, 202, 203, 204, 205, 206, 207, 208, 209, 210, 211, 212, 213, 217, 218, 219, 221, 222, 223, 225, 226, 228, 229, 230, 232, 233, 235, 237, 238, 240, 242, 243, 244, 245, 246, 248, 249, 251, 252, 255, 256, 257, 259, 260, 261, 262, 263, 264, 265, 267, 268, 269, 270, 273, 274, 276, 277, 280, 281, 282, 283, 284, 285, 286, 289, 290, 291, 292, 294, 295, 296, 297, 299]correct=216, total=300, accuracy=0.7200  | ./output/gridsearch/Qwen2.5-VL-7B-Instruct-mmvp-tokens6-lr0.05-sigma5.0-sigdecay0.95-steps10-topk5-conf
Data Idx with Correct Answer: [0, 2, 5, 6, 7, 8, 9, 10, 11, 12, 15, 17, 18, 19, 21, 22, 23, 24, 25, 26, 27, 28, 29, 30, 33, 35, 36, 37, 38, 39, 40, 43, 44, 45, 47, 49, 50, 51, 52, 54, 55, 56, 57, 58, 60, 61, 64, 65, 66, 67, 68, 70, 72, 73, 74, 76, 79, 80, 83, 85, 87, 88, 89, 90, 92, 93, 94, 96, 97, 98, 101, 102, 103, 105, 106, 107, 109, 111, 112, 113, 114, 116, 117, 118, 119, 120, 121, 122, 123, 125, 126, 128, 130, 132, 133, 134, 136, 137, 138, 139, 140, 141, 143, 147, 148, 151, 152, 153, 154, 158, 159, 160, 162, 163, 164, 165, 167, 169, 170, 171, 172, 174, 175, 176, 179, 180, 181, 183, 184, 187, 188, 189, 190, 192, 193, 194, 196, 197, 198, 200, 201, 202, 203, 204, 205, 206, 207, 208, 209, 210, 211, 212, 213, 215, 216, 217, 219, 220, 222, 223, 225, 226, 228, 229, 230, 232, 233, 234, 235, 237, 238, 240, 242, 243, 244, 245, 246, 248, 249, 251, 252, 253, 255, 256, 257, 259, 260, 261, 262, 263, 264, 267, 268, 269, 270, 273, 274, 276, 277, 280, 281, 282, 283, 284, 285, 286, 288, 289, 290, 291, 292, 294, 295, 296, 297, 299]correct=216, total=300, accuracy=0.7200  | ./output/gridsearch/Qwen2.5-VL-7B-Instruct-mmvp-tokens4-lr0.01-sigma1.0-sigdecay0.95-steps15-topk5-conf
Data Idx with Correct Answer: [0, 2, 5, 6, 7, 8, 9, 10, 11, 12, 15, 16, 17, 18, 21, 23, 24, 25, 26, 27, 28, 29, 30, 33, 35, 36, 37, 38, 39, 40, 43, 44, 47, 49, 50, 51, 52, 55, 56, 57, 58, 60, 61, 64, 65, 66, 67, 68, 70, 72, 73, 74, 76, 78, 79, 80, 83, 85, 86, 87, 88, 89, 90, 91, 92, 93, 94, 96, 97, 98, 101, 102, 103, 105, 106, 107, 108, 109, 112, 113, 114, 116, 117, 118, 119, 120, 121, 122, 123, 125, 126, 129, 130, 132, 133, 134, 135, 136, 137, 138, 139, 141, 143, 147, 148, 149, 151, 152, 153, 154, 156, 157, 158, 159, 163, 164, 167, 169, 170, 171, 172, 174, 175, 176, 179, 180, 181, 183, 184, 187, 188, 189, 190, 191, 192, 193, 194, 196, 197, 198, 200, 201, 202, 203, 204, 205, 206, 207, 208, 209, 210, 211, 212, 213, 214, 215, 216, 217, 218, 219, 220, 221, 222, 223, 225, 226, 228, 229, 230, 232, 233, 234, 235, 237, 238, 240, 243, 244, 245, 246, 248, 249, 251, 252, 253, 255, 256, 257, 259, 260, 261, 262, 263, 264, 267, 268, 269, 270, 273, 274, 276, 277, 280, 281, 282, 284, 286, 288, 289, 291, 292, 294, 295, 296, 297, 299]correct=216, total=300, accuracy=0.7200  | ./output/gridsearch/Qwen2.5-VL-7B-Instruct-mmvp-tokens4-lr0.005-sigma1.0-sigdecay0.9-steps10-topk10-conf
Data Idx with Correct Answer: [0, 2, 5, 6, 7, 8, 9, 10, 11, 12, 15, 16, 17, 18, 21, 22, 24, 25, 26, 27, 28, 29, 30, 35, 36, 37, 38, 39, 40, 43, 44, 45, 49, 50, 51, 52, 54, 55, 56, 57, 58, 60, 61, 63, 64, 65, 66, 67, 68, 70, 72, 73, 74, 76, 78, 79, 80, 83, 85, 86, 87, 88, 89, 90, 92, 93, 94, 95, 96, 97, 98, 101, 102, 103, 104, 105, 107, 109, 111, 112, 113, 116, 118, 120, 121, 122, 123, 124, 125, 126, 129, 130, 132, 133, 134, 135, 136, 137, 138, 139, 140, 141, 142, 143, 145, 147, 148, 149, 151, 152, 153, 154, 158, 159, 162, 163, 165, 167, 169, 170, 171, 172, 173, 174, 175, 176, 179, 180, 181, 183, 184, 187, 188, 189, 190, 192, 193, 194, 196, 197, 198, 200, 202, 203, 204, 205, 206, 207, 208, 209, 210, 211, 212, 213, 216, 217, 218, 219, 221, 222, 223, 225, 226, 228, 230, 232, 233, 234, 235, 237, 238, 240, 243, 244, 245, 246, 247, 248, 249, 250, 251, 252, 253, 255, 257, 259, 260, 261, 262, 263, 264, 267, 268, 269, 270, 273, 274, 276, 277, 280, 281, 282, 283, 284, 286, 287, 288, 289, 290, 291, 292, 294, 295, 296, 297, 299]correct=216, total=300, accuracy=0.7200  | ./output/gridsearch/Qwen2.5-VL-7B-Instruct-mmvp-tokens2-lr0.005-sigma5.0-sigdecay0.95-steps10-topk5-conf
Data Idx with Correct Answer: [0, 2, 5, 6, 7, 8, 9, 10, 11, 12, 15, 16, 17, 18, 21, 22, 23, 24, 25, 26, 27, 28, 29, 30, 33, 35, 36, 37, 38, 39, 40, 43, 44, 47, 49, 50, 51, 52, 54, 55, 56, 58, 60, 61, 63, 64, 65, 66, 67, 68, 70, 72, 73, 74, 76, 79, 80, 83, 85, 87, 88, 89, 90, 91, 92, 93, 94, 95, 96, 97, 98, 101, 102, 103, 105, 106, 107, 109, 111, 112, 113, 116, 117, 118, 119, 120, 121, 122, 123, 124, 125, 126, 128, 130, 132, 133, 134, 135, 136, 137, 138, 139, 140, 141, 142, 143, 144, 147, 149, 151, 152, 153, 154, 158, 159, 161, 163, 164, 165, 167, 169, 170, 171, 172, 173, 174, 175, 176, 180, 181, 184, 187, 188, 189, 190, 191, 192, 193, 196, 197, 198, 200, 201, 202, 203, 204, 205, 206, 207, 208, 209, 210, 211, 212, 213, 217, 218, 219, 221, 222, 223, 225, 226, 228, 230, 232, 233, 234, 235, 236, 237, 238, 240, 242, 243, 244, 245, 246, 248, 249, 250, 251, 252, 253, 255, 256, 257, 259, 260, 261, 262, 263, 264, 265, 267, 268, 269, 270, 273, 274, 276, 277, 280, 281, 282, 284, 285, 288, 289, 290, 291, 292, 294, 296, 297, 299]correct=216, total=300, accuracy=0.7200  | ./output/gridsearch/Qwen2.5-VL-7B-Instruct-mmvp-tokens2-lr0.05-sigma5.0-sigdecay0.95-steps10-topk10-conf
Data Idx with Correct Answer: [0, 2, 5, 6, 7, 8, 9, 10, 11, 12, 15, 16, 17, 18, 19, 21, 23, 24, 25, 26, 27, 28, 29, 30, 33, 35, 36, 37, 38, 39, 40, 43, 44, 45, 49, 50, 51, 52, 55, 56, 58, 60, 61, 63, 64, 65, 66, 67, 68, 70, 72, 73, 74, 76, 78, 79, 80, 85, 86, 87, 88, 89, 90, 91, 92, 93, 94, 96, 97, 98, 101, 102, 103, 105, 106, 107, 109, 111, 112, 113, 116, 117, 118, 119, 120, 121, 122, 123, 125, 126, 130, 132, 133, 134, 135, 136, 137, 138, 139, 140, 141, 143, 147, 148, 149, 150, 151, 152, 153, 154, 156, 157, 159, 163, 164, 167, 169, 170, 171, 172, 174, 175, 176, 179, 180, 181, 183, 184, 187, 188, 189, 190, 192, 193, 194, 196, 197, 198, 200, 201, 202, 203, 204, 205, 206, 207, 208, 209, 210, 211, 212, 213, 216, 217, 218, 219, 220, 221, 222, 223, 225, 226, 228, 229, 230, 232, 233, 234, 235, 237, 238, 240, 243, 244, 245, 246, 247, 248, 249, 251, 252, 253, 255, 256, 257, 259, 260, 261, 262, 263, 264, 265, 267, 268, 269, 270, 273, 274, 276, 277, 280, 281, 282, 284, 285, 286, 288, 289, 290, 291, 292, 294, 295, 296, 297, 299]correct=216, total=300, accuracy=0.7200  | ./output/gridsearch/Qwen2.5-VL-7B-Instruct-mmvp-tokens4-lr0.01-sigma1.0-sigdecay0.9-steps10-topk10-conf
Data Idx with Correct Answer: [0, 2, 5, 6, 7, 8, 9, 10, 11, 12, 15, 16, 17, 18, 19, 21, 23, 24, 25, 26, 27, 28, 29, 30, 33, 35, 36, 37, 38, 39, 40, 43, 44, 45, 47, 49, 50, 51, 52, 55, 56, 57, 58, 60, 61, 63, 64, 65, 66, 67, 68, 72, 73, 74, 76, 79, 80, 83, 84, 85, 86, 87, 88, 89, 90, 92, 93, 94, 96, 97, 98, 101, 102, 103, 105, 106, 107, 109, 111, 112, 113, 116, 117, 118, 119, 120, 121, 122, 123, 124, 125, 126, 129, 130, 132, 133, 134, 135, 136, 137, 138, 139, 140, 141, 143, 145, 147, 148, 149, 151, 152, 153, 154, 157, 158, 163, 164, 167, 169, 170, 171, 172, 174, 175, 176, 179, 180, 181, 183, 184, 187, 188, 189, 190, 192, 193, 194, 196, 197, 198, 200, 201, 202, 203, 204, 205, 206, 207, 208, 209, 210, 211, 212, 213, 216, 217, 218, 219, 220, 221, 222, 223, 225, 226, 228, 229, 230, 232, 233, 234, 235, 237, 238, 240, 242, 243, 244, 245, 246, 247, 248, 249, 251, 252, 255, 256, 257, 259, 260, 261, 262, 263, 264, 267, 268, 269, 270, 273, 274, 276, 277, 280, 281, 282, 284, 285, 286, 288, 289, 290, 291, 294, 295, 296, 297, 299]correct=216, total=300, accuracy=0.7200  | ./output/gridsearch/Qwen2.5-VL-7B-Instruct-mmvp-tokens4-lr0.05-sigma5.0-sigdecay0.95-steps15-topk5-conf
Data Idx with Correct Answer: [0, 2, 5, 6, 7, 8, 9, 10, 11, 12, 15, 16, 17, 18, 19, 21, 23, 24, 25, 26, 27, 28, 29, 30, 33, 35, 36, 37, 38, 39, 40, 43, 44, 45, 47, 49, 50, 51, 52, 54, 55, 57, 58, 60, 61, 63, 64, 65, 66, 67, 68, 70, 72, 73, 74, 76, 79, 80, 83, 86, 87, 88, 89, 90, 91, 92, 93, 94, 95, 96, 97, 98, 101, 102, 103, 105, 107, 109, 112, 113, 114, 117, 119, 120, 121, 122, 123, 125, 126, 130, 132, 134, 135, 136, 137, 138, 140, 141, 142, 143, 144, 146, 147, 148, 149, 151, 152, 153, 154, 156, 160, 161, 163, 164, 167, 169, 170, 171, 172, 174, 175, 176, 179, 180, 181, 183, 184, 187, 188, 189, 190, 192, 193, 194, 196, 197, 198, 200, 201, 202, 203, 204, 205, 206, 207, 208, 209, 210, 211, 212, 213, 214, 216, 217, 218, 219, 220, 221, 222, 223, 225, 226, 228, 229, 230, 232, 233, 234, 235, 236, 237, 238, 240, 241, 243, 244, 245, 246, 248, 249, 251, 252, 253, 255, 256, 257, 259, 260, 261, 262, 263, 264, 267, 268, 269, 270, 273, 274, 276, 277, 280, 281, 282, 284, 285, 286, 288, 289, 290, 291, 292, 294, 295, 296, 297, 299]correct=216, total=300, accuracy=0.7200  | ./output/gridsearch/Qwen2.5-VL-7B-Instruct-mmvp-tokens4-lr0.01-sigma5.0-sigdecay0.95-steps10-topk10-conf
Data Idx with Correct Answer: [0, 2, 5, 6, 7, 8, 9, 10, 11, 12, 15, 16, 17, 18, 19, 21, 23, 24, 25, 26, 27, 28, 29, 30, 32, 33, 35, 36, 37, 38, 39, 40, 43, 44, 45, 49, 50, 51, 52, 55, 57, 58, 60, 61, 63, 64, 65, 66, 67, 68, 70, 73, 74, 76, 79, 80, 83, 84, 85, 86, 87, 88, 89, 90, 92, 93, 94, 95, 96, 97, 98, 101, 102, 103, 105, 106, 107, 109, 112, 113, 116, 117, 119, 120, 121, 122, 123, 125, 126, 128, 130, 133, 134, 135, 136, 137, 138, 139, 140, 141, 143, 147, 148, 149, 150, 151, 152, 153, 154, 157, 158, 159, 161, 162, 163, 165, 167, 169, 170, 171, 172, 173, 174, 175, 176, 179, 180, 181, 183, 184, 187, 188, 189, 190, 191, 192, 193, 194, 196, 197, 198, 200, 201, 202, 203, 204, 205, 206, 207, 208, 209, 210, 211, 212, 213, 214, 216, 217, 218, 219, 220, 221, 222, 223, 225, 226, 228, 230, 232, 233, 235, 237, 238, 240, 241, 243, 244, 245, 246, 247, 248, 249, 251, 252, 255, 256, 257, 259, 260, 261, 262, 263, 264, 265, 267, 268, 269, 270, 273, 274, 276, 277, 280, 281, 282, 284, 285, 288, 289, 290, 291, 292, 294, 296, 297, 299]correct=216, total=300, accuracy=0.7200  | ./output/gridsearch/Qwen2.5-VL-7B-Instruct-mmvp-tokens2-lr0.05-sigma0.1-sigdecay0.95-steps15-topk5-conf
Data Idx with Correct Answer: [0, 2, 5, 6, 7, 8, 9, 10, 11, 12, 15, 16, 17, 18, 19, 21, 22, 23, 24, 25, 26, 27, 28, 29, 30, 33, 35, 36, 37, 38, 39, 40, 43, 44, 45, 47, 49, 50, 51, 52, 55, 56, 57, 58, 60, 61, 63, 64, 65, 66, 67, 68, 70, 72, 73, 74, 76, 79, 80, 83, 85, 86, 87, 88, 89, 90, 91, 92, 93, 94, 96, 97, 98, 101, 102, 103, 105, 106, 107, 108, 109, 111, 112, 113, 116, 117, 118, 119, 120, 121, 122, 123, 125, 126, 130, 132, 134, 135, 136, 137, 138, 139, 140, 141, 142, 143, 144, 147, 148, 151, 152, 153, 154, 157, 158, 159, 161, 163, 164, 165, 167, 169, 170, 171, 172, 174, 175, 176, 180, 181, 183, 184, 187, 188, 189, 190, 193, 194, 196, 197, 198, 200, 201, 202, 203, 204, 205, 206, 207, 208, 209, 210, 211, 212, 213, 214, 215, 217, 218, 219, 221, 222, 223, 225, 226, 228, 229, 230, 232, 233, 235, 237, 238, 240, 241, 242, 243, 244, 245, 246, 248, 249, 251, 252, 253, 255, 256, 257, 259, 260, 261, 262, 263, 264, 265, 267, 268, 269, 270, 273, 274, 276, 277, 280, 281, 282, 284, 285, 288, 289, 291, 292, 294, 296, 297, 299]correct=216, total=300, accuracy=0.7200  | ./output/gridsearch/Qwen2.5-VL-7B-Instruct-mmvp-tokens4-lr0.05-sigma1.0-sigdecay0.95-steps15-topk10-conf
Data Idx with Correct Answer: [0, 2, 3, 5, 6, 7, 8, 9, 10, 11, 12, 15, 16, 17, 18, 21, 23, 24, 25, 26, 27, 28, 29, 30, 33, 35, 36, 37, 38, 39, 40, 43, 44, 49, 50, 51, 52, 54, 55, 56, 57, 58, 60, 61, 63, 64, 65, 66, 67, 68, 70, 72, 73, 74, 76, 78, 79, 80, 85, 86, 87, 88, 89, 90, 92, 93, 94, 95, 96, 97, 98, 101, 102, 103, 105, 107, 109, 111, 112, 113, 114, 116, 118, 120, 121, 122, 123, 124, 125, 126, 129, 130, 131, 132, 134, 136, 137, 138, 140, 141, 142, 143, 145, 147, 148, 149, 151, 152, 153, 154, 158, 159, 161, 162, 163, 165, 167, 169, 170, 171, 172, 173, 174, 175, 176, 179, 180, 181, 183, 184, 187, 188, 189, 190, 191, 192, 193, 194, 196, 197, 198, 200, 201, 202, 203, 204, 205, 206, 207, 208, 209, 210, 211, 212, 213, 216, 217, 218, 219, 220, 221, 222, 223, 225, 226, 228, 230, 232, 233, 234, 235, 236, 237, 238, 240, 243, 244, 245, 246, 247, 248, 249, 251, 252, 253, 255, 256, 257, 259, 260, 261, 262, 263, 264, 267, 268, 269, 270, 273, 274, 276, 277, 280, 281, 282, 284, 287, 288, 289, 291, 292, 294, 295, 296, 297, 299]correct=216, total=300, accuracy=0.7200  | ./output/gridsearch/Qwen2.5-VL-7B-Instruct-mmvp-tokens2-lr0.005-sigma5.0-sigdecay0.9-steps10-topk10-conf
Data Idx with Correct Answer: [0, 2, 3, 5, 6, 7, 8, 9, 10, 11, 12, 15, 16, 17, 18, 21, 23, 24, 25, 26, 27, 28, 29, 30, 33, 35, 36, 37, 38, 39, 40, 43, 44, 45, 47, 49, 50, 51, 52, 55, 58, 60, 61, 63, 64, 65, 66, 67, 68, 70, 73, 74, 76, 79, 80, 83, 85, 87, 88, 89, 90, 92, 93, 94, 95, 96, 97, 98, 101, 102, 103, 105, 107, 109, 111, 112, 113, 116, 118, 119, 120, 121, 122, 123, 124, 125, 126, 130, 132, 133, 134, 135, 136, 137, 138, 139, 140, 141, 143, 147, 148, 149, 151, 152, 153, 154, 157, 158, 159, 161, 163, 164, 165, 167, 169, 170, 171, 172, 173, 174, 175, 176, 179, 180, 181, 183, 184, 187, 188, 189, 190, 191, 192, 193, 194, 196, 197, 198, 200, 201, 202, 203, 204, 205, 206, 207, 208, 209, 210, 211, 212, 213, 216, 217, 218, 219, 220, 221, 222, 223, 225, 226, 228, 230, 232, 233, 234, 235, 236, 237, 238, 240, 241, 243, 244, 245, 246, 248, 249, 251, 252, 253, 255, 256, 257, 259, 260, 261, 262, 263, 264, 265, 266, 267, 268, 269, 270, 273, 274, 276, 277, 280, 281, 282, 283, 284, 285, 288, 289, 290, 292, 294, 295, 296, 297, 299]correct=216, total=300, accuracy=0.7200  | ./output/gridsearch/Qwen2.5-VL-7B-Instruct-mmvp-tokens2-lr0.01-sigma1.0-sigdecay0.9-steps15-topk5-conf
Data Idx with Correct Answer: [0, 3, 5, 6, 7, 8, 9, 10, 11, 12, 15, 16, 17, 18, 21, 23, 24, 25, 26, 27, 28, 29, 30, 32, 35, 36, 37, 38, 39, 40, 43, 44, 45, 46, 49, 50, 51, 52, 54, 55, 57, 58, 60, 61, 63, 64, 65, 66, 67, 68, 69, 70, 71, 72, 73, 74, 76, 78, 79, 80, 85, 87, 88, 89, 90, 91, 92, 93, 94, 95, 96, 97, 98, 101, 102, 103, 105, 107, 109, 111, 112, 113, 115, 116, 117, 119, 120, 121, 122, 123, 125, 126, 130, 133, 135, 136, 137, 138, 139, 140, 141, 143, 145, 147, 148, 151, 152, 153, 154, 156, 157, 159, 163, 167, 169, 170, 171, 172, 174, 175, 176, 179, 180, 181, 183, 184, 185, 187, 188, 189, 190, 192, 193, 194, 196, 197, 198, 200, 201, 202, 203, 204, 205, 206, 207, 208, 209, 210, 211, 212, 213, 216, 217, 218, 220, 221, 222, 223, 225, 226, 228, 229, 230, 232, 233, 234, 235, 236, 237, 238, 240, 241, 244, 245, 246, 247, 248, 249, 251, 252, 253, 255, 256, 257, 260, 261, 262, 263, 264, 265, 266, 267, 268, 269, 270, 273, 274, 276, 277, 280, 281, 282, 283, 284, 286, 288, 289, 290, 291, 292, 293, 294, 296, 297, 299]correct=215, total=300, accuracy=0.7167  | ./output/gridsearch/Qwen2.5-VL-7B-Instruct-mmvp-tokens4-lr0.001-sigma1.0-sigdecay0.9-steps10-topk10-conf
Data Idx with Correct Answer: [0, 2, 5, 6, 7, 8, 9, 10, 11, 12, 15, 16, 17, 19, 21, 22, 23, 24, 25, 26, 27, 28, 29, 30, 33, 35, 36, 37, 38, 39, 40, 43, 44, 49, 50, 51, 52, 54, 55, 56, 57, 58, 60, 61, 63, 64, 65, 66, 67, 68, 72, 73, 74, 76, 78, 79, 80, 83, 85, 86, 87, 88, 89, 90, 92, 93, 94, 95, 96, 97, 98, 101, 102, 103, 105, 106, 107, 109, 111, 112, 113, 116, 118, 119, 120, 121, 122, 123, 124, 125, 126, 130, 132, 133, 134, 136, 137, 138, 139, 140, 141, 143, 144, 147, 148, 149, 151, 152, 153, 154, 157, 158, 159, 161, 163, 164, 167, 169, 170, 171, 172, 173, 174, 175, 176, 179, 180, 181, 183, 184, 187, 188, 189, 190, 192, 194, 196, 197, 198, 200, 201, 202, 203, 204, 205, 206, 207, 209, 210, 211, 212, 213, 214, 216, 217, 218, 219, 220, 221, 222, 223, 225, 226, 228, 230, 232, 233, 235, 236, 237, 238, 240, 242, 243, 244, 245, 246, 247, 248, 249, 251, 252, 253, 255, 256, 257, 259, 260, 261, 262, 263, 264, 265, 267, 268, 269, 270, 273, 274, 276, 277, 280, 281, 282, 284, 286, 288, 289, 290, 291, 292, 294, 296, 297, 299]correct=215, total=300, accuracy=0.7167  | ./output/gridsearch/Qwen2.5-VL-7B-Instruct-mmvp-tokens2-lr0.05-sigma1.0-sigdecay0.95-steps15-topk10-conf
Data Idx with Correct Answer: [0, 2, 5, 6, 7, 8, 9, 10, 11, 12, 15, 16, 17, 18, 19, 21, 23, 24, 25, 26, 27, 28, 29, 30, 32, 33, 35, 36, 37, 38, 39, 40, 43, 44, 47, 49, 50, 51, 52, 54, 55, 57, 58, 60, 61, 63, 64, 65, 66, 67, 68, 70, 72, 73, 74, 76, 78, 79, 80, 83, 86, 87, 88, 89, 90, 91, 92, 93, 95, 96, 97, 98, 101, 102, 103, 105, 107, 109, 111, 112, 113, 116, 117, 118, 119, 120, 121, 122, 123, 125, 126, 129, 130, 131, 132, 133, 134, 135, 136, 137, 139, 140, 141, 142, 143, 144, 147, 148, 149, 150, 151, 152, 153, 154, 158, 163, 167, 169, 170, 171, 172, 174, 175, 176, 179, 180, 181, 184, 187, 188, 189, 190, 191, 192, 193, 194, 196, 197, 198, 200, 201, 202, 203, 204, 205, 206, 207, 208, 209, 210, 211, 212, 213, 215, 216, 217, 218, 219, 220, 221, 222, 223, 225, 226, 228, 230, 232, 233, 234, 235, 237, 238, 240, 242, 243, 244, 245, 246, 248, 249, 251, 252, 253, 255, 256, 257, 259, 260, 261, 262, 263, 264, 266, 267, 268, 269, 270, 273, 274, 276, 277, 280, 281, 282, 284, 286, 288, 289, 290, 292, 294, 295, 296, 297, 299]correct=215, total=300, accuracy=0.7167  | ./output/gridsearch/Qwen2.5-VL-7B-Instruct-mmvp-tokens6-lr0.01-sigma5.0-sigdecay0.9-steps15-topk5-conf
Data Idx with Correct Answer: [0, 2, 5, 6, 7, 8, 9, 10, 11, 12, 15, 16, 17, 18, 19, 21, 22, 23, 24, 25, 26, 27, 28, 29, 30, 33, 35, 36, 37, 38, 39, 40, 43, 44, 45, 49, 50, 51, 52, 55, 56, 58, 60, 61, 64, 65, 66, 67, 68, 70, 72, 73, 74, 76, 78, 79, 80, 85, 86, 87, 88, 89, 90, 92, 93, 94, 96, 97, 98, 101, 102, 103, 105, 106, 107, 108, 109, 111, 112, 113, 114, 116, 117, 118, 119, 120, 121, 122, 123, 124, 125, 126, 130, 132, 133, 134, 136, 137, 138, 139, 140, 141, 143, 144, 147, 148, 150, 151, 152, 153, 154, 156, 158, 160, 163, 164, 167, 169, 171, 172, 174, 175, 176, 179, 180, 181, 183, 184, 187, 188, 189, 190, 191, 192, 193, 194, 196, 197, 198, 200, 201, 202, 203, 204, 205, 206, 207, 208, 209, 210, 211, 212, 213, 216, 217, 218, 219, 220, 221, 222, 223, 225, 226, 228, 229, 230, 232, 233, 234, 235, 236, 237, 238, 240, 243, 244, 245, 246, 248, 249, 251, 252, 253, 255, 256, 257, 259, 260, 261, 262, 263, 264, 267, 268, 269, 270, 273, 274, 276, 277, 280, 281, 283, 284, 285, 286, 288, 289, 290, 291, 292, 294, 296, 297, 299]correct=215, total=300, accuracy=0.7167  | ./output/gridsearch/Qwen2.5-VL-7B-Instruct-mmvp-tokens4-lr0.001-sigma0.1-sigdecay0.95-steps10-topk5-conf
Data Idx with Correct Answer: [0, 2, 5, 6, 7, 8, 9, 10, 11, 12, 15, 16, 17, 18, 19, 21, 22, 23, 24, 25, 26, 27, 28, 29, 30, 33, 35, 36, 37, 38, 39, 40, 43, 44, 45, 47, 49, 50, 51, 52, 55, 56, 57, 58, 60, 61, 63, 64, 65, 66, 67, 68, 70, 72, 73, 74, 76, 78, 79, 80, 83, 85, 87, 88, 89, 90, 92, 93, 94, 96, 97, 98, 101, 102, 103, 105, 107, 109, 111, 112, 113, 114, 116, 117, 118, 120, 121, 122, 123, 124, 125, 126, 130, 132, 135, 136, 137, 138, 139, 140, 141, 143, 147, 148, 149, 151, 152, 153, 154, 157, 158, 159, 161, 163, 167, 169, 170, 171, 172, 174, 175, 176, 179, 180, 181, 183, 184, 187, 188, 189, 190, 192, 193, 194, 196, 197, 198, 200, 201, 202, 203, 204, 205, 206, 207, 208, 209, 210, 211, 212, 213, 216, 217, 218, 219, 220, 221, 222, 223, 225, 226, 228, 230, 232, 233, 235, 237, 238, 240, 241, 243, 244, 245, 246, 248, 249, 251, 252, 253, 255, 256, 257, 259, 260, 261, 262, 263, 264, 266, 267, 268, 269, 270, 272, 273, 274, 276, 277, 280, 281, 282, 284, 285, 286, 287, 288, 289, 290, 291, 292, 294, 295, 296, 297, 299]correct=215, total=300, accuracy=0.7167  | ./output/gridsearch/Qwen2.5-VL-7B-Instruct-mmvp-tokens2-lr0.005-sigma0.1-sigdecay0.9-steps15-topk5-conf
Data Idx with Correct Answer: [0, 2, 5, 6, 7, 8, 9, 10, 11, 12, 15, 16, 17, 18, 19, 21, 22, 23, 24, 25, 26, 27, 28, 29, 30, 32, 33, 35, 36, 37, 38, 39, 40, 43, 44, 47, 49, 50, 51, 52, 55, 56, 57, 58, 60, 61, 63, 64, 65, 66, 67, 68, 70, 73, 74, 76, 79, 80, 83, 85, 87, 88, 89, 90, 92, 93, 94, 96, 97, 98, 101, 102, 103, 105, 107, 109, 111, 112, 113, 114, 116, 117, 120, 121, 122, 123, 124, 125, 126, 127, 128, 129, 130, 132, 133, 134, 136, 137, 139, 140, 141, 142, 143, 147, 148, 151, 152, 153, 154, 157, 158, 159, 161, 163, 165, 167, 169, 170, 171, 173, 174, 175, 176, 179, 180, 181, 183, 184, 187, 188, 189, 190, 191, 192, 193, 194, 196, 197, 198, 200, 201, 202, 203, 204, 205, 206, 207, 209, 210, 211, 212, 213, 214, 217, 218, 219, 220, 221, 222, 223, 225, 226, 228, 230, 232, 233, 235, 236, 237, 238, 240, 242, 243, 244, 245, 246, 247, 248, 249, 251, 252, 253, 255, 256, 257, 259, 260, 261, 262, 263, 264, 265, 267, 268, 269, 270, 273, 274, 276, 277, 280, 281, 282, 284, 285, 287, 288, 289, 290, 292, 294, 295, 296, 297, 299]correct=215, total=300, accuracy=0.7167  | ./output/gridsearch/Qwen2.5-VL-7B-Instruct-mmvp-tokens2-lr0.001-sigma0.1-sigdecay0.9-steps15-topk5-conf
Data Idx with Correct Answer: [0, 2, 3, 5, 6, 7, 8, 9, 10, 11, 12, 15, 17, 18, 19, 21, 23, 24, 25, 26, 27, 28, 29, 30, 35, 36, 37, 38, 39, 40, 43, 44, 45, 49, 50, 51, 52, 54, 55, 57, 58, 60, 61, 63, 64, 65, 66, 67, 68, 72, 73, 74, 76, 78, 79, 80, 85, 86, 87, 88, 89, 90, 91, 92, 93, 94, 95, 96, 97, 98, 101, 102, 103, 105, 107, 109, 111, 112, 113, 116, 118, 119, 120, 121, 122, 123, 124, 125, 126, 129, 130, 132, 133, 134, 136, 137, 138, 140, 141, 142, 143, 145, 147, 148, 149, 151, 152, 153, 154, 156, 158, 159, 161, 163, 165, 167, 169, 170, 171, 172, 173, 174, 175, 176, 179, 180, 181, 183, 184, 187, 188, 189, 190, 192, 193, 194, 196, 197, 198, 200, 201, 202, 203, 204, 205, 206, 207, 208, 209, 210, 211, 212, 213, 216, 217, 218, 219, 221, 222, 223, 225, 226, 228, 230, 232, 233, 234, 235, 236, 237, 238, 240, 244, 245, 246, 248, 249, 251, 252, 253, 255, 256, 257, 259, 260, 261, 262, 263, 264, 265, 267, 268, 269, 270, 273, 274, 276, 277, 280, 281, 282, 283, 284, 285, 286, 288, 289, 290, 291, 292, 294, 295, 296, 297, 299]correct=215, total=300, accuracy=0.7167  | ./output/gridsearch/Qwen2.5-VL-7B-Instruct-mmvp-tokens2-lr0.005-sigma5.0-sigdecay0.9-steps15-topk5-conf
Data Idx with Correct Answer: [0, 2, 3, 5, 6, 7, 8, 9, 10, 11, 12, 15, 16, 17, 18, 21, 23, 24, 25, 26, 27, 28, 29, 30, 35, 36, 37, 38, 39, 40, 43, 44, 45, 49, 50, 51, 52, 54, 55, 58, 60, 61, 63, 64, 65, 66, 67, 68, 70, 72, 73, 74, 76, 78, 79, 80, 83, 85, 87, 88, 89, 90, 91, 92, 93, 94, 96, 97, 98, 101, 102, 103, 105, 107, 109, 111, 112, 113, 114, 116, 117, 118, 119, 120, 121, 122, 123, 125, 126, 129, 130, 131, 132, 133, 134, 135, 136, 137, 138, 139, 140, 141, 142, 143, 147, 148, 149, 151, 152, 153, 154, 156, 158, 159, 161, 163, 167, 169, 170, 171, 172, 173, 174, 175, 176, 179, 180, 181, 183, 184, 187, 188, 189, 190, 192, 193, 194, 196, 197, 198, 200, 201, 202, 203, 204, 205, 206, 207, 208, 209, 210, 211, 212, 213, 216, 217, 218, 219, 220, 221, 222, 223, 225, 226, 228, 230, 232, 233, 234, 235, 237, 238, 240, 243, 244, 245, 246, 248, 249, 251, 252, 253, 255, 256, 257, 259, 260, 261, 262, 263, 264, 266, 267, 268, 269, 270, 273, 274, 276, 277, 280, 281, 282, 284, 285, 286, 289, 290, 291, 292, 294, 295, 296, 297, 299]correct=215, total=300, accuracy=0.7167  | ./output/gridsearch/Qwen2.5-VL-7B-Instruct-mmvp-tokens2-lr0.01-sigma5.0-sigdecay0.95-steps15-topk5-conf
Data Idx with Correct Answer: [0, 2, 3, 5, 6, 7, 8, 9, 10, 11, 12, 15, 16, 17, 18, 21, 22, 23, 24, 25, 26, 27, 28, 29, 30, 33, 35, 36, 37, 38, 39, 40, 43, 44, 47, 49, 50, 51, 52, 54, 55, 56, 58, 60, 61, 63, 64, 65, 66, 67, 68, 72, 73, 74, 76, 78, 79, 80, 85, 87, 88, 89, 90, 92, 93, 94, 96, 97, 98, 101, 102, 103, 105, 107, 109, 111, 112, 113, 116, 117, 119, 120, 121, 122, 123, 124, 125, 126, 129, 130, 132, 133, 134, 136, 137, 138, 139, 140, 141, 143, 144, 147, 148, 151, 152, 153, 154, 156, 157, 158, 159, 161, 163, 165, 167, 169, 170, 171, 173, 174, 175, 176, 180, 181, 183, 184, 187, 188, 189, 190, 191, 192, 193, 194, 196, 197, 198, 200, 201, 202, 203, 204, 205, 206, 207, 208, 209, 210, 211, 212, 213, 214, 217, 218, 219, 221, 222, 223, 225, 226, 228, 230, 232, 233, 235, 236, 237, 238, 240, 242, 243, 244, 245, 246, 247, 248, 249, 250, 251, 252, 253, 255, 256, 257, 259, 260, 261, 262, 263, 264, 265, 266, 267, 268, 269, 270, 273, 274, 276, 277, 280, 281, 282, 284, 286, 288, 289, 290, 291, 292, 294, 295, 296, 297, 299]correct=215, total=300, accuracy=0.7167  | ./output/gridsearch/Qwen2.5-VL-7B-Instruct-mmvp-tokens2-lr0.01-sigma1.0-sigdecay0.9-steps10-topk5-conf
Data Idx with Correct Answer: [0, 2, 5, 6, 7, 8, 9, 10, 11, 12, 15, 17, 18, 19, 21, 22, 23, 24, 25, 26, 27, 28, 29, 30, 32, 33, 35, 36, 37, 38, 39, 40, 43, 44, 47, 49, 50, 51, 52, 55, 57, 58, 60, 61, 63, 64, 65, 66, 67, 68, 70, 73, 74, 76, 80, 83, 85, 87, 88, 89, 90, 92, 93, 94, 95, 96, 97, 98, 101, 102, 103, 105, 106, 107, 109, 111, 112, 113, 116, 117, 118, 119, 120, 121, 122, 123, 124, 125, 126, 130, 132, 134, 135, 136, 137, 138, 139, 140, 141, 143, 144, 147, 148, 149, 151, 152, 153, 154, 157, 159, 161, 163, 164, 165, 167, 169, 170, 171, 172, 173, 174, 175, 176, 179, 180, 181, 183, 184, 187, 188, 189, 190, 193, 194, 196, 197, 198, 200, 201, 202, 203, 204, 205, 206, 207, 208, 209, 210, 211, 212, 213, 216, 217, 218, 219, 220, 221, 222, 223, 225, 226, 228, 230, 232, 233, 234, 235, 237, 238, 240, 241, 243, 244, 245, 246, 248, 249, 251, 252, 253, 255, 256, 257, 259, 260, 261, 262, 263, 264, 265, 266, 267, 268, 269, 270, 273, 274, 276, 277, 280, 281, 282, 284, 286, 287, 288, 289, 290, 292, 294, 295, 296, 297, 299]correct=214, total=300, accuracy=0.7133  | ./output/gridsearch/Qwen2.5-VL-7B-Instruct-mmvp-tokens2-lr0.01-sigma0.1-sigdecay0.95-steps15-topk5-conf
Data Idx with Correct Answer: [0, 2, 5, 6, 7, 8, 9, 10, 11, 12, 15, 16, 17, 19, 21, 23, 24, 25, 26, 27, 28, 29, 30, 33, 35, 36, 37, 38, 39, 40, 43, 44, 45, 46, 49, 50, 51, 52, 54, 55, 56, 57, 58, 60, 61, 63, 64, 65, 66, 67, 68, 70, 72, 73, 74, 76, 78, 79, 80, 83, 85, 87, 88, 89, 90, 92, 93, 94, 96, 97, 98, 101, 102, 103, 105, 106, 107, 109, 111, 112, 113, 114, 116, 118, 120, 121, 122, 123, 125, 126, 129, 130, 131, 132, 134, 136, 137, 138, 140, 141, 142, 143, 144, 147, 148, 149, 151, 152, 153, 154, 156, 158, 159, 163, 165, 167, 169, 170, 171, 172, 173, 174, 175, 176, 179, 180, 181, 183, 184, 187, 188, 189, 190, 191, 192, 193, 194, 196, 197, 198, 200, 201, 202, 203, 204, 205, 206, 207, 208, 209, 210, 211, 212, 213, 216, 217, 218, 219, 220, 221, 222, 223, 225, 226, 228, 230, 232, 233, 234, 235, 236, 237, 238, 243, 244, 245, 246, 247, 248, 249, 251, 252, 253, 255, 256, 257, 260, 261, 262, 263, 264, 267, 268, 269, 270, 273, 274, 276, 277, 280, 281, 282, 284, 285, 286, 289, 290, 291, 292, 294, 295, 296, 297, 299]correct=214, total=300, accuracy=0.7133  | ./output/gridsearch/Qwen2.5-VL-7B-Instruct-mmvp-tokens2-lr0.01-sigma5.0-sigdecay0.95-steps10-topk10-conf
Data Idx with Correct Answer: [0, 2, 5, 6, 7, 8, 9, 10, 11, 12, 15, 16, 17, 18, 21, 23, 24, 25, 26, 27, 28, 29, 30, 35, 36, 37, 38, 39, 40, 43, 44, 49, 50, 51, 52, 54, 55, 57, 58, 60, 61, 63, 64, 65, 66, 67, 68, 72, 73, 74, 76, 78, 79, 80, 83, 85, 87, 88, 89, 90, 91, 92, 93, 94, 95, 96, 97, 98, 101, 102, 103, 105, 107, 109, 111, 112, 113, 114, 116, 118, 120, 121, 122, 123, 125, 126, 129, 130, 132, 134, 135, 136, 137, 138, 141, 143, 145, 147, 148, 149, 151, 152, 153, 154, 156, 157, 158, 159, 161, 163, 164, 165, 167, 169, 170, 171, 172, 173, 174, 175, 176, 179, 180, 181, 183, 184, 187, 188, 189, 190, 191, 192, 193, 194, 196, 197, 198, 200, 201, 202, 203, 204, 205, 206, 207, 208, 209, 210, 211, 212, 213, 216, 217, 218, 219, 221, 222, 223, 225, 226, 228, 230, 232, 233, 234, 235, 236, 237, 238, 240, 241, 243, 244, 245, 246, 247, 248, 249, 250, 251, 252, 253, 255, 256, 257, 259, 260, 261, 262, 263, 264, 267, 268, 269, 270, 273, 274, 276, 277, 280, 281, 282, 284, 286, 288, 289, 290, 291, 292, 294, 295, 296, 297, 299]correct=214, total=300, accuracy=0.7133  | ./output/gridsearch/Qwen2.5-VL-7B-Instruct-mmvp-tokens2-lr0.01-sigma5.0-sigdecay0.95-steps10-topk5-conf
Data Idx with Correct Answer: [0, 2, 5, 6, 7, 8, 9, 10, 11, 12, 15, 16, 17, 18, 21, 23, 24, 25, 26, 27, 28, 29, 30, 35, 36, 37, 38, 39, 40, 43, 44, 45, 49, 50, 51, 52, 54, 55, 57, 58, 60, 61, 63, 64, 65, 66, 67, 68, 70, 72, 73, 74, 76, 79, 80, 83, 85, 86, 87, 88, 89, 90, 92, 93, 94, 95, 96, 97, 98, 101, 102, 103, 105, 107, 109, 111, 112, 113, 114, 115, 116, 118, 120, 121, 122, 123, 125, 126, 129, 130, 132, 134, 135, 136, 137, 138, 140, 141, 142, 143, 147, 148, 149, 151, 152, 153, 154, 158, 159, 160, 161, 162, 163, 165, 167, 169, 170, 171, 172, 173, 174, 175, 176, 179, 180, 181, 183, 184, 187, 188, 189, 190, 191, 192, 193, 194, 196, 197, 198, 201, 202, 203, 204, 205, 206, 207, 208, 209, 210, 211, 212, 213, 216, 217, 219, 221, 222, 223, 225, 226, 228, 230, 232, 233, 234, 235, 236, 237, 238, 240, 242, 243, 244, 245, 246, 247, 248, 249, 251, 252, 253, 254, 255, 257, 259, 260, 261, 262, 263, 264, 267, 268, 269, 270, 272, 273, 274, 276, 277, 280, 281, 282, 284, 286, 287, 289, 291, 292, 293, 294, 295, 296, 297, 299]correct=214, total=300, accuracy=0.7133  | ./output/gridsearch/Qwen2.5-VL-7B-Instruct-mmvp-tokens2-lr0.005-sigma5.0-sigdecay0.9-steps10-topk5-conf
Data Idx with Correct Answer: [0, 2, 5, 6, 7, 8, 9, 10, 11, 12, 15, 16, 17, 18, 21, 22, 23, 24, 25, 26, 27, 28, 29, 30, 35, 36, 37, 38, 39, 40, 43, 44, 45, 47, 49, 51, 52, 54, 55, 57, 58, 60, 61, 63, 64, 65, 66, 67, 68, 70, 72, 73, 74, 76, 79, 80, 85, 87, 88, 89, 90, 92, 93, 94, 95, 97, 98, 101, 102, 103, 105, 106, 107, 108, 109, 111, 112, 113, 116, 117, 119, 120, 121, 122, 123, 125, 126, 129, 130, 132, 133, 134, 135, 136, 137, 138, 141, 142, 143, 144, 147, 148, 149, 151, 152, 153, 154, 157, 158, 159, 160, 163, 167, 169, 170, 171, 174, 175, 176, 179, 180, 181, 183, 184, 187, 188, 189, 190, 191, 192, 194, 196, 197, 198, 200, 201, 202, 203, 204, 205, 206, 207, 208, 209, 210, 211, 212, 213, 214, 216, 217, 220, 221, 222, 223, 225, 226, 228, 229, 230, 232, 233, 234, 235, 237, 238, 240, 241, 242, 243, 244, 245, 246, 247, 248, 249, 250, 251, 252, 253, 255, 256, 257, 259, 260, 261, 262, 263, 264, 265, 267, 268, 269, 270, 272, 273, 274, 276, 277, 280, 281, 282, 283, 284, 286, 289, 290, 291, 292, 294, 295, 296, 297, 299]correct=214, total=300, accuracy=0.7133  | ./output/gridsearch/Qwen2.5-VL-7B-Instruct-mmvp-tokens4-lr0.001-sigma1.0-sigdecay0.95-steps15-topk5-conf
Data Idx with Correct Answer: [0, 2, 5, 6, 7, 8, 9, 10, 11, 12, 15, 16, 17, 18, 19, 22, 23, 24, 25, 26, 27, 28, 29, 30, 35, 36, 37, 38, 39, 40, 43, 44, 47, 49, 51, 52, 55, 57, 58, 60, 61, 63, 65, 66, 67, 68, 72, 73, 74, 76, 78, 79, 80, 83, 85, 86, 87, 88, 89, 90, 92, 93, 95, 96, 97, 98, 101, 102, 103, 104, 105, 107, 108, 109, 111, 112, 113, 116, 119, 120, 121, 122, 123, 125, 126, 128, 129, 130, 134, 135, 136, 137, 138, 139, 141, 143, 144, 147, 148, 151, 152, 153, 154, 157, 158, 159, 160, 162, 163, 164, 165, 167, 169, 171, 172, 174, 175, 176, 179, 180, 181, 183, 184, 187, 188, 189, 190, 192, 193, 194, 196, 197, 198, 200, 201, 202, 203, 204, 205, 206, 207, 208, 209, 210, 211, 212, 213, 214, 215, 216, 217, 218, 219, 220, 221, 222, 223, 225, 226, 228, 229, 230, 232, 233, 234, 235, 237, 238, 240, 242, 243, 244, 245, 246, 247, 248, 249, 251, 252, 253, 255, 256, 257, 259, 260, 261, 262, 263, 264, 265, 266, 267, 268, 270, 273, 274, 276, 277, 280, 281, 282, 284, 285, 287, 288, 289, 290, 291, 292, 294, 295, 296, 297, 299]correct=214, total=300, accuracy=0.7133  | ./output/gridsearch/Qwen2.5-VL-7B-Instruct-mmvp-tokens4-lr0.05-sigma0.1-sigdecay0.9-steps10-topk5-conf
Data Idx with Correct Answer: [0, 2, 5, 6, 7, 8, 9, 10, 11, 12, 15, 16, 17, 18, 19, 21, 23, 24, 25, 26, 27, 28, 29, 30, 35, 36, 37, 38, 39, 40, 43, 44, 45, 49, 50, 51, 52, 54, 55, 56, 58, 60, 61, 63, 64, 65, 66, 67, 68, 70, 72, 73, 74, 76, 79, 80, 83, 85, 87, 88, 89, 90, 92, 93, 94, 96, 97, 98, 101, 102, 103, 105, 107, 109, 111, 112, 113, 116, 118, 120, 121, 122, 123, 124, 125, 126, 130, 132, 133, 134, 135, 136, 137, 138, 139, 140, 141, 142, 143, 147, 148, 149, 151, 152, 153, 154, 157, 158, 159, 161, 163, 164, 165, 167, 169, 170, 171, 172, 174, 175, 176, 179, 180, 181, 183, 184, 187, 188, 189, 190, 191, 192, 193, 194, 196, 197, 198, 200, 201, 202, 203, 204, 205, 206, 207, 208, 209, 210, 211, 212, 213, 216, 217, 218, 219, 221, 222, 223, 225, 226, 228, 230, 232, 233, 235, 236, 237, 238, 240, 241, 243, 244, 245, 246, 247, 248, 249, 251, 252, 253, 255, 256, 257, 259, 260, 261, 262, 263, 264, 265, 267, 268, 269, 270, 273, 274, 276, 277, 280, 281, 282, 283, 284, 286, 287, 288, 289, 290, 291, 292, 294, 296, 297, 299]correct=214, total=300, accuracy=0.7133  | ./output/gridsearch/Qwen2.5-VL-7B-Instruct-mmvp-tokens2-lr0.05-sigma1.0-sigdecay0.9-steps10-topk10-conf
Data Idx with Correct Answer: [0, 2, 5, 6, 7, 8, 9, 10, 11, 12, 15, 16, 17, 18, 19, 21, 23, 24, 25, 26, 27, 28, 29, 30, 33, 35, 36, 37, 38, 39, 40, 43, 44, 49, 50, 51, 52, 55, 56, 58, 60, 61, 63, 64, 65, 66, 67, 68, 70, 72, 73, 74, 79, 80, 83, 85, 86, 87, 88, 89, 90, 91, 92, 93, 94, 96, 97, 98, 101, 102, 103, 105, 106, 107, 109, 111, 112, 113, 116, 117, 118, 119, 120, 121, 122, 123, 124, 125, 126, 128, 130, 132, 134, 135, 136, 137, 138, 139, 140, 141, 143, 147, 148, 149, 150, 151, 152, 153, 154, 157, 158, 160, 161, 163, 164, 167, 169, 170, 171, 172, 174, 175, 176, 179, 180, 181, 183, 184, 187, 188, 189, 190, 192, 193, 196, 197, 198, 200, 201, 202, 203, 204, 205, 206, 207, 208, 209, 210, 211, 212, 213, 215, 216, 217, 218, 219, 220, 221, 222, 223, 225, 226, 228, 229, 230, 232, 233, 235, 237, 238, 240, 242, 243, 244, 245, 246, 248, 249, 251, 252, 253, 255, 256, 257, 259, 260, 261, 262, 263, 264, 265, 267, 268, 269, 270, 273, 274, 276, 277, 280, 281, 282, 284, 285, 286, 288, 289, 291, 292, 294, 295, 296, 297, 299]correct=214, total=300, accuracy=0.7133  | ./output/gridsearch/Qwen2.5-VL-7B-Instruct-mmvp-tokens4-lr0.05-sigma5.0-sigdecay0.95-steps10-topk5-conf
Data Idx with Correct Answer: [0, 2, 5, 6, 7, 8, 9, 10, 11, 12, 15, 16, 17, 18, 19, 21, 23, 24, 25, 26, 27, 28, 29, 30, 32, 35, 36, 37, 38, 39, 40, 43, 44, 45, 49, 50, 51, 52, 54, 55, 56, 57, 58, 60, 61, 63, 64, 65, 66, 67, 68, 70, 72, 73, 74, 78, 79, 80, 83, 85, 86, 87, 88, 89, 90, 92, 93, 95, 96, 97, 98, 101, 102, 103, 105, 107, 109, 111, 112, 113, 116, 117, 118, 119, 120, 121, 122, 123, 125, 126, 129, 130, 132, 134, 135, 136, 137, 138, 139, 141, 143, 144, 145, 147, 148, 151, 152, 153, 154, 156, 157, 158, 159, 161, 163, 167, 169, 170, 171, 172, 174, 175, 176, 179, 180, 181, 183, 184, 187, 188, 189, 190, 192, 193, 194, 196, 197, 198, 200, 201, 202, 203, 204, 205, 206, 207, 209, 210, 211, 212, 213, 214, 215, 217, 219, 220, 221, 222, 223, 225, 226, 228, 230, 232, 233, 235, 237, 238, 240, 241, 242, 243, 244, 245, 246, 248, 249, 251, 252, 253, 255, 257, 259, 260, 261, 262, 263, 264, 265, 266, 267, 268, 269, 270, 273, 274, 276, 277, 280, 281, 282, 284, 285, 286, 287, 288, 289, 290, 292, 294, 295, 296, 297, 299]correct=214, total=300, accuracy=0.7133  | ./output/gridsearch/Qwen2.5-VL-7B-Instruct-mmvp-tokens2-lr0.05-sigma0.1-sigdecay0.9-steps10-topk5-conf
Data Idx with Correct Answer: [0, 2, 5, 6, 7, 8, 9, 10, 11, 12, 15, 16, 17, 18, 19, 21, 22, 23, 24, 25, 26, 27, 28, 29, 30, 35, 36, 37, 38, 39, 40, 43, 44, 45, 49, 50, 51, 52, 55, 57, 58, 60, 61, 63, 64, 65, 66, 67, 68, 70, 72, 73, 74, 76, 78, 79, 80, 83, 85, 87, 88, 89, 90, 92, 93, 94, 96, 97, 98, 101, 102, 103, 105, 106, 107, 109, 111, 112, 113, 116, 118, 119, 120, 121, 122, 123, 125, 126, 129, 130, 132, 134, 135, 136, 137, 138, 139, 140, 141, 143, 144, 147, 148, 149, 151, 152, 153, 154, 157, 158, 160, 161, 163, 164, 167, 169, 170, 171, 172, 174, 175, 176, 179, 180, 181, 183, 184, 187, 188, 189, 190, 192, 194, 196, 197, 198, 200, 201, 202, 203, 204, 205, 206, 207, 208, 209, 210, 211, 212, 213, 214, 216, 217, 218, 219, 220, 221, 222, 223, 225, 226, 228, 229, 230, 232, 233, 234, 235, 236, 237, 238, 240, 243, 244, 245, 246, 248, 249, 251, 252, 253, 255, 256, 257, 259, 260, 261, 262, 263, 264, 267, 268, 269, 270, 273, 274, 276, 277, 280, 281, 282, 283, 284, 286, 288, 289, 290, 291, 292, 294, 295, 296, 297, 299]correct=214, total=300, accuracy=0.7133  | ./output/gridsearch/Qwen2.5-VL-7B-Instruct-mmvp-tokens4-lr0.005-sigma1.0-sigdecay0.95-steps10-topk5-conf
Data Idx with Correct Answer: [0, 2, 5, 6, 7, 8, 9, 10, 11, 12, 15, 16, 17, 18, 19, 21, 22, 23, 24, 25, 26, 27, 28, 29, 30, 33, 35, 36, 37, 38, 39, 40, 43, 44, 45, 47, 49, 50, 51, 52, 54, 55, 58, 60, 61, 63, 64, 65, 66, 67, 68, 70, 72, 73, 74, 76, 78, 79, 80, 83, 85, 86, 87, 88, 89, 90, 91, 92, 93, 94, 96, 97, 98, 101, 102, 103, 105, 106, 107, 109, 111, 112, 113, 116, 119, 120, 121, 122, 123, 124, 125, 126, 130, 132, 133, 134, 135, 136, 137, 138, 139, 140, 141, 142, 143, 147, 148, 149, 151, 152, 153, 154, 157, 158, 159, 161, 163, 164, 167, 169, 170, 171, 173, 174, 175, 176, 179, 180, 181, 183, 184, 187, 188, 189, 190, 192, 193, 194, 196, 197, 198, 200, 201, 202, 203, 204, 205, 206, 207, 208, 209, 210, 211, 212, 213, 217, 218, 219, 221, 222, 223, 225, 226, 228, 229, 230, 232, 233, 234, 235, 237, 238, 240, 242, 243, 244, 245, 246, 248, 249, 251, 252, 253, 255, 256, 257, 259, 260, 261, 262, 263, 264, 266, 267, 268, 269, 270, 273, 274, 276, 277, 280, 281, 282, 284, 285, 287, 288, 289, 290, 294, 296, 297, 299]correct=214, total=300, accuracy=0.7133  | ./output/gridsearch/Qwen2.5-VL-7B-Instruct-mmvp-tokens2-lr0.05-sigma5.0-sigdecay0.9-steps15-topk10-conf
Data Idx with Correct Answer: [0, 2, 5, 6, 7, 8, 9, 10, 11, 12, 15, 16, 17, 18, 19, 21, 22, 23, 24, 25, 26, 27, 28, 29, 30, 33, 35, 36, 37, 38, 39, 40, 43, 44, 45, 47, 49, 50, 51, 52, 54, 55, 56, 58, 60, 61, 63, 64, 65, 66, 67, 68, 72, 73, 74, 76, 79, 80, 83, 85, 86, 87, 88, 89, 90, 92, 93, 96, 97, 98, 101, 102, 103, 105, 106, 107, 109, 111, 112, 113, 116, 117, 119, 120, 121, 122, 123, 125, 126, 130, 132, 134, 136, 137, 138, 139, 140, 141, 142, 143, 147, 148, 149, 151, 152, 153, 154, 157, 158, 159, 161, 162, 163, 164, 165, 167, 169, 170, 173, 174, 175, 176, 179, 180, 181, 183, 184, 187, 188, 189, 190, 192, 193, 194, 196, 197, 198, 200, 201, 202, 203, 204, 205, 206, 207, 208, 209, 210, 211, 212, 213, 214, 217, 218, 219, 220, 221, 222, 223, 225, 226, 228, 230, 232, 233, 234, 235, 236, 237, 238, 240, 241, 243, 244, 245, 246, 247, 248, 249, 251, 252, 253, 255, 256, 257, 260, 261, 262, 263, 264, 265, 266, 267, 268, 269, 270, 273, 274, 276, 277, 280, 281, 282, 284, 286, 287, 288, 289, 290, 292, 294, 296, 297, 299]correct=214, total=300, accuracy=0.7133  | ./output/gridsearch/Qwen2.5-VL-7B-Instruct-mmvp-tokens2-lr0.01-sigma0.1-sigdecay0.9-steps15-topk5-conf
Data Idx with Correct Answer: [0, 2, 3, 5, 6, 7, 8, 9, 10, 11, 12, 15, 17, 18, 19, 21, 22, 23, 24, 25, 26, 27, 28, 29, 30, 33, 35, 36, 37, 38, 39, 40, 43, 44, 45, 47, 49, 50, 51, 52, 55, 58, 60, 61, 63, 64, 65, 66, 67, 68, 70, 72, 73, 74, 76, 78, 79, 80, 83, 85, 86, 87, 88, 89, 90, 92, 93, 94, 96, 97, 98, 101, 102, 103, 105, 106, 107, 108, 109, 111, 112, 113, 117, 118, 119, 120, 121, 122, 124, 125, 126, 129, 130, 132, 133, 134, 135, 136, 137, 138, 139, 140, 141, 144, 147, 148, 151, 153, 154, 157, 158, 159, 161, 163, 164, 165, 167, 169, 170, 171, 172, 174, 175, 176, 179, 180, 181, 183, 184, 187, 188, 189, 190, 192, 193, 194, 196, 197, 198, 200, 201, 202, 203, 204, 205, 206, 207, 208, 209, 210, 211, 212, 213, 215, 216, 217, 219, 220, 221, 222, 223, 225, 226, 228, 229, 230, 232, 233, 235, 237, 238, 240, 243, 244, 245, 246, 247, 248, 249, 251, 252, 253, 255, 256, 257, 259, 260, 261, 262, 263, 264, 265, 267, 268, 269, 270, 273, 274, 276, 277, 280, 281, 282, 284, 285, 286, 288, 289, 291, 292, 294, 296, 297, 299]correct=214, total=300, accuracy=0.7133  | ./output/gridsearch/Qwen2.5-VL-7B-Instruct-mmvp-tokens4-lr0.05-sigma5.0-sigdecay0.9-steps15-topk10-conf
Data Idx with Correct Answer: [0, 2, 3, 5, 6, 7, 8, 9, 10, 11, 12, 15, 16, 17, 18, 21, 23, 24, 25, 26, 27, 28, 29, 30, 32, 33, 35, 36, 37, 38, 39, 40, 43, 44, 45, 49, 50, 51, 52, 54, 55, 56, 57, 58, 60, 61, 63, 64, 65, 66, 67, 68, 70, 72, 73, 74, 76, 78, 79, 80, 83, 85, 87, 88, 89, 90, 92, 93, 94, 96, 97, 98, 101, 102, 103, 105, 107, 109, 111, 112, 113, 116, 119, 120, 121, 122, 123, 125, 126, 129, 130, 132, 135, 136, 137, 138, 139, 140, 141, 142, 143, 147, 148, 149, 151, 152, 153, 154, 156, 158, 159, 161, 163, 164, 165, 167, 169, 170, 171, 172, 173, 174, 175, 176, 179, 180, 181, 183, 184, 187, 188, 189, 190, 191, 192, 193, 194, 196, 197, 198, 201, 202, 203, 204, 205, 206, 207, 208, 209, 210, 211, 212, 213, 217, 218, 219, 220, 221, 222, 223, 225, 226, 228, 230, 232, 233, 234, 235, 237, 238, 240, 241, 243, 244, 245, 246, 248, 249, 250, 251, 252, 253, 255, 256, 257, 260, 261, 262, 263, 264, 267, 268, 269, 270, 273, 274, 276, 277, 280, 281, 282, 283, 284, 285, 287, 288, 289, 290, 291, 292, 294, 296, 297, 299]correct=214, total=300, accuracy=0.7133  | ./output/gridsearch/Qwen2.5-VL-7B-Instruct-mmvp-tokens2-lr0.005-sigma1.0-sigdecay0.95-steps10-topk5-conf
Data Idx with Correct Answer: [0, 2, 3, 5, 6, 7, 8, 9, 10, 11, 12, 15, 16, 17, 18, 21, 22, 23, 24, 25, 26, 27, 28, 29, 30, 32, 33, 35, 36, 37, 38, 39, 40, 43, 44, 47, 49, 50, 51, 52, 54, 55, 57, 58, 60, 61, 63, 64, 65, 66, 67, 68, 70, 72, 73, 74, 76, 79, 80, 83, 85, 87, 88, 89, 90, 92, 93, 94, 95, 96, 97, 98, 101, 102, 103, 105, 107, 109, 111, 112, 113, 116, 117, 118, 119, 120, 121, 122, 123, 124, 125, 126, 130, 134, 135, 136, 137, 138, 139, 140, 141, 142, 143, 144, 147, 148, 151, 152, 153, 154, 158, 159, 163, 165, 167, 169, 170, 171, 173, 174, 175, 176, 179, 180, 181, 183, 184, 187, 188, 189, 190, 193, 194, 196, 197, 198, 200, 201, 202, 203, 204, 205, 206, 207, 208, 209, 210, 211, 212, 213, 217, 218, 219, 220, 221, 222, 223, 225, 226, 228, 230, 232, 233, 234, 235, 236, 237, 238, 240, 243, 244, 245, 246, 248, 249, 250, 251, 252, 253, 255, 256, 257, 259, 260, 261, 262, 263, 264, 265, 266, 267, 268, 269, 270, 273, 274, 276, 277, 280, 281, 282, 283, 284, 285, 288, 289, 290, 291, 292, 294, 295, 296, 297, 299]correct=214, total=300, accuracy=0.7133  | ./output/gridsearch/Qwen2.5-VL-7B-Instruct-mmvp-tokens2-lr0.005-sigma1.0-sigdecay0.9-steps15-topk5-conf
Data Idx with Correct Answer: [0, 2, 3, 5, 6, 7, 8, 9, 10, 11, 12, 15, 16, 17, 18, 20, 21, 23, 24, 25, 26, 27, 28, 29, 30, 32, 35, 36, 37, 38, 39, 40, 43, 44, 45, 49, 51, 52, 55, 57, 58, 60, 61, 63, 64, 65, 66, 67, 68, 70, 72, 73, 74, 76, 78, 79, 80, 81, 85, 87, 88, 89, 90, 92, 93, 95, 96, 97, 98, 101, 102, 103, 105, 107, 109, 111, 112, 113, 115, 116, 117, 118, 120, 121, 122, 123, 124, 125, 126, 129, 130, 132, 134, 135, 136, 137, 138, 139, 140, 141, 142, 143, 145, 147, 148, 149, 151, 152, 153, 154, 156, 157, 158, 159, 161, 163, 164, 167, 169, 170, 171, 172, 173, 174, 175, 176, 179, 180, 181, 183, 184, 187, 188, 189, 190, 192, 193, 194, 196, 197, 198, 200, 201, 202, 203, 204, 205, 206, 207, 209, 210, 211, 213, 214, 215, 217, 219, 221, 222, 223, 225, 226, 228, 230, 232, 233, 234, 235, 236, 237, 238, 240, 243, 244, 245, 246, 248, 249, 251, 252, 253, 255, 256, 257, 259, 260, 261, 262, 263, 264, 265, 267, 268, 269, 270, 273, 274, 276, 277, 280, 281, 282, 284, 285, 286, 287, 288, 289, 290, 292, 294, 296, 297, 299]correct=214, total=300, accuracy=0.7133  | ./output/gridsearch/Qwen2.5-VL-7B-Instruct-mmvp-tokens2-lr0.001-sigma1.0-sigdecay0.95-steps15-topk10-conf
Data Idx with Correct Answer: [0, 2, 3, 5, 6, 7, 8, 9, 10, 11, 12, 15, 16, 17, 18, 19, 21, 23, 24, 25, 26, 27, 28, 29, 30, 35, 36, 37, 38, 39, 40, 43, 44, 45, 47, 49, 50, 51, 52, 55, 58, 60, 61, 63, 64, 65, 66, 67, 68, 70, 72, 73, 74, 76, 78, 79, 80, 82, 83, 85, 86, 87, 88, 89, 90, 92, 93, 94, 95, 96, 97, 98, 102, 103, 105, 106, 107, 108, 109, 111, 112, 113, 115, 116, 118, 120, 121, 122, 123, 125, 126, 129, 130, 132, 134, 136, 137, 138, 139, 140, 141, 143, 147, 148, 149, 151, 153, 154, 156, 157, 159, 161, 163, 164, 167, 169, 170, 171, 172, 174, 175, 176, 179, 180, 181, 184, 187, 188, 189, 190, 192, 193, 194, 196, 197, 198, 200, 201, 202, 203, 204, 205, 206, 207, 208, 209, 210, 211, 212, 213, 216, 217, 218, 219, 221, 222, 223, 225, 226, 228, 230, 232, 233, 234, 235, 236, 237, 238, 239, 240, 243, 244, 245, 246, 247, 248, 249, 251, 252, 253, 255, 256, 257, 259, 260, 261, 262, 263, 264, 265, 267, 268, 269, 270, 273, 274, 276, 277, 280, 281, 282, 283, 284, 286, 288, 289, 290, 291, 292, 293, 294, 296, 297, 299]correct=214, total=300, accuracy=0.7133  | ./output/gridsearch/Qwen2.5-VL-7B-Instruct-mmvp-tokens6-lr0.005-sigma5.0-sigdecay0.9-steps10-topk10-conf
Data Idx with Correct Answer: [0, 5, 6, 7, 8, 9, 10, 11, 12, 15, 16, 17, 18, 19, 21, 23, 24, 25, 26, 27, 28, 29, 30, 32, 33, 35, 36, 37, 38, 39, 40, 43, 44, 45, 49, 50, 51, 52, 55, 56, 57, 58, 60, 61, 63, 64, 65, 66, 67, 68, 72, 73, 74, 76, 78, 79, 80, 83, 85, 87, 88, 89, 90, 92, 93, 94, 96, 97, 98, 101, 102, 103, 105, 106, 107, 109, 111, 112, 113, 116, 118, 120, 121, 122, 123, 125, 126, 129, 130, 132, 134, 136, 137, 138, 139, 140, 141, 142, 143, 144, 147, 148, 151, 152, 153, 154, 157, 158, 159, 161, 163, 164, 167, 169, 170, 171, 172, 173, 174, 175, 176, 179, 180, 181, 183, 184, 187, 188, 189, 190, 191, 192, 194, 196, 197, 198, 200, 201, 202, 203, 204, 205, 206, 207, 209, 210, 211, 212, 213, 216, 217, 218, 219, 220, 221, 222, 223, 225, 226, 228, 230, 232, 233, 235, 236, 237, 238, 240, 243, 244, 245, 246, 247, 248, 249, 251, 252, 253, 255, 256, 257, 259, 260, 261, 262, 263, 264, 265, 266, 267, 268, 269, 270, 273, 274, 276, 277, 280, 281, 282, 283, 284, 286, 287, 288, 289, 290, 292, 294, 295, 296, 297, 299]correct=213, total=300, accuracy=0.7100  | ./output/gridsearch/Qwen2.5-VL-7B-Instruct-mmvp-tokens2-lr0.01-sigma0.1-sigdecay0.95-steps10-topk5-conf
Data Idx with Correct Answer: [0, 3, 5, 6, 7, 8, 9, 10, 11, 12, 15, 16, 17, 18, 21, 23, 24, 25, 26, 27, 28, 29, 30, 35, 36, 37, 38, 39, 40, 43, 44, 46, 49, 51, 52, 55, 57, 58, 60, 61, 62, 63, 64, 65, 66, 67, 68, 69, 70, 72, 73, 74, 75, 76, 78, 79, 80, 87, 88, 89, 90, 92, 93, 95, 96, 97, 98, 101, 102, 103, 104, 105, 107, 108, 111, 112, 113, 114, 116, 117, 119, 120, 121, 122, 123, 125, 126, 129, 130, 132, 133, 135, 136, 137, 138, 139, 141, 142, 143, 144, 147, 148, 149, 150, 151, 153, 154, 158, 159, 160, 163, 164, 165, 167, 169, 170, 171, 172, 173, 174, 175, 176, 179, 180, 181, 183, 184, 187, 188, 189, 190, 191, 192, 193, 194, 196, 197, 198, 200, 201, 202, 203, 204, 205, 206, 207, 209, 210, 211, 212, 213, 214, 216, 217, 218, 221, 222, 223, 225, 226, 228, 230, 232, 233, 234, 235, 236, 237, 238, 239, 240, 243, 244, 245, 246, 247, 248, 250, 252, 253, 254, 255, 257, 260, 261, 262, 263, 264, 265, 266, 268, 269, 270, 271, 272, 273, 274, 276, 277, 280, 281, 282, 284, 286, 288, 289, 290, 291, 293, 294, 296, 297, 299]correct=213, total=300, accuracy=0.7100  | ./output/gridsearch/Qwen2.5-VL-7B-Instruct-mmvp-tokens6-lr0.001-sigma5.0-sigdecay0.9-steps15-topk5-conf
Data Idx with Correct Answer: [0, 3, 5, 6, 7, 8, 9, 10, 11, 12, 15, 16, 17, 18, 21, 22, 23, 24, 25, 26, 27, 28, 29, 30, 35, 36, 37, 38, 39, 40, 43, 44, 45, 49, 50, 51, 52, 55, 57, 58, 60, 61, 63, 64, 65, 66, 67, 68, 69, 72, 73, 74, 76, 78, 79, 80, 84, 85, 86, 87, 88, 89, 90, 91, 92, 93, 95, 96, 97, 98, 101, 102, 103, 104, 107, 109, 111, 112, 113, 116, 117, 118, 119, 120, 121, 122, 123, 124, 125, 126, 129, 130, 132, 133, 134, 135, 136, 137, 138, 139, 140, 141, 143, 144, 145, 147, 148, 149, 151, 153, 156, 157, 159, 163, 165, 167, 169, 170, 171, 172, 174, 175, 176, 179, 180, 181, 183, 184, 187, 188, 189, 190, 192, 193, 194, 196, 197, 198, 200, 201, 202, 203, 204, 205, 206, 207, 208, 209, 210, 211, 212, 213, 216, 217, 219, 220, 221, 222, 223, 225, 226, 228, 229, 230, 232, 233, 235, 236, 237, 238, 240, 244, 245, 246, 247, 248, 249, 250, 251, 252, 253, 255, 256, 257, 259, 260, 261, 262, 263, 264, 265, 267, 268, 269, 270, 273, 274, 276, 277, 280, 281, 282, 284, 286, 289, 290, 291, 293, 294, 295, 296, 297, 299]correct=213, total=300, accuracy=0.7100  | ./output/gridsearch/Qwen2.5-VL-7B-Instruct-mmvp-tokens2-lr0.001-sigma1.0-sigdecay0.95-steps10-topk5-conf
Data Idx with Correct Answer: [0, 2, 5, 6, 7, 8, 9, 10, 11, 12, 15, 17, 18, 19, 21, 23, 24, 25, 26, 27, 28, 29, 30, 33, 35, 36, 37, 38, 39, 40, 43, 44, 47, 49, 50, 51, 52, 55, 57, 58, 60, 61, 63, 64, 65, 66, 67, 68, 70, 72, 73, 74, 76, 79, 80, 83, 85, 86, 87, 88, 89, 90, 92, 93, 94, 96, 97, 98, 101, 102, 103, 105, 107, 108, 109, 111, 112, 113, 116, 117, 119, 120, 121, 122, 123, 124, 125, 126, 128, 130, 132, 133, 135, 136, 137, 138, 139, 140, 141, 143, 147, 148, 151, 152, 153, 154, 157, 158, 159, 161, 163, 164, 165, 167, 169, 170, 171, 172, 174, 175, 176, 179, 180, 181, 183, 184, 187, 188, 189, 190, 192, 193, 194, 196, 197, 198, 201, 202, 203, 204, 205, 206, 207, 208, 209, 210, 211, 212, 213, 214, 215, 217, 219, 221, 222, 223, 225, 226, 228, 229, 230, 232, 233, 235, 236, 237, 238, 240, 241, 242, 243, 244, 245, 246, 248, 249, 251, 252, 253, 255, 256, 257, 259, 260, 261, 262, 263, 264, 265, 267, 268, 269, 270, 273, 274, 276, 277, 280, 281, 282, 283, 284, 285, 286, 288, 289, 291, 292, 294, 295, 296, 297, 299]correct=213, total=300, accuracy=0.7100  | ./output/gridsearch/Qwen2.5-VL-7B-Instruct-mmvp-tokens4-lr0.05-sigma1.0-sigdecay0.9-steps10-topk10-conf
Data Idx with Correct Answer: [0, 2, 5, 6, 7, 8, 9, 10, 11, 12, 15, 17, 18, 19, 21, 23, 24, 25, 26, 27, 28, 29, 30, 33, 35, 36, 37, 38, 39, 40, 43, 44, 47, 49, 50, 51, 52, 54, 55, 57, 58, 60, 61, 63, 64, 65, 66, 67, 68, 70, 72, 73, 74, 76, 78, 79, 80, 85, 86, 87, 88, 89, 90, 91, 92, 93, 94, 96, 97, 98, 101, 102, 103, 105, 106, 107, 109, 111, 112, 113, 116, 117, 118, 119, 120, 121, 122, 123, 124, 125, 126, 129, 130, 132, 134, 135, 136, 137, 138, 139, 140, 141, 143, 147, 148, 149, 151, 152, 153, 154, 157, 159, 163, 164, 167, 169, 170, 171, 172, 174, 175, 176, 179, 180, 181, 183, 184, 187, 188, 189, 190, 192, 193, 194, 196, 197, 198, 200, 201, 202, 203, 204, 205, 206, 207, 208, 209, 210, 211, 212, 213, 214, 217, 218, 219, 220, 221, 222, 223, 225, 226, 228, 229, 230, 232, 233, 234, 235, 237, 238, 240, 242, 243, 244, 245, 246, 248, 249, 251, 252, 253, 255, 256, 257, 259, 260, 261, 262, 263, 264, 265, 267, 268, 269, 270, 273, 274, 276, 277, 280, 281, 282, 284, 288, 289, 290, 291, 292, 294, 295, 296, 297, 299]correct=213, total=300, accuracy=0.7100  | ./output/gridsearch/Qwen2.5-VL-7B-Instruct-mmvp-tokens4-lr0.01-sigma1.0-sigdecay0.95-steps10-topk5-conf
Data Idx with Correct Answer: [0, 2, 5, 6, 7, 8, 9, 10, 11, 12, 15, 17, 18, 19, 21, 23, 24, 25, 26, 27, 28, 29, 30, 32, 33, 35, 36, 37, 38, 39, 40, 43, 44, 45, 49, 50, 51, 52, 55, 57, 58, 60, 61, 63, 64, 65, 66, 67, 68, 70, 73, 74, 75, 76, 79, 80, 83, 85, 86, 87, 88, 89, 90, 92, 93, 94, 96, 97, 98, 101, 102, 103, 104, 105, 106, 107, 109, 111, 112, 113, 116, 117, 119, 120, 121, 122, 123, 125, 126, 128, 130, 133, 134, 135, 136, 137, 138, 139, 140, 141, 143, 147, 148, 149, 150, 151, 152, 153, 154, 157, 158, 159, 161, 162, 163, 165, 167, 169, 170, 171, 172, 173, 174, 175, 176, 180, 181, 183, 184, 187, 189, 190, 191, 192, 193, 194, 196, 197, 198, 200, 201, 202, 203, 204, 205, 206, 207, 208, 209, 210, 211, 212, 213, 214, 216, 217, 218, 219, 220, 221, 222, 223, 225, 226, 228, 230, 232, 233, 235, 236, 237, 238, 240, 241, 243, 244, 245, 246, 247, 248, 249, 251, 252, 255, 256, 257, 259, 260, 261, 262, 263, 264, 265, 267, 268, 269, 270, 273, 274, 276, 277, 280, 281, 282, 284, 285, 288, 289, 291, 294, 296, 297, 299]correct=213, total=300, accuracy=0.7100  | ./output/gridsearch/Qwen2.5-VL-7B-Instruct-mmvp-tokens2-lr0.05-sigma0.1-sigdecay0.9-steps15-topk5-conf
Data Idx with Correct Answer: [0, 2, 5, 6, 7, 8, 9, 10, 11, 12, 15, 16, 17, 21, 23, 24, 25, 26, 27, 28, 29, 30, 33, 35, 36, 37, 38, 39, 40, 43, 44, 46, 47, 49, 50, 51, 52, 54, 55, 56, 58, 60, 61, 63, 64, 65, 66, 67, 68, 70, 72, 73, 74, 79, 80, 83, 85, 87, 88, 89, 90, 91, 92, 93, 94, 96, 97, 98, 101, 102, 103, 105, 107, 109, 111, 112, 113, 116, 117, 118, 119, 120, 121, 122, 123, 125, 126, 130, 132, 134, 135, 136, 137, 138, 139, 140, 141, 142, 143, 144, 147, 148, 149, 151, 152, 153, 154, 156, 158, 159, 161, 163, 165, 167, 169, 170, 171, 172, 173, 174, 175, 176, 180, 181, 183, 184, 187, 188, 189, 190, 191, 193, 194, 196, 197, 198, 200, 201, 202, 203, 204, 205, 206, 207, 208, 209, 210, 211, 212, 213, 216, 217, 218, 219, 221, 222, 223, 225, 226, 228, 229, 230, 232, 233, 234, 235, 237, 238, 240, 242, 243, 244, 245, 246, 247, 248, 249, 251, 252, 253, 255, 256, 257, 259, 260, 261, 262, 263, 264, 265, 267, 268, 269, 270, 273, 274, 276, 277, 280, 281, 282, 284, 285, 286, 288, 289, 290, 292, 294, 295, 296, 297, 299]correct=213, total=300, accuracy=0.7100  | ./output/gridsearch/Qwen2.5-VL-7B-Instruct-mmvp-tokens2-lr0.05-sigma5.0-sigdecay0.9-steps10-topk5-conf
Data Idx with Correct Answer: [0, 2, 5, 6, 7, 8, 9, 10, 11, 12, 15, 16, 17, 19, 21, 23, 24, 25, 26, 27, 28, 29, 30, 35, 36, 37, 38, 39, 40, 43, 44, 45, 47, 49, 50, 51, 52, 54, 55, 56, 57, 58, 60, 61, 63, 64, 65, 66, 67, 68, 70, 73, 74, 76, 79, 80, 83, 85, 87, 88, 89, 90, 92, 93, 94, 96, 97, 98, 101, 102, 103, 105, 107, 109, 111, 112, 113, 116, 117, 118, 119, 120, 121, 122, 123, 124, 125, 126, 128, 130, 132, 133, 134, 135, 136, 137, 138, 139, 140, 141, 143, 144, 147, 148, 149, 151, 152, 153, 154, 157, 158, 159, 161, 163, 164, 165, 167, 169, 170, 171, 172, 173, 174, 175, 176, 179, 180, 181, 183, 184, 187, 188, 189, 190, 192, 193, 194, 196, 197, 198, 200, 201, 202, 203, 204, 205, 206, 207, 209, 210, 211, 212, 213, 217, 218, 219, 221, 222, 223, 225, 226, 228, 230, 232, 233, 235, 237, 238, 240, 241, 243, 244, 245, 246, 247, 248, 249, 251, 252, 253, 255, 256, 257, 260, 261, 262, 263, 264, 265, 267, 268, 269, 270, 272, 273, 274, 276, 277, 280, 281, 282, 283, 284, 286, 287, 288, 289, 290, 292, 294, 296, 297, 299]correct=213, total=300, accuracy=0.7100  | ./output/gridsearch/Qwen2.5-VL-7B-Instruct-mmvp-tokens2-lr0.05-sigma1.0-sigdecay0.95-steps10-topk10-conf
Data Idx with Correct Answer: [0, 2, 5, 6, 7, 8, 9, 10, 11, 12, 15, 16, 17, 19, 21, 23, 24, 25, 26, 27, 28, 29, 30, 33, 35, 36, 37, 38, 39, 40, 43, 44, 45, 47, 49, 50, 51, 52, 55, 57, 58, 60, 61, 63, 64, 65, 66, 67, 68, 70, 72, 73, 74, 76, 78, 79, 80, 85, 87, 88, 89, 90, 92, 93, 94, 96, 97, 98, 101, 102, 103, 105, 107, 109, 111, 112, 113, 116, 117, 118, 120, 121, 122, 123, 124, 125, 126, 129, 130, 132, 133, 134, 136, 137, 138, 139, 140, 141, 142, 143, 147, 151, 152, 153, 154, 157, 159, 161, 163, 164, 165, 167, 169, 170, 171, 172, 173, 174, 175, 176, 180, 181, 183, 184, 187, 188, 189, 190, 191, 192, 193, 194, 196, 197, 198, 200, 201, 202, 203, 204, 205, 206, 207, 208, 209, 210, 211, 212, 213, 216, 217, 219, 221, 222, 223, 225, 226, 228, 230, 232, 233, 234, 235, 236, 237, 238, 240, 241, 243, 244, 245, 246, 247, 248, 249, 251, 252, 253, 255, 256, 257, 259, 260, 261, 262, 263, 264, 265, 266, 267, 268, 269, 270, 273, 274, 276, 277, 280, 281, 282, 283, 284, 285, 286, 288, 289, 290, 292, 294, 295, 296, 297, 299]correct=213, total=300, accuracy=0.7100  | ./output/gridsearch/Qwen2.5-VL-7B-Instruct-mmvp-tokens2-lr0.01-sigma1.0-sigdecay0.9-steps15-topk10-conf
Data Idx with Correct Answer: [0, 2, 5, 6, 7, 8, 9, 10, 11, 12, 15, 16, 17, 18, 21, 23, 24, 25, 26, 27, 28, 29, 30, 35, 36, 37, 38, 39, 40, 43, 44, 45, 49, 50, 51, 52, 54, 55, 56, 58, 60, 61, 63, 64, 65, 66, 67, 68, 70, 72, 73, 74, 76, 79, 80, 83, 85, 87, 88, 89, 90, 91, 92, 93, 96, 97, 98, 101, 102, 103, 104, 105, 106, 107, 109, 111, 112, 113, 116, 118, 120, 121, 122, 123, 124, 125, 126, 130, 132, 134, 135, 136, 137, 138, 139, 140, 141, 142, 143, 144, 147, 148, 151, 152, 153, 154, 156, 158, 159, 160, 161, 163, 165, 167, 169, 170, 171, 172, 173, 174, 175, 176, 180, 181, 184, 187, 188, 189, 190, 191, 192, 194, 196, 197, 198, 200, 201, 202, 203, 204, 205, 206, 207, 208, 209, 210, 211, 212, 213, 217, 218, 219, 220, 221, 222, 223, 225, 226, 228, 230, 232, 233, 235, 236, 237, 238, 240, 243, 244, 245, 246, 247, 248, 249, 250, 251, 252, 253, 255, 256, 257, 259, 260, 261, 262, 263, 264, 265, 266, 267, 268, 269, 270, 273, 274, 276, 277, 280, 281, 282, 284, 285, 286, 287, 288, 289, 290, 291, 292, 294, 296, 297, 299]correct=213, total=300, accuracy=0.7100  | ./output/gridsearch/Qwen2.5-VL-7B-Instruct-mmvp-tokens2-lr0.05-sigma5.0-sigdecay0.9-steps10-topk10-conf
Data Idx with Correct Answer: [0, 2, 5, 6, 7, 8, 9, 10, 11, 12, 15, 16, 17, 18, 21, 23, 24, 25, 26, 27, 28, 29, 30, 32, 35, 36, 37, 38, 39, 40, 43, 44, 49, 50, 51, 52, 54, 55, 56, 57, 58, 60, 61, 63, 64, 65, 66, 67, 68, 70, 73, 74, 78, 79, 80, 83, 85, 87, 88, 89, 90, 91, 92, 93, 94, 96, 97, 98, 101, 102, 103, 105, 107, 109, 111, 112, 113, 116, 118, 119, 120, 121, 122, 123, 124, 125, 126, 129, 130, 132, 133, 134, 135, 136, 137, 138, 139, 140, 141, 143, 144, 147, 148, 149, 151, 152, 153, 154, 156, 158, 159, 161, 163, 167, 169, 170, 171, 174, 175, 176, 179, 180, 181, 183, 184, 187, 188, 189, 190, 191, 192, 193, 194, 196, 197, 198, 200, 201, 202, 203, 204, 205, 206, 207, 208, 209, 210, 211, 212, 213, 217, 218, 219, 221, 222, 223, 225, 226, 228, 230, 232, 233, 235, 237, 238, 240, 241, 242, 243, 244, 245, 246, 247, 248, 249, 250, 251, 252, 253, 255, 256, 257, 259, 260, 261, 262, 263, 264, 267, 268, 269, 270, 273, 274, 276, 277, 280, 281, 282, 283, 284, 285, 286, 288, 289, 290, 291, 292, 294, 295, 296, 297, 299]correct=213, total=300, accuracy=0.7100  | ./output/gridsearch/Qwen2.5-VL-7B-Instruct-mmvp-tokens2-lr0.005-sigma1.0-sigdecay0.9-steps10-topk5-conf
Data Idx with Correct Answer: [0, 2, 5, 6, 7, 8, 9, 10, 11, 12, 15, 16, 17, 18, 21, 22, 23, 24, 25, 26, 27, 28, 29, 30, 33, 35, 36, 37, 38, 39, 40, 43, 44, 45, 49, 50, 51, 52, 54, 55, 57, 58, 60, 61, 63, 64, 65, 66, 67, 68, 72, 73, 74, 76, 78, 79, 80, 83, 85, 86, 87, 88, 89, 90, 92, 93, 94, 96, 97, 98, 100, 101, 102, 103, 105, 106, 107, 109, 111, 112, 113, 114, 116, 120, 121, 122, 123, 125, 126, 128, 130, 132, 133, 134, 135, 136, 137, 138, 140, 141, 143, 147, 148, 149, 151, 152, 153, 154, 156, 158, 159, 160, 163, 167, 169, 170, 171, 172, 173, 174, 175, 176, 179, 180, 181, 183, 184, 187, 188, 189, 190, 192, 193, 194, 196, 197, 198, 200, 201, 202, 203, 204, 205, 206, 207, 208, 209, 210, 211, 212, 213, 215, 216, 217, 219, 220, 221, 222, 223, 225, 226, 228, 229, 230, 232, 233, 234, 235, 237, 238, 240, 241, 242, 243, 244, 245, 246, 248, 249, 251, 252, 253, 255, 256, 257, 259, 260, 261, 262, 263, 264, 265, 267, 268, 269, 270, 273, 274, 276, 277, 280, 281, 282, 284, 288, 289, 291, 292, 294, 295, 296, 297, 299]correct=213, total=300, accuracy=0.7100  | ./output/gridsearch/Qwen2.5-VL-7B-Instruct-mmvp-tokens4-lr0.01-sigma5.0-sigdecay0.95-steps15-topk10-conf
Data Idx with Correct Answer: [0, 2, 5, 6, 7, 8, 9, 10, 11, 12, 15, 16, 17, 18, 19, 22, 23, 24, 25, 26, 27, 28, 29, 30, 35, 36, 37, 38, 39, 40, 43, 44, 47, 49, 51, 52, 55, 57, 58, 60, 61, 63, 65, 66, 67, 68, 72, 73, 74, 76, 79, 80, 83, 85, 86, 87, 88, 89, 90, 92, 93, 95, 96, 97, 98, 101, 102, 103, 104, 105, 107, 108, 109, 111, 112, 113, 116, 119, 120, 121, 122, 123, 125, 126, 128, 129, 130, 132, 134, 135, 136, 137, 138, 139, 141, 143, 144, 146, 147, 148, 151, 152, 153, 154, 157, 158, 159, 160, 162, 163, 164, 167, 169, 171, 172, 174, 175, 176, 179, 180, 181, 183, 184, 187, 188, 189, 190, 192, 194, 196, 197, 198, 200, 201, 202, 203, 204, 205, 206, 207, 208, 209, 210, 211, 212, 213, 214, 215, 216, 217, 218, 219, 220, 221, 222, 223, 225, 226, 228, 229, 230, 232, 233, 234, 235, 237, 238, 240, 242, 243, 244, 245, 246, 247, 248, 249, 251, 252, 253, 255, 256, 257, 259, 260, 261, 262, 263, 264, 265, 266, 267, 268, 270, 273, 274, 276, 277, 280, 281, 282, 284, 285, 287, 288, 289, 290, 291, 292, 294, 295, 296, 297, 299]correct=213, total=300, accuracy=0.7100  | ./output/gridsearch/Qwen2.5-VL-7B-Instruct-mmvp-tokens4-lr0.05-sigma0.1-sigdecay0.95-steps10-topk5-conf
Data Idx with Correct Answer: [0, 2, 5, 6, 7, 8, 9, 10, 11, 12, 15, 16, 17, 18, 19, 21, 23, 24, 25, 26, 27, 28, 29, 30, 35, 36, 37, 38, 39, 40, 43, 44, 46, 47, 49, 50, 51, 52, 55, 56, 58, 60, 61, 63, 64, 65, 66, 67, 68, 70, 72, 73, 74, 76, 78, 79, 80, 83, 85, 87, 88, 89, 90, 92, 93, 94, 96, 97, 98, 101, 102, 103, 105, 107, 109, 111, 112, 113, 116, 117, 119, 120, 121, 122, 123, 124, 125, 126, 130, 132, 133, 134, 135, 136, 137, 138, 139, 140, 141, 142, 143, 147, 148, 149, 151, 152, 153, 154, 157, 158, 159, 161, 163, 164, 165, 167, 169, 170, 171, 172, 173, 174, 175, 176, 180, 181, 183, 184, 187, 188, 189, 190, 192, 194, 196, 197, 198, 200, 201, 202, 203, 204, 205, 206, 207, 208, 209, 210, 211, 212, 213, 217, 218, 219, 220, 221, 222, 223, 225, 226, 228, 229, 230, 232, 233, 235, 237, 238, 240, 243, 244, 245, 246, 247, 248, 249, 251, 252, 253, 255, 256, 257, 259, 260, 261, 262, 263, 264, 265, 267, 268, 269, 270, 273, 274, 276, 277, 280, 281, 282, 284, 285, 286, 287, 288, 289, 290, 291, 294, 295, 296, 297, 299]correct=213, total=300, accuracy=0.7100  | ./output/gridsearch/Qwen2.5-VL-7B-Instruct-mmvp-tokens2-lr0.001-sigma0.1-sigdecay0.9-steps15-topk10-conf
Data Idx with Correct Answer: [0, 2, 5, 6, 7, 8, 9, 10, 11, 12, 15, 16, 17, 18, 19, 21, 23, 24, 25, 26, 27, 28, 29, 30, 35, 36, 37, 38, 39, 40, 43, 44, 45, 47, 49, 50, 51, 52, 54, 55, 57, 58, 60, 61, 63, 64, 65, 66, 67, 68, 72, 73, 74, 76, 78, 79, 80, 83, 85, 86, 87, 88, 89, 90, 92, 93, 94, 95, 96, 97, 98, 101, 102, 103, 105, 107, 109, 113, 116, 117, 118, 119, 120, 121, 122, 123, 125, 126, 128, 129, 130, 132, 134, 135, 136, 137, 138, 140, 141, 142, 143, 144, 147, 148, 151, 152, 153, 154, 156, 157, 163, 164, 165, 167, 169, 170, 171, 172, 174, 175, 176, 179, 180, 181, 184, 187, 188, 189, 190, 191, 192, 193, 194, 196, 197, 198, 200, 201, 202, 203, 204, 205, 206, 207, 208, 209, 210, 211, 212, 213, 215, 216, 217, 219, 221, 222, 223, 225, 226, 228, 229, 230, 232, 233, 234, 235, 236, 237, 238, 240, 243, 244, 245, 246, 248, 249, 251, 252, 253, 255, 256, 257, 259, 260, 261, 262, 263, 264, 265, 266, 267, 268, 269, 270, 273, 274, 276, 277, 280, 281, 282, 284, 286, 288, 289, 290, 291, 292, 294, 295, 296, 297, 299]correct=213, total=300, accuracy=0.7100  | ./output/gridsearch/Qwen2.5-VL-7B-Instruct-mmvp-tokens4-lr0.001-sigma1.0-sigdecay0.9-steps10-topk5-conf
Data Idx with Correct Answer: [0, 2, 5, 6, 7, 8, 9, 10, 11, 12, 15, 16, 17, 18, 19, 21, 23, 24, 25, 26, 27, 28, 29, 30, 33, 35, 36, 37, 38, 39, 40, 43, 44, 45, 49, 50, 51, 52, 55, 56, 58, 60, 61, 63, 64, 65, 66, 67, 68, 70, 72, 73, 74, 76, 78, 79, 80, 83, 85, 86, 87, 88, 89, 90, 92, 93, 94, 96, 97, 98, 101, 102, 103, 105, 106, 107, 109, 111, 112, 113, 117, 118, 119, 120, 121, 122, 123, 124, 125, 129, 130, 132, 133, 134, 135, 136, 137, 138, 139, 140, 141, 143, 147, 151, 152, 153, 154, 156, 157, 158, 159, 161, 163, 165, 167, 169, 170, 171, 174, 175, 176, 179, 180, 181, 183, 184, 187, 188, 189, 190, 192, 193, 194, 196, 197, 198, 200, 201, 202, 203, 204, 205, 206, 207, 208, 209, 210, 211, 212, 213, 216, 217, 219, 220, 221, 222, 223, 225, 226, 228, 230, 232, 233, 234, 235, 236, 237, 238, 240, 242, 243, 244, 245, 246, 247, 248, 249, 251, 252, 253, 255, 256, 257, 259, 260, 261, 262, 263, 264, 265, 266, 267, 268, 269, 270, 273, 274, 276, 277, 280, 281, 282, 284, 285, 287, 288, 289, 290, 292, 294, 296, 297, 299]correct=213, total=300, accuracy=0.7100  | ./output/gridsearch/Qwen2.5-VL-7B-Instruct-mmvp-tokens2-lr0.05-sigma5.0-sigdecay0.95-steps15-topk5-conf
Data Idx with Correct Answer: [0, 2, 5, 6, 7, 8, 9, 10, 11, 12, 15, 16, 17, 18, 19, 21, 22, 23, 24, 25, 26, 27, 28, 29, 30, 35, 36, 37, 38, 39, 40, 43, 44, 45, 47, 49, 50, 51, 52, 55, 56, 57, 58, 60, 61, 63, 64, 65, 66, 67, 68, 70, 72, 73, 74, 76, 80, 83, 85, 86, 87, 88, 89, 90, 92, 93, 94, 96, 97, 98, 101, 102, 103, 105, 106, 107, 109, 111, 112, 113, 117, 118, 119, 120, 121, 122, 123, 124, 125, 126, 130, 132, 134, 135, 136, 137, 138, 139, 141, 143, 147, 148, 149, 151, 152, 153, 154, 157, 158, 159, 161, 163, 164, 165, 167, 169, 170, 171, 172, 173, 174, 175, 176, 179, 180, 181, 183, 184, 187, 188, 189, 190, 192, 194, 196, 197, 198, 200, 201, 202, 203, 204, 205, 206, 207, 208, 209, 210, 211, 212, 213, 217, 218, 219, 220, 221, 222, 223, 225, 226, 228, 230, 232, 233, 234, 235, 236, 237, 238, 240, 242, 243, 244, 245, 246, 248, 249, 250, 251, 252, 253, 255, 256, 257, 259, 260, 261, 262, 263, 264, 266, 267, 268, 269, 270, 273, 274, 276, 277, 280, 281, 282, 283, 284, 285, 288, 289, 290, 292, 294, 296, 297, 299]correct=213, total=300, accuracy=0.7100  | ./output/gridsearch/Qwen2.5-VL-7B-Instruct-mmvp-tokens2-lr0.05-sigma5.0-sigdecay0.9-steps15-topk5-conf
Data Idx with Correct Answer: [0, 2, 5, 6, 7, 8, 9, 10, 11, 12, 15, 16, 17, 18, 19, 21, 22, 23, 24, 25, 26, 27, 28, 29, 30, 35, 36, 37, 38, 39, 40, 43, 44, 45, 47, 49, 50, 51, 52, 55, 56, 57, 58, 60, 61, 63, 64, 65, 66, 67, 68, 70, 72, 73, 74, 76, 78, 79, 80, 83, 84, 85, 86, 87, 88, 89, 90, 91, 92, 93, 94, 95, 96, 97, 98, 101, 102, 103, 105, 106, 107, 108, 109, 111, 112, 113, 116, 117, 119, 120, 121, 122, 123, 124, 125, 126, 128, 130, 132, 133, 134, 135, 136, 137, 138, 139, 140, 141, 143, 147, 148, 151, 152, 153, 154, 157, 158, 159, 163, 164, 167, 169, 170, 171, 172, 174, 175, 176, 180, 181, 183, 184, 187, 188, 189, 190, 194, 196, 197, 198, 201, 202, 203, 204, 205, 206, 207, 208, 209, 210, 211, 212, 213, 214, 215, 216, 217, 218, 219, 220, 221, 222, 223, 225, 226, 229, 230, 232, 233, 235, 237, 238, 240, 242, 243, 244, 245, 246, 248, 249, 251, 255, 256, 257, 259, 260, 261, 262, 263, 264, 265, 266, 267, 268, 269, 270, 273, 274, 280, 281, 282, 284, 285, 286, 288, 289, 290, 291, 292, 294, 296, 297, 299]correct=213, total=300, accuracy=0.7100  | ./output/gridsearch/Qwen2.5-VL-7B-Instruct-mmvp-tokens4-lr0.01-sigma0.1-sigdecay0.9-steps15-topk10-conf
Data Idx with Correct Answer: [0, 2, 5, 6, 7, 8, 9, 10, 11, 12, 15, 16, 17, 18, 19, 21, 22, 23, 24, 25, 26, 27, 28, 29, 30, 35, 36, 37, 38, 39, 40, 43, 44, 45, 47, 49, 50, 51, 52, 54, 55, 56, 57, 58, 60, 61, 63, 64, 65, 66, 67, 68, 70, 72, 73, 74, 76, 80, 83, 85, 87, 88, 89, 90, 91, 92, 93, 94, 95, 96, 97, 98, 101, 102, 103, 105, 106, 107, 109, 111, 112, 113, 116, 117, 118, 119, 120, 121, 122, 123, 125, 126, 130, 132, 133, 134, 136, 137, 138, 139, 140, 141, 143, 144, 147, 148, 151, 152, 153, 154, 156, 163, 164, 165, 167, 169, 170, 171, 172, 174, 175, 176, 179, 180, 181, 183, 184, 187, 188, 189, 190, 192, 193, 194, 196, 197, 198, 200, 201, 202, 203, 204, 205, 206, 207, 208, 209, 210, 211, 212, 213, 214, 217, 219, 221, 222, 223, 225, 226, 228, 229, 230, 232, 233, 234, 235, 237, 238, 240, 242, 243, 244, 245, 246, 248, 249, 251, 252, 253, 255, 256, 257, 259, 260, 261, 262, 263, 264, 266, 267, 268, 269, 270, 272, 273, 274, 276, 277, 280, 281, 282, 284, 285, 288, 289, 290, 291, 292, 294, 295, 296, 297, 299]correct=213, total=300, accuracy=0.7100  | ./output/gridsearch/Qwen2.5-VL-7B-Instruct-mmvp-tokens4-lr0.005-sigma1.0-sigdecay0.95-steps15-topk5-conf
Data Idx with Correct Answer: [0, 2, 5, 6, 7, 8, 9, 10, 11, 12, 15, 16, 17, 18, 19, 21, 22, 23, 24, 25, 26, 27, 28, 29, 30, 33, 35, 36, 37, 38, 39, 40, 43, 44, 47, 49, 50, 51, 52, 55, 57, 58, 60, 61, 63, 64, 65, 66, 67, 68, 73, 74, 76, 79, 80, 83, 85, 86, 87, 88, 89, 90, 92, 93, 95, 96, 97, 98, 101, 102, 103, 105, 106, 107, 109, 111, 112, 113, 115, 116, 117, 118, 120, 121, 122, 123, 124, 125, 126, 130, 132, 133, 134, 136, 137, 138, 139, 140, 141, 142, 143, 147, 148, 149, 150, 151, 152, 153, 154, 156, 157, 158, 159, 160, 163, 164, 165, 167, 169, 170, 171, 172, 174, 175, 176, 180, 181, 183, 184, 187, 188, 189, 190, 192, 193, 194, 196, 197, 198, 200, 202, 203, 204, 205, 206, 207, 208, 209, 210, 211, 212, 213, 215, 217, 219, 221, 222, 223, 225, 226, 228, 230, 232, 233, 234, 235, 237, 238, 240, 242, 243, 244, 245, 246, 247, 248, 249, 251, 252, 253, 255, 256, 257, 259, 260, 261, 262, 263, 264, 265, 266, 267, 268, 269, 270, 273, 274, 276, 277, 280, 281, 282, 284, 289, 290, 291, 292, 293, 294, 295, 296, 297, 299]correct=213, total=300, accuracy=0.7100  | ./output/gridsearch/Qwen2.5-VL-7B-Instruct-mmvp-tokens6-lr0.005-sigma1.0-sigdecay0.95-steps15-topk5-conf
Data Idx with Correct Answer: [0, 2, 3, 5, 6, 7, 8, 9, 10, 11, 12, 15, 16, 17, 18, 21, 22, 23, 24, 25, 26, 27, 28, 29, 30, 35, 36, 37, 38, 39, 40, 43, 44, 49, 50, 51, 52, 54, 55, 56, 57, 58, 60, 61, 63, 64, 65, 66, 67, 68, 72, 73, 74, 76, 78, 79, 80, 83, 85, 87, 88, 89, 90, 92, 93, 94, 96, 97, 98, 101, 102, 103, 105, 107, 109, 111, 112, 113, 116, 119, 120, 121, 122, 123, 124, 125, 126, 129, 130, 132, 133, 134, 135, 136, 137, 139, 140, 141, 142, 143, 145, 147, 148, 149, 151, 152, 153, 154, 156, 158, 159, 161, 163, 164, 165, 167, 169, 170, 171, 173, 174, 175, 176, 179, 180, 181, 183, 184, 187, 188, 189, 190, 191, 192, 193, 194, 196, 197, 198, 200, 201, 202, 203, 204, 205, 206, 207, 209, 210, 211, 212, 213, 217, 218, 219, 220, 221, 222, 223, 225, 226, 228, 230, 232, 233, 234, 235, 237, 238, 240, 242, 243, 244, 245, 246, 247, 248, 249, 250, 251, 252, 253, 255, 256, 257, 259, 260, 261, 262, 263, 264, 265, 267, 268, 269, 270, 273, 274, 276, 277, 280, 281, 282, 284, 285, 288, 289, 290, 292, 294, 296, 297, 299]correct=213, total=300, accuracy=0.7100  | ./output/gridsearch/Qwen2.5-VL-7B-Instruct-mmvp-tokens2-lr0.005-sigma1.0-sigdecay0.95-steps10-topk10-conf
Data Idx with Correct Answer: [0, 2, 3, 5, 6, 7, 8, 9, 10, 11, 12, 15, 16, 17, 18, 19, 21, 23, 24, 25, 26, 27, 28, 29, 30, 32, 35, 36, 37, 38, 39, 40, 43, 44, 45, 47, 49, 50, 51, 52, 54, 55, 57, 58, 60, 61, 63, 64, 65, 66, 67, 68, 72, 73, 74, 76, 78, 79, 80, 85, 87, 88, 89, 90, 92, 93, 94, 96, 97, 98, 101, 102, 103, 105, 107, 109, 111, 112, 113, 114, 116, 117, 120, 121, 122, 123, 125, 126, 129, 130, 133, 135, 136, 137, 138, 140, 141, 142, 143, 147, 148, 149, 151, 152, 153, 154, 156, 158, 159, 161, 162, 163, 165, 167, 169, 170, 171, 172, 173, 174, 175, 176, 179, 180, 181, 183, 184, 187, 188, 189, 190, 192, 193, 194, 196, 197, 198, 200, 201, 202, 203, 204, 205, 206, 207, 208, 209, 210, 211, 212, 213, 214, 216, 217, 218, 219, 220, 221, 222, 223, 225, 226, 228, 230, 232, 233, 234, 235, 237, 238, 240, 243, 244, 245, 246, 248, 249, 251, 252, 253, 255, 256, 257, 259, 260, 261, 262, 263, 264, 267, 268, 269, 270, 273, 274, 276, 277, 280, 281, 282, 284, 285, 286, 288, 289, 290, 291, 292, 294, 295, 296, 297, 299]correct=213, total=300, accuracy=0.7100  | ./output/gridsearch/Qwen2.5-VL-7B-Instruct-mmvp-tokens2-lr0.005-sigma5.0-sigdecay0.9-steps15-topk10-conf
Data Idx with Correct Answer: [0, 3, 5, 6, 7, 8, 9, 10, 11, 12, 15, 17, 18, 21, 23, 24, 25, 26, 27, 28, 29, 30, 32, 33, 35, 36, 37, 38, 39, 40, 42, 43, 44, 46, 47, 49, 51, 52, 55, 57, 58, 60, 61, 63, 64, 65, 66, 67, 68, 69, 70, 72, 73, 74, 76, 78, 79, 80, 87, 88, 89, 90, 92, 93, 95, 96, 97, 98, 101, 102, 103, 104, 106, 107, 108, 109, 111, 112, 113, 114, 116, 119, 120, 121, 122, 123, 125, 126, 129, 130, 132, 134, 135, 136, 137, 138, 139, 141, 143, 144, 147, 149, 151, 153, 154, 158, 159, 160, 163, 164, 165, 167, 169, 170, 171, 172, 173, 174, 175, 176, 179, 180, 181, 183, 184, 187, 188, 189, 190, 191, 192, 193, 194, 196, 197, 198, 200, 201, 202, 203, 204, 205, 206, 207, 208, 209, 210, 211, 212, 213, 214, 216, 217, 218, 221, 222, 223, 225, 226, 228, 230, 232, 233, 234, 235, 236, 237, 238, 240, 243, 244, 245, 246, 247, 248, 250, 252, 253, 254, 255, 256, 257, 260, 261, 262, 263, 264, 265, 266, 268, 269, 270, 272, 273, 274, 276, 277, 280, 281, 282, 283, 286, 288, 289, 290, 291, 293, 294, 295, 296, 297, 299]correct=212, total=300, accuracy=0.7067  | ./output/gridsearch/Qwen2.5-VL-7B-Instruct-mmvp-tokens6-lr0.001-sigma5.0-sigdecay0.95-steps15-topk5-conf
Data Idx with Correct Answer: [0, 3, 5, 6, 7, 8, 9, 10, 11, 12, 15, 16, 17, 18, 21, 23, 24, 25, 26, 27, 28, 29, 30, 32, 35, 36, 37, 38, 39, 40, 43, 44, 46, 49, 51, 52, 55, 57, 58, 60, 61, 63, 64, 65, 66, 67, 68, 69, 70, 72, 73, 74, 76, 78, 79, 80, 87, 88, 89, 90, 91, 92, 93, 95, 96, 97, 98, 101, 102, 103, 104, 105, 106, 107, 108, 109, 111, 112, 113, 114, 116, 117, 119, 120, 121, 122, 123, 125, 126, 129, 130, 132, 133, 134, 135, 136, 137, 138, 139, 141, 143, 144, 147, 149, 151, 153, 154, 158, 159, 160, 163, 164, 165, 167, 169, 170, 171, 172, 173, 174, 175, 176, 179, 180, 181, 183, 184, 187, 188, 189, 190, 191, 192, 193, 194, 196, 197, 198, 200, 201, 202, 203, 204, 205, 206, 207, 209, 210, 211, 212, 213, 214, 216, 217, 218, 221, 222, 223, 225, 226, 228, 230, 232, 233, 234, 235, 236, 237, 238, 240, 243, 244, 245, 246, 247, 248, 250, 252, 253, 254, 255, 256, 257, 260, 261, 262, 263, 264, 265, 266, 268, 269, 270, 272, 273, 274, 276, 277, 280, 281, 282, 283, 286, 288, 289, 291, 293, 294, 295, 296, 297, 299]correct=212, total=300, accuracy=0.7067  | ./output/gridsearch/Qwen2.5-VL-7B-Instruct-mmvp-tokens6-lr0.001-sigma5.0-sigdecay0.95-steps10-topk10-conf
Data Idx with Correct Answer: [0, 2, 5, 6, 7, 8, 9, 10, 11, 12, 15, 17, 18, 19, 21, 22, 23, 24, 25, 26, 27, 28, 29, 30, 35, 36, 37, 38, 39, 40, 43, 44, 47, 49, 50, 51, 52, 55, 56, 57, 58, 60, 61, 63, 64, 65, 66, 67, 68, 70, 73, 74, 76, 79, 80, 83, 85, 86, 87, 88, 89, 90, 91, 92, 93, 94, 96, 97, 98, 100, 101, 102, 103, 105, 106, 107, 109, 111, 112, 113, 114, 116, 118, 120, 121, 122, 123, 124, 125, 126, 130, 132, 134, 135, 136, 137, 138, 139, 140, 141, 143, 147, 148, 149, 150, 151, 152, 153, 154, 158, 159, 160, 163, 164, 167, 169, 170, 171, 172, 174, 175, 176, 179, 180, 181, 183, 184, 187, 188, 189, 190, 192, 193, 194, 196, 197, 198, 200, 201, 202, 203, 204, 205, 206, 207, 208, 209, 210, 211, 212, 213, 214, 215, 216, 217, 218, 219, 221, 222, 223, 225, 226, 228, 229, 230, 232, 233, 234, 235, 237, 238, 240, 241, 243, 244, 245, 246, 248, 249, 251, 252, 253, 255, 256, 257, 259, 260, 261, 262, 263, 264, 267, 268, 269, 270, 273, 274, 276, 277, 280, 281, 282, 284, 285, 288, 289, 291, 294, 295, 296, 297, 299]correct=212, total=300, accuracy=0.7067  | ./output/gridsearch/Qwen2.5-VL-7B-Instruct-mmvp-tokens4-lr0.005-sigma1.0-sigdecay0.9-steps10-topk5-conf
Data Idx with Correct Answer: [0, 2, 5, 6, 7, 8, 9, 10, 11, 12, 15, 17, 18, 19, 21, 22, 23, 24, 25, 26, 27, 28, 29, 30, 33, 35, 36, 37, 38, 39, 40, 43, 44, 49, 50, 51, 52, 54, 55, 56, 57, 58, 60, 61, 63, 64, 65, 66, 67, 68, 69, 70, 72, 73, 74, 76, 79, 80, 83, 85, 86, 87, 88, 89, 90, 92, 93, 94, 96, 97, 98, 101, 102, 103, 105, 107, 109, 111, 112, 113, 116, 117, 120, 121, 122, 123, 125, 126, 129, 130, 132, 135, 136, 137, 138, 139, 140, 141, 143, 144, 146, 147, 148, 149, 151, 152, 153, 154, 157, 158, 159, 163, 164, 165, 167, 169, 170, 171, 172, 174, 175, 176, 179, 180, 181, 183, 184, 187, 188, 189, 190, 191, 192, 193, 194, 196, 197, 198, 200, 201, 202, 203, 204, 205, 206, 207, 209, 210, 211, 212, 213, 214, 217, 218, 219, 220, 221, 222, 223, 225, 226, 228, 230, 232, 233, 235, 237, 238, 240, 241, 243, 244, 245, 246, 248, 249, 251, 252, 253, 255, 256, 257, 259, 260, 261, 262, 263, 264, 265, 266, 267, 268, 269, 270, 273, 274, 276, 277, 280, 281, 282, 283, 284, 286, 288, 289, 290, 292, 294, 296, 297, 299]correct=212, total=300, accuracy=0.7067  | ./output/gridsearch/Qwen2.5-VL-7B-Instruct-mmvp-tokens2-lr0.01-sigma0.1-sigdecay0.9-steps15-topk10-conf
Data Idx with Correct Answer: [0, 2, 5, 6, 7, 8, 9, 10, 11, 12, 15, 17, 18, 19, 21, 22, 23, 24, 25, 26, 27, 28, 29, 30, 33, 35, 36, 37, 38, 39, 40, 43, 44, 45, 49, 50, 51, 52, 55, 58, 60, 61, 63, 64, 65, 66, 67, 68, 70, 72, 73, 74, 76, 78, 79, 80, 85, 86, 87, 88, 89, 90, 91, 92, 93, 94, 96, 97, 98, 101, 102, 103, 105, 106, 107, 109, 111, 112, 113, 116, 118, 119, 120, 121, 122, 123, 124, 125, 126, 130, 132, 134, 136, 137, 138, 139, 141, 143, 147, 148, 149, 150, 151, 152, 153, 154, 156, 157, 159, 162, 163, 164, 165, 167, 169, 170, 171, 172, 174, 175, 176, 179, 180, 181, 183, 184, 187, 188, 189, 190, 192, 193, 194, 196, 197, 198, 200, 201, 202, 203, 204, 205, 206, 207, 208, 209, 210, 211, 212, 213, 215, 216, 217, 218, 219, 221, 222, 223, 225, 226, 228, 229, 230, 232, 233, 235, 237, 238, 240, 243, 244, 245, 246, 248, 249, 251, 252, 253, 255, 256, 257, 259, 260, 261, 262, 263, 264, 265, 267, 268, 269, 270, 273, 274, 275, 276, 277, 280, 281, 282, 284, 285, 288, 289, 290, 291, 292, 294, 295, 296, 297, 299]correct=212, total=300, accuracy=0.7067  | ./output/gridsearch/Qwen2.5-VL-7B-Instruct-mmvp-tokens4-lr0.001-sigma0.1-sigdecay0.95-steps10-topk10-conf
Data Idx with Correct Answer: [0, 2, 5, 6, 7, 8, 9, 10, 11, 12, 15, 16, 17, 21, 23, 24, 25, 26, 27, 28, 29, 30, 32, 33, 35, 36, 37, 38, 39, 40, 43, 44, 45, 49, 50, 51, 52, 54, 55, 58, 60, 61, 63, 64, 65, 66, 67, 68, 73, 74, 76, 78, 79, 80, 83, 85, 87, 88, 89, 90, 92, 93, 94, 96, 97, 98, 101, 102, 103, 105, 107, 109, 110, 111, 112, 113, 116, 118, 119, 120, 121, 122, 123, 124, 125, 126, 129, 130, 132, 133, 136, 137, 138, 139, 141, 143, 147, 148, 149, 151, 152, 153, 154, 156, 157, 158, 159, 161, 163, 164, 165, 167, 169, 170, 171, 172, 173, 174, 175, 176, 179, 180, 181, 183, 184, 187, 188, 189, 190, 191, 192, 193, 194, 196, 197, 198, 200, 201, 202, 203, 204, 205, 206, 207, 208, 209, 210, 211, 212, 213, 216, 217, 219, 220, 221, 222, 223, 225, 226, 228, 230, 232, 233, 234, 235, 236, 237, 238, 240, 243, 244, 245, 246, 248, 249, 251, 252, 253, 255, 256, 257, 259, 260, 261, 262, 263, 264, 267, 268, 269, 270, 273, 274, 276, 277, 280, 281, 282, 284, 285, 286, 287, 288, 289, 290, 291, 292, 294, 295, 296, 297, 299]correct=212, total=300, accuracy=0.7067  | ./output/gridsearch/Qwen2.5-VL-7B-Instruct-mmvp-tokens2-lr0.005-sigma1.0-sigdecay0.95-steps15-topk5-conf
Data Idx with Correct Answer: [0, 2, 5, 6, 7, 8, 9, 10, 11, 12, 15, 16, 17, 18, 19, 21, 24, 25, 26, 27, 28, 29, 30, 32, 35, 36, 37, 38, 39, 40, 43, 44, 45, 49, 50, 51, 52, 54, 55, 56, 57, 58, 60, 61, 64, 65, 66, 67, 68, 70, 72, 73, 74, 78, 79, 80, 83, 85, 86, 87, 88, 89, 90, 92, 93, 94, 95, 96, 97, 98, 101, 102, 103, 105, 107, 109, 111, 112, 113, 116, 117, 118, 120, 121, 122, 123, 125, 126, 130, 132, 133, 134, 136, 137, 138, 139, 141, 143, 144, 145, 147, 148, 151, 152, 153, 154, 156, 157, 158, 159, 161, 163, 167, 169, 170, 171, 172, 174, 175, 176, 179, 180, 181, 183, 184, 187, 188, 189, 190, 192, 193, 194, 196, 197, 198, 201, 202, 203, 204, 205, 206, 207, 209, 210, 211, 212, 213, 214, 215, 216, 217, 218, 219, 220, 221, 222, 223, 225, 226, 228, 230, 232, 233, 235, 237, 238, 240, 241, 242, 243, 244, 245, 246, 248, 249, 251, 252, 253, 255, 257, 259, 260, 261, 262, 263, 264, 265, 266, 267, 268, 269, 270, 273, 274, 276, 277, 280, 281, 282, 283, 284, 285, 286, 287, 288, 289, 290, 292, 294, 296, 297, 299]correct=212, total=300, accuracy=0.7067  | ./output/gridsearch/Qwen2.5-VL-7B-Instruct-mmvp-tokens2-lr0.05-sigma0.1-sigdecay0.95-steps10-topk5-conf
Data Idx with Correct Answer: [0, 2, 5, 6, 7, 8, 9, 10, 11, 12, 15, 16, 17, 18, 19, 21, 23, 24, 25, 26, 27, 28, 29, 30, 35, 36, 37, 38, 39, 40, 43, 44, 47, 49, 50, 51, 52, 54, 55, 57, 58, 60, 61, 63, 64, 65, 66, 67, 68, 70, 73, 74, 76, 78, 79, 80, 83, 85, 87, 88, 89, 90, 92, 93, 94, 96, 97, 98, 101, 102, 103, 105, 107, 109, 111, 112, 113, 116, 117, 120, 121, 122, 123, 124, 125, 126, 127, 130, 132, 133, 136, 137, 138, 139, 140, 141, 142, 143, 147, 148, 149, 151, 152, 153, 154, 157, 158, 159, 161, 163, 164, 167, 169, 170, 171, 172, 173, 174, 175, 176, 179, 180, 181, 183, 184, 187, 188, 189, 190, 192, 193, 194, 196, 197, 198, 200, 202, 203, 204, 205, 206, 207, 208, 209, 210, 211, 212, 213, 214, 217, 218, 219, 220, 221, 222, 223, 225, 226, 228, 230, 232, 233, 234, 235, 236, 237, 238, 240, 241, 243, 244, 245, 246, 248, 249, 251, 252, 253, 255, 256, 257, 260, 261, 262, 263, 264, 265, 266, 267, 268, 269, 270, 273, 274, 276, 277, 280, 281, 282, 284, 286, 287, 288, 289, 290, 291, 292, 294, 295, 296, 297, 299]correct=212, total=300, accuracy=0.7067  | ./output/gridsearch/Qwen2.5-VL-7B-Instruct-mmvp-tokens2-lr0.005-sigma0.1-sigdecay0.95-steps10-topk5-conf
Data Idx with Correct Answer: [0, 2, 5, 6, 7, 8, 9, 10, 11, 12, 15, 16, 17, 18, 19, 21, 23, 24, 25, 26, 27, 28, 29, 30, 33, 35, 36, 37, 38, 39, 40, 43, 44, 49, 50, 51, 52, 54, 55, 56, 57, 58, 60, 61, 63, 64, 65, 66, 67, 68, 70, 72, 73, 74, 76, 78, 79, 80, 83, 85, 86, 87, 88, 89, 90, 92, 93, 94, 95, 96, 97, 98, 101, 102, 103, 105, 107, 109, 111, 112, 113, 114, 116, 119, 120, 121, 122, 123, 125, 126, 129, 130, 132, 134, 136, 137, 138, 139, 140, 141, 143, 147, 148, 149, 151, 152, 153, 154, 156, 158, 159, 163, 164, 165, 167, 169, 170, 171, 173, 174, 175, 176, 179, 180, 181, 183, 184, 187, 188, 189, 190, 192, 193, 194, 196, 197, 198, 200, 201, 202, 203, 204, 205, 206, 207, 208, 209, 210, 211, 212, 213, 216, 217, 218, 219, 220, 221, 222, 223, 225, 226, 228, 229, 230, 232, 233, 235, 237, 238, 240, 243, 244, 245, 246, 248, 249, 251, 252, 253, 255, 256, 257, 259, 260, 261, 262, 263, 264, 265, 267, 268, 269, 270, 273, 274, 276, 277, 280, 281, 282, 284, 285, 286, 288, 289, 290, 292, 294, 295, 296, 297, 299]correct=212, total=300, accuracy=0.7067  | ./output/gridsearch/Qwen2.5-VL-7B-Instruct-mmvp-tokens2-lr0.01-sigma5.0-sigdecay0.9-steps15-topk10-conf
Data Idx with Correct Answer: [0, 2, 5, 6, 7, 8, 9, 10, 11, 12, 15, 16, 17, 18, 19, 21, 23, 24, 25, 26, 27, 28, 29, 30, 33, 35, 36, 37, 38, 39, 40, 43, 44, 45, 47, 49, 50, 51, 52, 54, 55, 56, 57, 58, 60, 61, 63, 64, 65, 66, 67, 68, 69, 70, 72, 73, 74, 76, 79, 80, 83, 85, 87, 88, 89, 90, 91, 92, 93, 95, 96, 97, 98, 101, 102, 103, 104, 105, 107, 111, 112, 113, 115, 116, 117, 119, 120, 121, 122, 123, 125, 126, 129, 130, 132, 134, 135, 136, 137, 138, 141, 143, 144, 146, 147, 148, 149, 151, 152, 153, 154, 156, 160, 161, 163, 164, 167, 169, 170, 171, 172, 174, 175, 176, 179, 180, 181, 183, 184, 187, 188, 189, 190, 192, 193, 196, 197, 198, 200, 202, 203, 204, 205, 206, 207, 208, 209, 210, 211, 212, 213, 216, 217, 219, 220, 221, 222, 223, 225, 226, 228, 229, 230, 232, 233, 234, 235, 237, 238, 240, 243, 244, 245, 246, 247, 248, 249, 250, 251, 252, 253, 255, 256, 257, 260, 261, 262, 263, 264, 265, 266, 267, 268, 269, 270, 273, 274, 276, 277, 280, 281, 282, 283, 284, 289, 290, 291, 293, 294, 296, 297, 299]correct=212, total=300, accuracy=0.7067  | ./output/gridsearch/Qwen2.5-VL-7B-Instruct-mmvp-tokens4-lr0.005-sigma5.0-sigdecay0.95-steps15-topk5-conf
Data Idx with Correct Answer: [0, 2, 5, 6, 7, 8, 9, 10, 11, 12, 15, 16, 17, 18, 19, 21, 23, 24, 25, 26, 27, 28, 29, 30, 32, 35, 36, 37, 38, 39, 40, 43, 44, 45, 47, 49, 50, 51, 52, 55, 56, 58, 60, 61, 63, 64, 65, 66, 67, 68, 70, 72, 73, 74, 76, 78, 79, 80, 85, 86, 87, 88, 89, 90, 92, 93, 95, 96, 97, 98, 101, 102, 103, 105, 107, 109, 111, 112, 113, 115, 116, 117, 118, 119, 120, 121, 122, 123, 125, 126, 129, 130, 131, 132, 134, 135, 136, 137, 138, 139, 140, 141, 142, 143, 144, 147, 148, 151, 152, 153, 154, 159, 160, 161, 163, 167, 169, 170, 171, 172, 174, 175, 176, 179, 180, 181, 184, 187, 189, 190, 192, 193, 194, 196, 197, 198, 200, 201, 202, 203, 204, 205, 206, 207, 208, 209, 210, 211, 212, 213, 214, 215, 217, 219, 221, 222, 223, 225, 226, 228, 229, 230, 232, 233, 234, 235, 237, 238, 240, 243, 244, 245, 246, 248, 249, 250, 251, 252, 253, 255, 256, 257, 259, 260, 261, 262, 263, 264, 265, 267, 268, 269, 270, 273, 274, 276, 277, 280, 281, 282, 283, 284, 285, 286, 289, 290, 292, 293, 294, 296, 297, 299]correct=212, total=300, accuracy=0.7067  | ./output/gridsearch/Qwen2.5-VL-7B-Instruct-mmvp-tokens6-lr0.005-sigma5.0-sigdecay0.95-steps15-topk10-conf
Data Idx with Correct Answer: [0, 2, 5, 6, 7, 8, 9, 10, 11, 12, 15, 16, 17, 18, 19, 21, 22, 24, 25, 26, 27, 28, 29, 30, 33, 35, 36, 37, 38, 39, 40, 43, 44, 47, 49, 50, 51, 52, 55, 57, 58, 60, 61, 63, 64, 65, 66, 67, 68, 70, 73, 74, 76, 79, 80, 83, 85, 86, 87, 88, 89, 90, 92, 93, 94, 96, 97, 98, 101, 102, 103, 105, 106, 107, 108, 109, 111, 112, 113, 116, 117, 118, 120, 121, 122, 123, 125, 126, 130, 132, 134, 136, 137, 138, 139, 140, 141, 142, 143, 144, 147, 148, 149, 151, 152, 153, 154, 157, 158, 159, 163, 164, 167, 169, 170, 171, 172, 174, 175, 176, 179, 180, 181, 183, 184, 187, 188, 189, 190, 192, 193, 194, 196, 197, 198, 200, 201, 202, 203, 204, 205, 206, 207, 208, 209, 210, 211, 212, 213, 215, 216, 217, 218, 219, 221, 222, 223, 225, 226, 228, 229, 230, 232, 233, 235, 237, 238, 240, 241, 242, 243, 244, 245, 246, 247, 248, 249, 251, 252, 253, 255, 256, 257, 259, 260, 261, 262, 263, 264, 265, 267, 268, 269, 270, 273, 274, 276, 277, 280, 281, 282, 284, 285, 287, 288, 289, 290, 291, 294, 296, 297, 299]correct=212, total=300, accuracy=0.7067  | ./output/gridsearch/Qwen2.5-VL-7B-Instruct-mmvp-tokens4-lr0.005-sigma0.1-sigdecay0.9-steps10-topk10-conf
Data Idx with Correct Answer: [0, 2, 5, 6, 7, 8, 9, 10, 11, 12, 15, 16, 17, 18, 19, 21, 22, 23, 24, 25, 26, 27, 28, 29, 30, 35, 36, 37, 38, 39, 40, 43, 44, 49, 50, 51, 52, 55, 56, 57, 58, 60, 61, 63, 64, 65, 66, 67, 68, 70, 73, 74, 76, 80, 83, 85, 87, 88, 89, 90, 91, 92, 93, 94, 96, 97, 98, 101, 102, 103, 105, 107, 109, 111, 112, 113, 116, 117, 118, 119, 120, 121, 122, 123, 124, 125, 126, 129, 130, 132, 133, 134, 135, 136, 137, 138, 139, 140, 141, 147, 148, 149, 151, 152, 153, 154, 157, 159, 163, 164, 165, 167, 169, 170, 171, 172, 173, 174, 175, 176, 179, 180, 181, 183, 184, 187, 188, 189, 190, 191, 192, 193, 194, 196, 197, 198, 200, 201, 202, 203, 204, 205, 206, 207, 208, 209, 210, 211, 212, 213, 214, 216, 217, 218, 219, 221, 222, 223, 225, 226, 228, 230, 232, 233, 235, 237, 238, 240, 241, 243, 244, 245, 246, 247, 248, 249, 251, 252, 253, 255, 256, 257, 259, 260, 261, 262, 263, 264, 266, 267, 268, 269, 270, 273, 274, 276, 277, 280, 281, 282, 284, 285, 286, 287, 288, 289, 290, 292, 294, 296, 297, 299]correct=212, total=300, accuracy=0.7067  | ./output/gridsearch/Qwen2.5-VL-7B-Instruct-mmvp-tokens2-lr0.005-sigma0.1-sigdecay0.9-steps15-topk10-conf
Data Idx with Correct Answer: [0, 2, 5, 6, 7, 8, 9, 10, 11, 12, 15, 16, 17, 18, 19, 21, 22, 23, 24, 25, 26, 27, 28, 29, 30, 35, 36, 37, 38, 39, 40, 43, 44, 47, 49, 50, 52, 55, 57, 58, 60, 61, 63, 64, 65, 66, 67, 68, 70, 72, 73, 74, 76, 78, 79, 80, 85, 86, 87, 88, 89, 90, 92, 93, 96, 97, 98, 102, 103, 105, 107, 109, 111, 112, 113, 114, 115, 116, 117, 119, 120, 121, 122, 123, 125, 126, 129, 130, 131, 132, 134, 135, 136, 137, 138, 139, 140, 141, 142, 143, 147, 148, 149, 151, 152, 153, 154, 160, 163, 164, 167, 169, 170, 171, 172, 174, 175, 176, 179, 180, 181, 184, 187, 188, 189, 190, 191, 192, 193, 194, 196, 197, 198, 200, 201, 202, 203, 204, 205, 206, 207, 208, 209, 210, 211, 212, 213, 214, 215, 216, 217, 218, 219, 221, 222, 223, 225, 226, 228, 230, 232, 233, 234, 235, 237, 238, 240, 242, 243, 244, 245, 246, 247, 248, 249, 251, 252, 253, 255, 256, 257, 259, 260, 261, 262, 263, 264, 266, 267, 268, 269, 270, 273, 274, 276, 277, 280, 281, 282, 284, 285, 286, 288, 289, 290, 291, 292, 294, 295, 296, 297, 299]correct=212, total=300, accuracy=0.7067  | ./output/gridsearch/Qwen2.5-VL-7B-Instruct-mmvp-tokens6-lr0.01-sigma5.0-sigdecay0.95-steps15-topk10-conf
Data Idx with Correct Answer: [0, 2, 5, 6, 7, 8, 9, 10, 11, 12, 15, 16, 17, 18, 19, 21, 22, 23, 24, 25, 26, 27, 28, 29, 30, 33, 35, 36, 37, 38, 39, 40, 43, 44, 47, 49, 50, 51, 52, 55, 56, 57, 58, 60, 61, 63, 64, 65, 66, 67, 68, 70, 73, 74, 76, 79, 80, 83, 85, 86, 87, 88, 89, 90, 92, 93, 94, 96, 97, 98, 101, 102, 103, 105, 106, 107, 109, 112, 113, 116, 117, 118, 119, 120, 121, 122, 123, 125, 126, 128, 130, 132, 133, 134, 135, 136, 137, 138, 139, 140, 141, 143, 145, 147, 148, 151, 152, 153, 154, 157, 159, 161, 163, 164, 167, 169, 170, 171, 172, 174, 175, 176, 179, 180, 181, 183, 184, 187, 188, 189, 190, 192, 193, 194, 196, 197, 198, 200, 201, 202, 203, 204, 205, 206, 207, 208, 209, 210, 211, 212, 213, 215, 217, 219, 221, 222, 223, 225, 226, 228, 230, 232, 233, 234, 235, 236, 237, 238, 240, 242, 243, 244, 245, 246, 248, 249, 251, 252, 255, 256, 257, 259, 260, 261, 262, 263, 264, 265, 266, 267, 268, 269, 270, 273, 274, 276, 277, 280, 281, 282, 283, 284, 285, 288, 289, 290, 291, 292, 294, 296, 297, 299]correct=212, total=300, accuracy=0.7067  | ./output/gridsearch/Qwen2.5-VL-7B-Instruct-mmvp-tokens6-lr0.01-sigma0.1-sigdecay0.95-steps10-topk5-conf
Data Idx with Correct Answer: [0, 2, 5, 6, 7, 8, 9, 10, 11, 12, 15, 16, 17, 18, 19, 20, 21, 23, 24, 25, 26, 27, 28, 29, 30, 33, 35, 36, 37, 38, 39, 40, 43, 44, 45, 47, 49, 51, 52, 54, 55, 58, 60, 61, 63, 64, 65, 66, 67, 68, 69, 70, 72, 73, 74, 76, 79, 80, 87, 88, 89, 90, 92, 93, 96, 97, 98, 101, 102, 103, 105, 106, 107, 109, 111, 112, 113, 116, 119, 120, 121, 123, 125, 126, 129, 130, 132, 134, 135, 136, 137, 138, 139, 141, 142, 143, 147, 148, 149, 151, 152, 153, 154, 156, 158, 159, 163, 167, 169, 170, 171, 172, 173, 174, 175, 176, 179, 180, 181, 184, 187, 188, 189, 190, 192, 193, 194, 196, 197, 198, 200, 201, 202, 203, 204, 205, 206, 207, 208, 209, 210, 211, 212, 213, 214, 215, 216, 217, 218, 219, 221, 222, 223, 225, 226, 228, 229, 230, 232, 233, 234, 235, 236, 237, 238, 240, 241, 243, 244, 245, 246, 248, 249, 251, 252, 253, 254, 255, 256, 257, 259, 260, 261, 262, 263, 264, 265, 267, 268, 269, 270, 272, 273, 274, 276, 277, 280, 281, 282, 284, 285, 286, 288, 289, 290, 291, 292, 293, 294, 296, 297, 299]correct=212, total=300, accuracy=0.7067  | ./output/gridsearch/Qwen2.5-VL-7B-Instruct-mmvp-tokens4-lr0.001-sigma1.0-sigdecay0.95-steps15-topk10-conf
Data Idx with Correct Answer: [0, 2, 3, 5, 6, 7, 8, 9, 10, 11, 12, 15, 16, 17, 18, 19, 21, 22, 23, 24, 25, 26, 27, 28, 29, 30, 35, 36, 37, 38, 39, 40, 43, 44, 49, 50, 51, 52, 55, 56, 57, 58, 60, 61, 63, 64, 65, 66, 67, 68, 70, 73, 74, 76, 78, 79, 80, 83, 85, 87, 88, 89, 90, 92, 93, 94, 96, 97, 98, 101, 102, 103, 105, 107, 109, 111, 112, 113, 116, 117, 118, 120, 121, 122, 123, 124, 125, 126, 130, 132, 133, 134, 136, 137, 138, 139, 140, 141, 143, 147, 149, 151, 152, 153, 154, 156, 157, 158, 159, 160, 161, 163, 164, 165, 167, 169, 170, 171, 173, 174, 175, 176, 180, 181, 183, 184, 187, 188, 189, 190, 192, 193, 194, 196, 197, 198, 200, 201, 202, 203, 204, 205, 206, 207, 208, 209, 210, 211, 212, 213, 214, 216, 217, 218, 219, 220, 221, 222, 223, 225, 226, 228, 230, 232, 233, 235, 237, 238, 240, 243, 244, 245, 246, 247, 248, 249, 251, 252, 253, 255, 256, 257, 259, 260, 261, 262, 263, 264, 265, 266, 267, 268, 269, 270, 273, 274, 276, 277, 280, 281, 282, 283, 284, 286, 288, 289, 290, 292, 294, 296, 297, 299]correct=212, total=300, accuracy=0.7067  | ./output/gridsearch/Qwen2.5-VL-7B-Instruct-mmvp-tokens2-lr0.001-sigma0.1-sigdecay0.95-steps15-topk10-conf
Data Idx with Correct Answer: [0, 3, 5, 6, 7, 8, 9, 10, 11, 12, 15, 16, 17, 18, 21, 23, 24, 25, 26, 27, 28, 29, 30, 33, 35, 36, 37, 38, 39, 40, 43, 44, 45, 49, 50, 51, 52, 54, 55, 57, 58, 60, 61, 63, 64, 65, 66, 67, 68, 70, 72, 73, 74, 78, 79, 80, 85, 86, 87, 88, 89, 90, 91, 92, 93, 94, 95, 96, 97, 98, 101, 102, 103, 105, 107, 109, 111, 112, 113, 116, 119, 120, 121, 122, 123, 124, 125, 126, 129, 130, 131, 132, 134, 135, 136, 137, 138, 139, 140, 141, 142, 143, 147, 148, 149, 151, 153, 158, 159, 161, 163, 167, 169, 170, 171, 172, 173, 174, 175, 176, 179, 180, 181, 183, 184, 187, 188, 189, 190, 192, 193, 194, 196, 197, 198, 200, 201, 202, 204, 205, 206, 207, 208, 209, 210, 211, 212, 213, 214, 216, 217, 218, 219, 220, 221, 222, 223, 225, 226, 228, 230, 232, 233, 234, 235, 236, 237, 238, 240, 243, 244, 245, 246, 247, 248, 249, 252, 253, 255, 256, 257, 259, 260, 261, 262, 263, 264, 265, 267, 268, 269, 270, 273, 274, 276, 277, 280, 281, 282, 284, 286, 288, 289, 290, 291, 292, 294, 295, 296, 297, 299]correct=211, total=300, accuracy=0.7033  | ./output/gridsearch/Qwen2.5-VL-7B-Instruct-mmvp-tokens2-lr0.001-sigma1.0-sigdecay0.9-steps10-topk5-conf
Data Idx with Correct Answer: [0, 3, 5, 6, 7, 8, 9, 10, 11, 12, 15, 16, 17, 18, 21, 23, 24, 25, 26, 27, 28, 29, 30, 32, 35, 36, 37, 38, 39, 40, 43, 44, 46, 47, 49, 51, 52, 55, 57, 58, 60, 61, 63, 64, 65, 66, 67, 68, 69, 70, 72, 73, 74, 76, 78, 79, 80, 87, 88, 89, 90, 92, 93, 95, 96, 97, 98, 101, 102, 103, 104, 105, 106, 107, 108, 109, 111, 112, 113, 114, 116, 117, 119, 120, 121, 122, 123, 125, 126, 129, 130, 132, 133, 134, 135, 136, 137, 138, 139, 141, 143, 144, 147, 149, 151, 153, 154, 156, 159, 160, 161, 163, 164, 165, 167, 169, 170, 171, 172, 173, 174, 175, 176, 179, 180, 181, 183, 184, 187, 188, 189, 190, 191, 193, 194, 196, 197, 198, 200, 201, 202, 203, 204, 205, 206, 207, 208, 209, 210, 211, 212, 213, 214, 216, 217, 218, 219, 221, 222, 223, 225, 226, 228, 230, 232, 233, 234, 235, 236, 237, 238, 240, 243, 244, 245, 246, 247, 248, 250, 252, 253, 254, 255, 257, 260, 261, 262, 263, 264, 265, 266, 268, 269, 270, 272, 273, 274, 276, 277, 280, 281, 282, 286, 288, 289, 291, 293, 294, 296, 297, 299]correct=211, total=300, accuracy=0.7033  | ./output/gridsearch/Qwen2.5-VL-7B-Instruct-mmvp-tokens6-lr0.001-sigma5.0-sigdecay0.9-steps10-topk5-conf
Data Idx with Correct Answer: [0, 3, 5, 6, 7, 8, 9, 10, 11, 12, 15, 16, 17, 18, 19, 21, 23, 24, 25, 26, 27, 28, 29, 30, 33, 35, 36, 37, 38, 39, 40, 43, 45, 47, 49, 51, 52, 55, 57, 58, 60, 61, 63, 64, 65, 66, 67, 68, 70, 72, 73, 74, 76, 79, 80, 82, 84, 87, 88, 89, 90, 91, 92, 93, 94, 95, 96, 97, 98, 101, 102, 103, 105, 107, 109, 111, 112, 113, 115, 116, 117, 119, 120, 121, 122, 123, 125, 126, 129, 130, 132, 134, 135, 136, 137, 138, 139, 140, 141, 143, 144, 145, 147, 151, 152, 153, 154, 157, 158, 159, 160, 163, 165, 167, 169, 170, 171, 172, 174, 175, 176, 179, 180, 181, 184, 187, 188, 189, 190, 191, 192, 193, 194, 196, 197, 198, 200, 202, 203, 204, 205, 206, 207, 208, 209, 210, 211, 212, 213, 216, 217, 219, 220, 221, 222, 223, 225, 226, 228, 229, 230, 232, 233, 234, 235, 236, 237, 240, 243, 244, 245, 246, 248, 251, 252, 253, 255, 256, 257, 258, 260, 261, 262, 263, 264, 265, 266, 267, 268, 269, 270, 272, 273, 274, 276, 277, 280, 281, 282, 284, 286, 287, 288, 289, 290, 291, 293, 294, 296, 297, 299]correct=211, total=300, accuracy=0.7033  | ./output/gridsearch/Qwen2.5-VL-7B-Instruct-mmvp-tokens4-lr0.001-sigma1.0-sigdecay0.95-steps10-topk5-conf
Data Idx with Correct Answer: [0, 2, 5, 6, 7, 8, 9, 10, 11, 12, 15, 17, 18, 21, 22, 23, 24, 25, 26, 27, 28, 29, 30, 33, 35, 36, 37, 38, 39, 40, 43, 44, 45, 49, 50, 51, 52, 55, 57, 58, 60, 61, 63, 64, 65, 66, 67, 68, 70, 73, 74, 76, 78, 80, 83, 85, 87, 88, 89, 90, 92, 93, 94, 96, 97, 98, 101, 102, 103, 105, 106, 107, 109, 111, 112, 113, 116, 117, 118, 120, 121, 122, 123, 125, 126, 130, 132, 133, 134, 135, 136, 137, 138, 139, 140, 141, 143, 144, 147, 148, 149, 151, 152, 153, 154, 156, 158, 159, 160, 161, 162, 163, 164, 167, 169, 170, 171, 172, 173, 174, 175, 176, 180, 181, 183, 184, 187, 188, 189, 190, 192, 193, 194, 196, 197, 198, 200, 201, 202, 203, 204, 205, 206, 207, 208, 209, 210, 211, 212, 213, 216, 217, 219, 220, 221, 222, 223, 225, 226, 228, 229, 230, 232, 233, 234, 235, 237, 238, 240, 243, 244, 245, 246, 247, 248, 249, 251, 252, 253, 255, 256, 257, 259, 260, 261, 262, 263, 264, 267, 268, 269, 270, 273, 274, 276, 277, 280, 281, 282, 284, 285, 288, 289, 290, 291, 292, 294, 295, 296, 297, 299]correct=211, total=300, accuracy=0.7033  | ./output/gridsearch/Qwen2.5-VL-7B-Instruct-mmvp-tokens4-lr0.005-sigma1.0-sigdecay0.95-steps15-topk10-conf
Data Idx with Correct Answer: [0, 2, 5, 6, 7, 8, 9, 10, 11, 12, 15, 17, 18, 21, 22, 23, 24, 25, 26, 27, 28, 29, 30, 33, 35, 36, 37, 38, 39, 40, 43, 44, 45, 49, 50, 51, 52, 54, 55, 57, 58, 60, 61, 63, 64, 65, 66, 67, 68, 69, 70, 72, 73, 74, 76, 79, 80, 82, 83, 84, 87, 88, 89, 90, 92, 93, 94, 95, 96, 97, 98, 102, 103, 107, 109, 111, 112, 113, 114, 116, 118, 120, 121, 122, 123, 125, 126, 129, 130, 132, 134, 136, 137, 138, 139, 140, 141, 142, 143, 145, 147, 148, 151, 152, 153, 154, 157, 158, 159, 161, 162, 163, 164, 167, 169, 170, 171, 172, 174, 175, 179, 180, 181, 183, 184, 187, 188, 189, 190, 192, 193, 194, 196, 197, 198, 200, 201, 202, 203, 204, 205, 206, 207, 208, 209, 210, 211, 212, 213, 215, 216, 217, 218, 219, 222, 223, 225, 226, 228, 229, 230, 232, 233, 234, 235, 237, 240, 242, 243, 244, 245, 246, 247, 248, 249, 251, 252, 253, 255, 256, 257, 259, 260, 261, 262, 263, 264, 265, 267, 268, 269, 270, 273, 274, 276, 277, 280, 281, 282, 284, 285, 286, 288, 289, 290, 291, 292, 294, 296, 297, 299]correct=211, total=300, accuracy=0.7033  | ./output/gridsearch/Qwen2.5-VL-7B-Instruct-mmvp-tokens4-lr0.005-sigma5.0-sigdecay0.95-steps10-topk10-conf
Data Idx with Correct Answer: [0, 2, 5, 6, 7, 8, 9, 10, 11, 12, 15, 17, 18, 19, 21, 22, 23, 24, 25, 26, 27, 28, 29, 30, 33, 35, 36, 37, 38, 39, 40, 43, 44, 47, 49, 50, 51, 52, 55, 57, 58, 60, 61, 63, 64, 65, 66, 67, 68, 70, 73, 74, 76, 79, 80, 86, 87, 88, 89, 90, 92, 93, 95, 96, 97, 98, 101, 102, 103, 105, 107, 109, 111, 112, 113, 116, 117, 118, 120, 121, 122, 123, 125, 126, 129, 130, 132, 133, 134, 135, 136, 137, 138, 139, 140, 141, 142, 147, 148, 149, 150, 151, 153, 154, 156, 160, 163, 164, 167, 169, 170, 171, 172, 174, 175, 176, 179, 180, 181, 183, 184, 187, 188, 189, 190, 191, 192, 193, 194, 196, 197, 198, 200, 201, 202, 203, 204, 205, 206, 207, 208, 209, 210, 211, 212, 213, 214, 215, 216, 217, 218, 219, 221, 222, 223, 225, 226, 228, 230, 232, 233, 234, 235, 236, 237, 238, 240, 242, 243, 244, 245, 246, 247, 248, 249, 251, 252, 253, 254, 255, 256, 257, 259, 260, 261, 262, 263, 264, 265, 268, 269, 270, 272, 273, 274, 276, 277, 280, 281, 282, 284, 285, 286, 289, 290, 291, 293, 294, 296, 297, 299]correct=211, total=300, accuracy=0.7033  | ./output/gridsearch/Qwen2.5-VL-7B-Instruct-mmvp-tokens6-lr0.001-sigma1.0-sigdecay0.9-steps10-topk10-conf
Data Idx with Correct Answer: [0, 2, 5, 6, 7, 8, 9, 10, 11, 12, 15, 17, 18, 19, 21, 22, 23, 24, 25, 26, 27, 28, 29, 30, 33, 35, 36, 37, 38, 39, 40, 43, 44, 47, 49, 50, 51, 52, 54, 55, 57, 58, 60, 61, 63, 64, 65, 66, 67, 68, 70, 73, 74, 75, 76, 80, 83, 84, 85, 86, 87, 88, 89, 90, 92, 93, 96, 97, 98, 101, 102, 103, 105, 107, 109, 112, 113, 115, 116, 117, 118, 119, 120, 121, 122, 123, 124, 125, 126, 128, 130, 134, 135, 136, 137, 138, 139, 140, 141, 143, 144, 147, 148, 149, 150, 151, 152, 153, 154, 157, 158, 159, 162, 163, 164, 167, 169, 170, 171, 172, 174, 175, 176, 179, 180, 181, 183, 184, 187, 188, 189, 190, 192, 193, 194, 196, 197, 198, 200, 201, 202, 203, 204, 205, 206, 207, 208, 209, 210, 211, 212, 213, 215, 217, 218, 219, 221, 222, 223, 225, 226, 228, 230, 232, 233, 234, 235, 237, 238, 240, 243, 244, 245, 246, 247, 248, 249, 251, 252, 253, 255, 256, 257, 259, 260, 261, 262, 263, 264, 267, 268, 269, 270, 273, 274, 276, 277, 280, 281, 282, 284, 285, 286, 289, 290, 291, 294, 295, 296, 297, 299]correct=211, total=300, accuracy=0.7033  | ./output/gridsearch/Qwen2.5-VL-7B-Instruct-mmvp-tokens6-lr0.01-sigma1.0-sigdecay0.95-steps10-topk10-conf
Data Idx with Correct Answer: [0, 2, 5, 6, 7, 8, 9, 10, 11, 12, 15, 16, 17, 21, 23, 24, 25, 26, 27, 28, 29, 30, 35, 36, 37, 38, 39, 40, 43, 44, 45, 49, 50, 51, 52, 54, 55, 57, 58, 60, 61, 63, 64, 65, 66, 67, 68, 70, 72, 73, 74, 76, 78, 80, 83, 85, 86, 87, 88, 89, 90, 91, 92, 93, 94, 95, 96, 97, 98, 100, 102, 103, 105, 107, 109, 111, 112, 113, 116, 118, 120, 121, 122, 123, 125, 126, 129, 130, 131, 132, 133, 134, 135, 136, 137, 138, 139, 140, 141, 142, 143, 144, 147, 148, 149, 151, 153, 156, 157, 159, 160, 163, 164, 165, 167, 169, 170, 171, 172, 173, 174, 175, 176, 179, 180, 181, 183, 184, 187, 188, 189, 190, 192, 193, 194, 196, 197, 198, 200, 201, 202, 203, 204, 205, 206, 207, 208, 209, 210, 211, 212, 213, 216, 217, 218, 219, 220, 221, 222, 223, 225, 226, 228, 230, 232, 233, 234, 235, 236, 237, 238, 240, 243, 244, 245, 246, 248, 249, 251, 252, 253, 255, 257, 260, 261, 262, 263, 264, 265, 267, 268, 269, 270, 273, 274, 276, 277, 280, 281, 282, 284, 286, 287, 289, 290, 291, 294, 295, 296, 297, 299]correct=211, total=300, accuracy=0.7033  | ./output/gridsearch/Qwen2.5-VL-7B-Instruct-mmvp-tokens2-lr0.001-sigma1.0-sigdecay0.9-steps10-topk10-conf
Data Idx with Correct Answer: [0, 2, 5, 6, 7, 8, 9, 10, 11, 12, 15, 16, 17, 18, 21, 23, 24, 25, 26, 27, 28, 29, 30, 35, 36, 37, 38, 39, 40, 43, 44, 49, 50, 51, 52, 54, 55, 56, 58, 60, 61, 63, 64, 65, 66, 67, 68, 70, 72, 73, 74, 76, 78, 79, 80, 83, 85, 87, 88, 89, 90, 92, 93, 94, 96, 97, 98, 101, 102, 103, 105, 107, 109, 111, 112, 113, 116, 117, 119, 120, 121, 122, 123, 124, 125, 126, 129, 130, 132, 133, 134, 135, 136, 137, 138, 139, 141, 143, 145, 147, 148, 149, 151, 152, 153, 154, 156, 158, 159, 161, 163, 164, 165, 167, 169, 170, 171, 174, 175, 176, 179, 180, 181, 183, 184, 187, 188, 189, 190, 191, 192, 193, 194, 196, 197, 198, 200, 201, 202, 203, 204, 205, 206, 207, 208, 209, 210, 211, 212, 213, 217, 218, 219, 220, 221, 222, 223, 225, 226, 228, 230, 232, 233, 234, 235, 236, 237, 238, 240, 243, 244, 245, 246, 247, 248, 249, 251, 252, 253, 254, 255, 256, 257, 259, 260, 261, 262, 263, 264, 267, 268, 269, 270, 273, 274, 276, 277, 280, 281, 282, 283, 284, 288, 289, 290, 292, 294, 295, 296, 297, 299]correct=211, total=300, accuracy=0.7033  | ./output/gridsearch/Qwen2.5-VL-7B-Instruct-mmvp-tokens2-lr0.005-sigma1.0-sigdecay0.9-steps10-topk10-conf
Data Idx with Correct Answer: [0, 2, 5, 6, 7, 8, 9, 10, 11, 12, 15, 16, 17, 18, 21, 23, 24, 25, 26, 27, 28, 29, 30, 33, 35, 36, 37, 38, 39, 40, 43, 44, 45, 46, 49, 50, 51, 52, 54, 55, 56, 57, 58, 60, 61, 63, 64, 65, 66, 67, 68, 70, 72, 73, 74, 76, 78, 79, 80, 83, 85, 87, 88, 89, 90, 92, 93, 94, 96, 97, 98, 101, 102, 103, 105, 107, 109, 111, 112, 113, 116, 117, 118, 120, 121, 122, 123, 125, 126, 130, 133, 135, 136, 137, 138, 139, 140, 141, 143, 144, 147, 148, 149, 151, 152, 153, 154, 156, 157, 158, 159, 160, 161, 163, 164, 165, 167, 169, 170, 171, 174, 175, 176, 180, 181, 183, 184, 187, 188, 189, 190, 192, 193, 194, 196, 197, 198, 200, 201, 202, 203, 204, 205, 206, 207, 208, 209, 210, 211, 212, 213, 214, 217, 218, 219, 221, 222, 223, 225, 226, 228, 230, 232, 233, 234, 235, 236, 237, 238, 240, 242, 243, 244, 245, 246, 248, 249, 251, 252, 253, 255, 256, 257, 260, 261, 262, 263, 264, 265, 267, 268, 269, 270, 273, 274, 276, 277, 280, 281, 282, 284, 288, 289, 290, 291, 292, 294, 295, 296, 297, 299]correct=211, total=300, accuracy=0.7033  | ./output/gridsearch/Qwen2.5-VL-7B-Instruct-mmvp-tokens2-lr0.01-sigma1.0-sigdecay0.9-steps10-topk10-conf
Data Idx with Correct Answer: [0, 2, 5, 6, 7, 8, 9, 10, 11, 12, 15, 16, 17, 18, 21, 22, 23, 24, 25, 26, 27, 28, 29, 30, 33, 35, 36, 37, 38, 39, 40, 43, 44, 49, 50, 51, 52, 54, 55, 56, 57, 58, 60, 61, 63, 64, 65, 66, 67, 68, 70, 73, 74, 76, 78, 79, 80, 83, 85, 87, 88, 89, 90, 92, 93, 94, 95, 96, 97, 98, 101, 102, 103, 105, 107, 109, 111, 112, 113, 116, 120, 121, 122, 123, 125, 126, 129, 130, 131, 132, 134, 136, 137, 138, 139, 140, 141, 143, 144, 147, 148, 151, 152, 153, 154, 156, 157, 158, 159, 161, 163, 164, 165, 167, 169, 170, 171, 172, 173, 174, 175, 176, 179, 180, 181, 183, 184, 187, 188, 189, 190, 191, 192, 193, 194, 196, 197, 198, 200, 201, 202, 203, 204, 205, 206, 207, 208, 209, 210, 211, 212, 213, 216, 217, 219, 221, 222, 223, 225, 226, 228, 230, 232, 233, 234, 235, 236, 237, 238, 240, 243, 244, 245, 246, 248, 249, 251, 252, 253, 255, 256, 257, 259, 260, 261, 262, 263, 264, 267, 268, 269, 270, 273, 274, 276, 277, 280, 281, 282, 284, 285, 287, 288, 289, 290, 292, 294, 295, 296, 297, 299]correct=211, total=300, accuracy=0.7033  | ./output/gridsearch/Qwen2.5-VL-7B-Instruct-mmvp-tokens2-lr0.005-sigma1.0-sigdecay0.95-steps15-topk10-conf
Data Idx with Correct Answer: [0, 2, 5, 6, 7, 8, 9, 10, 11, 12, 15, 16, 17, 18, 19, 21, 24, 25, 26, 27, 28, 29, 30, 35, 36, 37, 38, 39, 40, 43, 44, 45, 49, 50, 51, 52, 55, 57, 58, 60, 61, 63, 64, 65, 66, 67, 68, 70, 73, 74, 75, 76, 78, 79, 80, 83, 85, 86, 87, 88, 89, 90, 92, 93, 94, 96, 97, 98, 101, 102, 103, 105, 106, 107, 109, 111, 112, 113, 116, 117, 119, 120, 121, 122, 123, 125, 126, 128, 130, 132, 134, 135, 136, 137, 138, 139, 141, 143, 144, 145, 146, 147, 148, 149, 150, 151, 152, 153, 154, 157, 158, 159, 161, 162, 163, 167, 169, 171, 172, 174, 175, 176, 179, 180, 181, 183, 184, 186, 187, 189, 190, 191, 192, 193, 194, 196, 197, 198, 200, 201, 202, 203, 204, 205, 206, 207, 208, 209, 210, 211, 212, 213, 216, 217, 219, 221, 222, 223, 225, 226, 228, 230, 232, 233, 235, 237, 238, 240, 241, 242, 243, 244, 245, 246, 247, 248, 249, 251, 252, 255, 256, 257, 259, 260, 261, 262, 263, 264, 265, 267, 268, 269, 270, 273, 274, 276, 277, 280, 281, 282, 284, 285, 287, 288, 289, 291, 292, 294, 296, 297, 299]correct=211, total=300, accuracy=0.7033  | ./output/gridsearch/Qwen2.5-VL-7B-Instruct-mmvp-tokens2-lr0.05-sigma0.1-sigdecay0.95-steps15-topk10-conf
Data Idx with Correct Answer: [0, 2, 5, 6, 7, 8, 9, 10, 11, 12, 15, 16, 17, 18, 19, 21, 23, 24, 25, 26, 27, 28, 29, 30, 33, 35, 36, 37, 38, 39, 40, 43, 44, 49, 50, 51, 52, 54, 55, 56, 57, 58, 60, 61, 63, 64, 65, 66, 67, 68, 72, 73, 74, 76, 78, 79, 80, 83, 85, 87, 88, 89, 90, 92, 93, 94, 95, 96, 97, 98, 101, 102, 103, 105, 107, 109, 111, 112, 113, 114, 116, 118, 119, 120, 121, 122, 123, 125, 126, 129, 130, 131, 132, 134, 135, 136, 137, 138, 139, 140, 141, 142, 143, 147, 148, 149, 151, 152, 153, 154, 156, 158, 159, 163, 167, 169, 170, 171, 172, 173, 174, 175, 176, 179, 180, 181, 183, 184, 187, 188, 189, 190, 192, 194, 196, 197, 198, 200, 201, 202, 203, 204, 205, 206, 207, 208, 209, 210, 211, 212, 213, 214, 216, 217, 219, 220, 221, 222, 223, 225, 226, 228, 230, 232, 233, 234, 235, 237, 238, 243, 244, 245, 246, 248, 249, 250, 251, 252, 253, 255, 256, 257, 259, 260, 261, 262, 263, 264, 267, 268, 269, 270, 273, 274, 276, 277, 280, 281, 282, 283, 284, 285, 289, 290, 291, 292, 294, 295, 296, 297, 299]correct=211, total=300, accuracy=0.7033  | ./output/gridsearch/Qwen2.5-VL-7B-Instruct-mmvp-tokens2-lr0.01-sigma5.0-sigdecay0.9-steps10-topk10-conf
Data Idx with Correct Answer: [0, 2, 5, 6, 7, 8, 9, 10, 11, 12, 15, 16, 17, 18, 19, 21, 23, 24, 25, 26, 27, 28, 29, 30, 33, 35, 36, 37, 38, 39, 40, 43, 44, 45, 47, 49, 50, 51, 52, 55, 56, 57, 58, 60, 61, 63, 64, 65, 66, 67, 68, 72, 73, 74, 76, 78, 79, 80, 83, 85, 87, 88, 89, 90, 92, 93, 94, 96, 97, 98, 101, 102, 103, 105, 106, 107, 109, 111, 112, 113, 117, 118, 119, 120, 121, 122, 123, 124, 125, 126, 130, 132, 134, 135, 136, 137, 138, 139, 140, 141, 143, 147, 148, 149, 151, 152, 153, 154, 157, 158, 159, 160, 161, 163, 164, 165, 167, 169, 170, 171, 172, 174, 175, 176, 179, 180, 181, 183, 184, 187, 188, 189, 190, 193, 194, 196, 197, 198, 200, 201, 202, 203, 204, 205, 206, 207, 209, 210, 211, 212, 213, 214, 217, 218, 219, 220, 221, 222, 223, 225, 226, 228, 230, 232, 233, 235, 237, 238, 240, 241, 243, 244, 245, 246, 248, 249, 251, 252, 253, 255, 256, 257, 259, 260, 261, 262, 263, 264, 265, 267, 268, 269, 270, 273, 274, 276, 277, 280, 281, 282, 284, 287, 288, 289, 290, 291, 292, 294, 296, 297, 299]correct=211, total=300, accuracy=0.7033  | ./output/gridsearch/Qwen2.5-VL-7B-Instruct-mmvp-tokens2-lr0.05-sigma1.0-sigdecay0.9-steps10-topk5-conf
Data Idx with Correct Answer: [0, 2, 5, 6, 7, 8, 9, 10, 11, 12, 15, 16, 17, 18, 19, 21, 23, 24, 25, 26, 27, 28, 29, 30, 32, 35, 36, 37, 38, 39, 40, 43, 44, 45, 47, 49, 50, 51, 52, 55, 56, 57, 58, 60, 61, 63, 64, 65, 66, 67, 68, 70, 72, 73, 74, 76, 79, 80, 83, 85, 87, 88, 89, 90, 92, 93, 94, 96, 97, 98, 101, 102, 103, 105, 106, 107, 109, 111, 112, 113, 116, 117, 119, 120, 121, 122, 123, 124, 125, 126, 130, 132, 134, 136, 137, 138, 139, 140, 141, 147, 148, 151, 152, 153, 154, 156, 157, 158, 159, 161, 163, 164, 165, 167, 169, 170, 171, 172, 173, 174, 175, 176, 179, 180, 181, 183, 184, 187, 188, 189, 190, 192, 193, 194, 196, 197, 198, 201, 202, 203, 204, 205, 206, 207, 208, 209, 210, 211, 212, 213, 214, 216, 217, 218, 219, 220, 221, 222, 223, 225, 226, 228, 230, 232, 233, 235, 236, 237, 238, 240, 241, 243, 244, 245, 246, 248, 249, 251, 252, 253, 255, 256, 257, 260, 261, 262, 263, 264, 266, 267, 268, 269, 270, 273, 274, 276, 277, 280, 281, 282, 284, 286, 287, 288, 289, 290, 292, 294, 296, 297, 299]correct=211, total=300, accuracy=0.7033  | ./output/gridsearch/Qwen2.5-VL-7B-Instruct-mmvp-tokens2-lr0.005-sigma0.1-sigdecay0.95-steps15-topk5-conf
Data Idx with Correct Answer: [0, 2, 5, 6, 7, 8, 9, 10, 11, 12, 15, 16, 17, 18, 19, 21, 23, 24, 25, 26, 27, 28, 29, 30, 32, 33, 35, 36, 37, 38, 39, 40, 43, 44, 45, 47, 49, 50, 51, 52, 55, 57, 58, 60, 61, 63, 64, 65, 66, 67, 68, 73, 74, 76, 78, 79, 80, 82, 83, 86, 87, 88, 89, 90, 92, 93, 95, 96, 97, 102, 103, 104, 105, 106, 107, 109, 111, 112, 113, 116, 118, 120, 121, 122, 123, 125, 126, 130, 131, 132, 134, 135, 136, 137, 138, 139, 140, 141, 142, 143, 147, 148, 150, 151, 152, 153, 154, 157, 158, 162, 163, 164, 167, 169, 171, 174, 175, 176, 179, 180, 181, 183, 184, 187, 188, 189, 190, 191, 192, 193, 194, 196, 197, 198, 200, 201, 202, 204, 205, 206, 207, 208, 209, 210, 211, 212, 213, 215, 216, 217, 218, 219, 221, 222, 223, 225, 226, 229, 230, 232, 233, 234, 235, 236, 237, 238, 240, 242, 243, 244, 245, 246, 247, 248, 249, 250, 251, 252, 253, 255, 256, 257, 259, 260, 261, 262, 263, 264, 265, 267, 268, 269, 270, 273, 274, 276, 277, 280, 281, 282, 284, 286, 288, 289, 290, 291, 292, 294, 296, 297, 299]correct=211, total=300, accuracy=0.7033  | ./output/gridsearch/Qwen2.5-VL-7B-Instruct-mmvp-tokens4-lr0.005-sigma5.0-sigdecay0.9-steps10-topk10-conf
Data Idx with Correct Answer: [0, 2, 5, 6, 7, 8, 9, 10, 11, 12, 15, 16, 17, 18, 19, 21, 22, 23, 24, 25, 26, 27, 28, 29, 30, 35, 36, 37, 38, 39, 40, 43, 44, 47, 49, 50, 51, 52, 55, 57, 58, 60, 61, 63, 64, 65, 66, 67, 68, 70, 73, 74, 76, 78, 79, 80, 83, 85, 86, 87, 88, 89, 90, 92, 93, 96, 97, 98, 101, 102, 103, 105, 107, 109, 112, 113, 116, 118, 119, 120, 121, 122, 123, 124, 125, 126, 128, 130, 132, 133, 134, 135, 136, 137, 138, 139, 140, 141, 143, 147, 148, 149, 151, 152, 153, 154, 159, 161, 163, 164, 167, 169, 170, 171, 172, 174, 175, 176, 179, 180, 181, 183, 184, 187, 188, 189, 190, 192, 193, 194, 196, 197, 198, 200, 201, 202, 203, 204, 205, 206, 207, 208, 209, 210, 211, 212, 213, 214, 217, 219, 220, 221, 222, 223, 225, 226, 228, 229, 230, 232, 233, 234, 235, 237, 238, 240, 242, 243, 244, 245, 246, 247, 248, 249, 251, 252, 253, 255, 256, 257, 259, 260, 261, 262, 263, 264, 265, 266, 267, 268, 269, 270, 273, 274, 276, 277, 280, 281, 282, 284, 286, 288, 289, 290, 291, 292, 294, 295, 296, 297, 299]correct=211, total=300, accuracy=0.7033  | ./output/gridsearch/Qwen2.5-VL-7B-Instruct-mmvp-tokens6-lr0.005-sigma1.0-sigdecay0.95-steps10-topk10-conf
Data Idx with Correct Answer: [0, 2, 5, 6, 7, 8, 9, 10, 11, 12, 15, 16, 17, 18, 19, 21, 22, 23, 24, 25, 26, 27, 28, 29, 30, 35, 36, 37, 38, 39, 40, 43, 44, 45, 47, 49, 50, 51, 52, 55, 56, 58, 60, 61, 63, 64, 65, 66, 67, 68, 73, 74, 76, 78, 79, 80, 83, 85, 87, 88, 89, 90, 92, 93, 94, 95, 96, 97, 98, 101, 102, 103, 105, 106, 107, 109, 111, 112, 113, 116, 117, 119, 120, 121, 122, 123, 124, 125, 126, 133, 134, 135, 136, 137, 138, 139, 140, 141, 143, 147, 148, 149, 151, 152, 153, 154, 157, 158, 159, 161, 163, 164, 165, 167, 169, 170, 171, 172, 174, 175, 176, 180, 181, 183, 184, 187, 188, 189, 190, 191, 193, 194, 196, 197, 198, 200, 201, 202, 203, 204, 205, 206, 207, 208, 209, 210, 211, 212, 213, 216, 217, 218, 219, 220, 221, 222, 223, 225, 226, 228, 230, 232, 233, 235, 236, 237, 238, 240, 241, 243, 244, 245, 246, 247, 248, 249, 251, 252, 253, 255, 256, 257, 260, 261, 262, 263, 264, 266, 267, 268, 269, 270, 273, 274, 276, 277, 280, 281, 282, 284, 286, 287, 288, 289, 290, 292, 294, 295, 296, 297, 299]correct=211, total=300, accuracy=0.7033  | ./output/gridsearch/Qwen2.5-VL-7B-Instruct-mmvp-tokens2-lr0.05-sigma1.0-sigdecay0.95-steps15-topk5-conf
Data Idx with Correct Answer: [0, 2, 5, 6, 7, 8, 9, 10, 11, 12, 15, 16, 17, 18, 19, 21, 22, 23, 24, 25, 26, 27, 28, 29, 30, 33, 35, 36, 37, 38, 39, 40, 43, 44, 49, 50, 51, 52, 54, 55, 57, 58, 60, 61, 63, 64, 65, 66, 67, 68, 73, 74, 76, 80, 83, 85, 86, 87, 88, 89, 90, 92, 93, 95, 96, 97, 98, 101, 102, 103, 105, 106, 107, 109, 112, 113, 116, 117, 118, 120, 121, 122, 123, 124, 125, 126, 130, 132, 134, 135, 136, 137, 138, 139, 140, 141, 142, 143, 147, 148, 149, 150, 151, 152, 153, 154, 156, 158, 160, 161, 163, 164, 165, 167, 169, 170, 171, 172, 174, 175, 176, 179, 180, 181, 183, 184, 187, 188, 189, 190, 192, 193, 194, 196, 197, 198, 201, 202, 203, 204, 205, 206, 207, 208, 209, 210, 211, 212, 213, 215, 216, 217, 218, 219, 221, 222, 223, 225, 226, 228, 230, 232, 233, 234, 235, 237, 238, 242, 243, 244, 245, 246, 248, 249, 251, 252, 253, 255, 256, 257, 259, 260, 261, 262, 263, 264, 267, 268, 269, 270, 273, 274, 276, 277, 280, 281, 282, 284, 285, 286, 288, 289, 290, 291, 292, 293, 294, 295, 296, 297, 299]correct=211, total=300, accuracy=0.7033  | ./output/gridsearch/Qwen2.5-VL-7B-Instruct-mmvp-tokens6-lr0.005-sigma1.0-sigdecay0.9-steps15-topk10-conf
Data Idx with Correct Answer: [0, 2, 5, 6, 7, 8, 9, 10, 11, 12, 15, 16, 17, 18, 19, 21, 22, 23, 24, 25, 26, 27, 28, 29, 30, 33, 35, 36, 37, 38, 39, 40, 43, 44, 47, 49, 50, 51, 54, 55, 57, 58, 60, 61, 63, 64, 65, 66, 67, 68, 70, 73, 74, 76, 80, 83, 85, 86, 87, 88, 89, 90, 91, 92, 93, 96, 97, 98, 101, 102, 103, 105, 107, 109, 111, 112, 113, 116, 117, 118, 119, 120, 121, 122, 123, 125, 126, 128, 130, 132, 133, 134, 135, 136, 137, 138, 139, 141, 143, 144, 145, 146, 147, 148, 151, 152, 153, 154, 157, 158, 159, 161, 163, 164, 167, 169, 170, 171, 172, 174, 175, 176, 180, 181, 183, 184, 187, 188, 189, 190, 192, 193, 194, 196, 197, 198, 200, 202, 203, 204, 205, 206, 207, 208, 209, 210, 211, 212, 213, 214, 215, 216, 217, 218, 219, 221, 222, 223, 225, 226, 228, 229, 230, 232, 233, 235, 237, 238, 240, 243, 244, 245, 246, 248, 249, 251, 252, 253, 255, 256, 257, 259, 260, 261, 262, 263, 264, 265, 266, 267, 268, 269, 270, 273, 274, 276, 277, 280, 281, 282, 284, 285, 288, 289, 290, 291, 292, 294, 296, 297, 299]correct=211, total=300, accuracy=0.7033  | ./output/gridsearch/Qwen2.5-VL-7B-Instruct-mmvp-tokens6-lr0.01-sigma0.1-sigdecay0.95-steps15-topk5-conf
Data Idx with Correct Answer: [0, 2, 5, 6, 7, 8, 9, 10, 11, 12, 15, 16, 17, 18, 19, 21, 22, 23, 24, 25, 26, 27, 28, 29, 30, 33, 35, 36, 37, 38, 39, 40, 43, 44, 45, 49, 50, 51, 52, 55, 56, 57, 58, 60, 61, 63, 64, 65, 66, 67, 68, 70, 72, 73, 74, 76, 79, 80, 83, 85, 86, 87, 88, 89, 90, 91, 92, 93, 94, 95, 96, 97, 98, 101, 102, 103, 105, 106, 107, 108, 109, 111, 112, 113, 116, 117, 119, 120, 121, 122, 123, 125, 126, 130, 132, 133, 136, 137, 138, 139, 140, 141, 142, 143, 147, 148, 151, 152, 153, 154, 157, 158, 159, 161, 163, 164, 167, 169, 170, 171, 172, 174, 175, 176, 179, 180, 181, 183, 184, 187, 188, 189, 190, 192, 194, 196, 197, 198, 201, 202, 203, 204, 205, 206, 207, 208, 209, 210, 211, 212, 213, 214, 215, 217, 218, 219, 220, 221, 222, 223, 225, 226, 228, 229, 230, 232, 233, 235, 237, 238, 240, 242, 243, 244, 245, 246, 248, 249, 251, 252, 255, 256, 257, 259, 260, 261, 262, 263, 264, 265, 267, 268, 269, 270, 273, 274, 276, 280, 281, 282, 283, 284, 285, 288, 289, 291, 292, 294, 296, 297, 299]correct=211, total=300, accuracy=0.7033  | ./output/gridsearch/Qwen2.5-VL-7B-Instruct-mmvp-tokens4-lr0.005-sigma0.1-sigdecay0.9-steps10-topk5-conf
Data Idx with Correct Answer: [0, 2, 5, 6, 7, 8, 9, 10, 11, 12, 15, 16, 17, 18, 19, 21, 22, 23, 24, 25, 26, 27, 28, 29, 30, 32, 35, 36, 37, 38, 39, 40, 43, 44, 47, 49, 50, 52, 55, 57, 58, 60, 61, 63, 64, 65, 66, 67, 68, 70, 73, 74, 78, 80, 83, 85, 86, 87, 88, 89, 90, 92, 93, 95, 96, 97, 98, 101, 102, 103, 105, 107, 109, 111, 112, 113, 114, 116, 119, 120, 121, 122, 123, 125, 126, 129, 130, 131, 132, 133, 134, 135, 136, 137, 138, 139, 140, 141, 142, 143, 144, 147, 148, 149, 150, 151, 152, 153, 154, 158, 159, 160, 163, 164, 167, 169, 170, 171, 172, 174, 175, 176, 179, 180, 181, 184, 187, 188, 189, 190, 192, 193, 194, 196, 197, 198, 200, 201, 202, 203, 204, 205, 206, 207, 209, 210, 211, 212, 213, 214, 217, 218, 219, 221, 222, 223, 225, 226, 228, 230, 232, 233, 234, 235, 237, 238, 240, 241, 243, 244, 245, 246, 247, 248, 249, 251, 252, 253, 255, 256, 257, 259, 260, 261, 262, 263, 264, 267, 268, 269, 270, 273, 274, 276, 277, 280, 281, 282, 283, 284, 285, 286, 288, 289, 290, 291, 293, 294, 296, 297, 299]correct=211, total=300, accuracy=0.7033  | ./output/gridsearch/Qwen2.5-VL-7B-Instruct-mmvp-tokens6-lr0.001-sigma1.0-sigdecay0.9-steps15-topk5-conf
Data Idx with Correct Answer: [0, 2, 3, 5, 6, 7, 8, 9, 10, 11, 12, 15, 17, 18, 21, 23, 24, 25, 26, 27, 28, 29, 30, 35, 36, 37, 38, 39, 40, 43, 44, 45, 47, 49, 50, 51, 52, 55, 57, 58, 60, 61, 63, 64, 65, 66, 67, 68, 69, 72, 73, 74, 76, 78, 79, 80, 85, 87, 88, 89, 90, 91, 92, 93, 95, 96, 97, 98, 101, 102, 103, 105, 107, 109, 111, 112, 113, 116, 117, 120, 121, 122, 123, 125, 126, 129, 130, 132, 134, 135, 136, 137, 138, 139, 140, 141, 142, 143, 145, 147, 148, 149, 151, 152, 153, 154, 156, 158, 159, 161, 163, 164, 165, 167, 169, 170, 171, 172, 173, 174, 175, 176, 179, 180, 181, 183, 184, 187, 188, 189, 190, 191, 192, 193, 194, 196, 197, 198, 200, 201, 202, 203, 204, 205, 206, 207, 209, 210, 211, 212, 213, 214, 216, 217, 218, 220, 221, 222, 223, 225, 226, 228, 230, 232, 233, 234, 235, 237, 238, 240, 243, 244, 245, 246, 248, 249, 250, 251, 252, 253, 255, 256, 257, 260, 261, 262, 263, 264, 265, 267, 268, 269, 270, 273, 274, 276, 277, 280, 281, 282, 284, 286, 288, 289, 290, 292, 294, 295, 296, 297, 299]correct=211, total=300, accuracy=0.7033  | ./output/gridsearch/Qwen2.5-VL-7B-Instruct-mmvp-tokens2-lr0.001-sigma1.0-sigdecay0.9-steps15-topk10-conf
Data Idx with Correct Answer: [0, 2, 3, 5, 6, 7, 8, 9, 10, 11, 12, 15, 16, 17, 18, 21, 23, 24, 25, 26, 27, 28, 29, 30, 32, 35, 36, 37, 38, 39, 40, 43, 44, 45, 47, 49, 50, 51, 52, 55, 57, 58, 60, 61, 63, 64, 65, 66, 67, 70, 72, 73, 74, 76, 78, 79, 80, 83, 86, 87, 88, 89, 90, 92, 93, 95, 96, 97, 98, 101, 102, 103, 104, 105, 106, 107, 109, 111, 112, 113, 116, 120, 121, 122, 123, 125, 126, 129, 130, 134, 135, 136, 137, 138, 139, 140, 141, 142, 143, 144, 147, 148, 149, 150, 151, 152, 153, 154, 156, 158, 160, 163, 164, 167, 169, 171, 172, 173, 174, 175, 179, 180, 181, 183, 184, 187, 188, 189, 190, 192, 193, 194, 196, 197, 198, 200, 201, 202, 203, 204, 205, 206, 207, 208, 209, 210, 211, 213, 214, 216, 217, 218, 219, 221, 222, 223, 225, 226, 228, 229, 230, 232, 233, 234, 235, 237, 238, 240, 243, 244, 245, 246, 247, 248, 251, 252, 253, 255, 256, 257, 259, 260, 261, 262, 263, 264, 265, 266, 267, 268, 269, 270, 273, 274, 276, 277, 280, 281, 282, 283, 284, 285, 286, 287, 288, 289, 290, 294, 296, 297, 299]correct=211, total=300, accuracy=0.7033  | ./output/gridsearch/Qwen2.5-VL-7B-Instruct-mmvp-tokens4-lr0.005-sigma5.0-sigdecay0.95-steps10-topk5-conf
Data Idx with Correct Answer: [0, 2, 3, 5, 6, 7, 8, 9, 10, 11, 12, 15, 16, 17, 18, 19, 21, 22, 23, 24, 25, 26, 27, 28, 29, 30, 33, 35, 36, 37, 38, 39, 40, 43, 45, 47, 49, 50, 52, 55, 56, 57, 58, 60, 61, 63, 64, 65, 66, 67, 68, 72, 73, 74, 76, 78, 79, 80, 83, 85, 87, 88, 89, 90, 92, 93, 95, 96, 97, 98, 101, 102, 103, 104, 105, 107, 108, 109, 111, 112, 113, 115, 117, 119, 120, 121, 122, 123, 125, 126, 129, 130, 132, 133, 134, 136, 137, 138, 139, 140, 141, 143, 144, 145, 147, 148, 149, 150, 151, 153, 154, 159, 161, 163, 164, 167, 169, 170, 171, 174, 175, 179, 180, 181, 183, 184, 187, 188, 189, 192, 193, 194, 196, 197, 198, 200, 201, 202, 203, 204, 205, 206, 207, 209, 210, 211, 212, 213, 215, 217, 218, 219, 220, 221, 222, 223, 225, 226, 228, 229, 230, 232, 233, 235, 237, 238, 240, 243, 244, 245, 246, 247, 248, 249, 250, 252, 253, 254, 255, 257, 260, 261, 262, 263, 264, 265, 266, 267, 268, 269, 270, 272, 273, 274, 276, 277, 280, 281, 282, 284, 286, 288, 289, 290, 291, 292, 293, 294, 296, 297, 299]correct=211, total=300, accuracy=0.7033  | ./output/gridsearch/Qwen2.5-VL-7B-Instruct-mmvp-tokens6-lr0.005-sigma5.0-sigdecay0.9-steps10-topk5-conf
Data Idx with Correct Answer: [0, 5, 6, 7, 8, 9, 10, 11, 12, 15, 17, 18, 19, 21, 23, 24, 25, 26, 27, 28, 29, 30, 33, 35, 36, 37, 38, 39, 40, 43, 44, 45, 47, 49, 51, 52, 55, 57, 58, 60, 61, 63, 64, 65, 66, 67, 68, 70, 73, 74, 76, 79, 80, 83, 85, 86, 87, 88, 89, 90, 92, 93, 94, 96, 97, 98, 101, 102, 103, 104, 105, 107, 109, 111, 112, 113, 116, 119, 120, 121, 122, 123, 124, 125, 126, 127, 128, 130, 134, 135, 136, 137, 138, 139, 140, 141, 143, 144, 147, 149, 150, 151, 152, 153, 154, 157, 158, 159, 160, 162, 163, 167, 169, 170, 171, 172, 174, 175, 176, 179, 180, 181, 184, 187, 188, 189, 190, 192, 193, 194, 196, 197, 198, 200, 201, 202, 203, 204, 205, 206, 207, 208, 209, 210, 211, 212, 213, 215, 216, 217, 218, 219, 221, 222, 223, 225, 226, 228, 229, 230, 232, 233, 234, 235, 237, 238, 240, 241, 242, 243, 244, 245, 246, 247, 248, 249, 251, 252, 253, 255, 256, 257, 259, 260, 261, 262, 263, 264, 265, 267, 268, 270, 273, 274, 276, 277, 280, 281, 282, 284, 285, 287, 288, 289, 290, 291, 294, 296, 297, 299]correct=210, total=300, accuracy=0.7000  | ./output/gridsearch/Qwen2.5-VL-7B-Instruct-mmvp-tokens4-lr0.05-sigma0.1-sigdecay0.95-steps10-topk10-conf
Data Idx with Correct Answer: [0, 3, 5, 6, 7, 8, 9, 10, 11, 12, 15, 16, 17, 21, 23, 24, 25, 26, 27, 28, 29, 30, 33, 35, 36, 37, 38, 39, 40, 43, 44, 45, 46, 49, 50, 51, 52, 54, 55, 57, 58, 60, 61, 63, 64, 65, 66, 67, 68, 70, 72, 73, 74, 76, 78, 79, 80, 87, 88, 89, 90, 92, 93, 95, 96, 97, 98, 101, 102, 103, 104, 105, 107, 109, 111, 112, 113, 116, 117, 119, 120, 121, 122, 123, 125, 126, 129, 130, 131, 132, 133, 134, 135, 136, 137, 138, 139, 140, 141, 143, 147, 148, 149, 151, 153, 156, 158, 159, 161, 163, 164, 165, 167, 169, 170, 171, 172, 173, 174, 175, 176, 179, 180, 181, 183, 184, 187, 188, 189, 190, 191, 192, 193, 194, 196, 197, 198, 200, 201, 202, 203, 204, 205, 206, 207, 208, 209, 210, 211, 212, 213, 214, 217, 221, 222, 223, 225, 226, 228, 229, 230, 232, 233, 234, 235, 236, 237, 238, 240, 244, 245, 246, 248, 249, 251, 252, 253, 255, 257, 260, 261, 262, 263, 264, 265, 266, 267, 268, 269, 270, 272, 273, 274, 276, 277, 280, 281, 282, 284, 286, 288, 289, 290, 291, 293, 294, 295, 296, 297, 299]correct=210, total=300, accuracy=0.7000  | ./output/gridsearch/Qwen2.5-VL-7B-Instruct-mmvp-tokens2-lr0.001-sigma5.0-sigdecay0.95-steps10-topk5-conf
Data Idx with Correct Answer: [0, 3, 5, 6, 7, 8, 9, 10, 11, 12, 15, 16, 17, 18, 21, 23, 24, 25, 26, 27, 28, 29, 30, 32, 33, 35, 36, 37, 38, 39, 40, 43, 45, 46, 47, 49, 50, 51, 52, 54, 55, 57, 58, 60, 61, 63, 64, 65, 66, 67, 68, 70, 72, 73, 74, 76, 78, 80, 87, 88, 89, 90, 92, 93, 95, 96, 97, 98, 101, 102, 103, 105, 107, 109, 111, 112, 113, 115, 116, 117, 120, 121, 122, 123, 125, 126, 129, 130, 131, 132, 133, 134, 136, 137, 138, 139, 140, 141, 143, 147, 148, 149, 151, 153, 156, 158, 160, 161, 163, 164, 165, 167, 169, 170, 171, 172, 173, 174, 175, 176, 179, 180, 181, 183, 184, 187, 188, 189, 190, 191, 192, 193, 196, 197, 198, 200, 201, 202, 203, 204, 205, 206, 207, 208, 209, 210, 211, 212, 213, 214, 217, 221, 222, 223, 225, 226, 228, 229, 230, 232, 233, 234, 235, 236, 237, 238, 240, 242, 244, 245, 246, 248, 249, 251, 252, 253, 254, 255, 256, 257, 260, 261, 262, 263, 264, 265, 266, 267, 268, 269, 270, 272, 273, 274, 276, 277, 280, 281, 282, 284, 285, 286, 288, 289, 290, 293, 294, 296, 297, 299]correct=210, total=300, accuracy=0.7000  | ./output/gridsearch/Qwen2.5-VL-7B-Instruct-mmvp-tokens2-lr0.001-sigma5.0-sigdecay0.95-steps10-topk10-conf
Data Idx with Correct Answer: [0, 2, 5, 6, 7, 8, 9, 10, 11, 12, 15, 17, 18, 19, 21, 23, 24, 25, 26, 27, 28, 29, 30, 33, 35, 36, 37, 38, 39, 40, 43, 44, 47, 49, 50, 51, 52, 55, 57, 58, 60, 61, 63, 64, 65, 66, 67, 68, 70, 73, 74, 76, 78, 79, 80, 83, 84, 85, 86, 87, 88, 89, 90, 91, 92, 93, 95, 96, 97, 98, 101, 102, 103, 105, 106, 107, 109, 111, 112, 113, 115, 117, 118, 119, 120, 121, 122, 123, 124, 125, 126, 130, 132, 134, 135, 136, 137, 138, 139, 141, 143, 144, 147, 148, 150, 151, 152, 153, 154, 157, 162, 163, 164, 167, 169, 170, 171, 172, 174, 175, 179, 180, 181, 183, 184, 187, 188, 189, 190, 192, 193, 194, 196, 197, 198, 200, 201, 202, 203, 204, 205, 206, 207, 208, 209, 210, 211, 212, 213, 215, 217, 219, 220, 221, 222, 223, 225, 226, 228, 230, 232, 233, 235, 237, 238, 240, 242, 243, 244, 245, 246, 247, 248, 249, 251, 252, 253, 255, 256, 257, 259, 260, 261, 262, 263, 264, 265, 267, 268, 269, 270, 273, 274, 276, 277, 280, 281, 282, 284, 285, 286, 288, 289, 290, 292, 294, 295, 296, 297, 299]correct=210, total=300, accuracy=0.7000  | ./output/gridsearch/Qwen2.5-VL-7B-Instruct-mmvp-tokens6-lr0.001-sigma0.1-sigdecay0.95-steps10-topk10-conf
Data Idx with Correct Answer: [0, 2, 5, 6, 7, 8, 9, 10, 11, 12, 15, 17, 18, 19, 21, 22, 23, 24, 25, 26, 27, 28, 29, 30, 33, 35, 36, 37, 38, 39, 40, 43, 44, 47, 49, 50, 51, 52, 55, 57, 58, 60, 61, 63, 64, 65, 66, 67, 68, 72, 73, 74, 76, 79, 80, 83, 85, 86, 87, 88, 89, 90, 92, 93, 96, 97, 98, 101, 102, 103, 105, 107, 109, 111, 112, 113, 116, 117, 118, 119, 120, 121, 122, 123, 125, 126, 128, 130, 132, 133, 134, 135, 136, 137, 138, 139, 140, 141, 142, 143, 147, 148, 149, 151, 152, 153, 154, 157, 158, 159, 161, 163, 164, 167, 169, 171, 172, 174, 175, 176, 179, 180, 181, 183, 184, 187, 188, 189, 190, 192, 193, 194, 196, 197, 198, 200, 201, 202, 203, 204, 205, 206, 207, 208, 209, 210, 211, 212, 213, 215, 216, 217, 219, 220, 221, 222, 223, 225, 226, 228, 229, 230, 232, 233, 235, 237, 238, 240, 243, 244, 245, 246, 248, 249, 251, 252, 253, 255, 256, 257, 259, 260, 261, 262, 263, 264, 265, 266, 267, 268, 269, 270, 273, 274, 276, 277, 280, 281, 282, 284, 285, 287, 288, 289, 291, 292, 294, 296, 297, 299]correct=210, total=300, accuracy=0.7000  | ./output/gridsearch/Qwen2.5-VL-7B-Instruct-mmvp-tokens4-lr0.05-sigma1.0-sigdecay0.95-steps10-topk5-conf
Data Idx with Correct Answer: [0, 2, 5, 6, 7, 8, 9, 10, 11, 12, 15, 16, 17, 21, 23, 24, 25, 26, 27, 28, 29, 30, 32, 35, 36, 37, 38, 39, 40, 43, 44, 45, 49, 50, 51, 52, 54, 55, 57, 58, 60, 61, 63, 64, 65, 66, 67, 68, 72, 73, 74, 76, 78, 79, 80, 83, 85, 86, 87, 88, 89, 90, 92, 93, 94, 95, 96, 97, 98, 101, 102, 103, 105, 107, 109, 111, 112, 113, 114, 116, 118, 119, 120, 121, 122, 123, 124, 125, 126, 130, 132, 133, 134, 135, 136, 137, 138, 139, 140, 141, 142, 143, 147, 148, 149, 151, 152, 153, 154, 156, 158, 159, 160, 161, 162, 163, 165, 167, 169, 170, 171, 172, 173, 174, 175, 176, 179, 180, 181, 183, 184, 187, 188, 189, 190, 192, 193, 194, 196, 197, 198, 200, 201, 202, 204, 205, 206, 207, 208, 209, 210, 211, 212, 213, 216, 217, 219, 221, 222, 223, 225, 226, 228, 229, 230, 232, 233, 235, 237, 238, 240, 242, 243, 244, 245, 246, 248, 249, 250, 251, 252, 253, 255, 256, 257, 260, 261, 262, 263, 264, 267, 268, 269, 270, 273, 274, 276, 277, 280, 281, 282, 284, 286, 288, 289, 294, 295, 296, 297, 299]correct=210, total=300, accuracy=0.7000  | ./output/gridsearch/Qwen2.5-VL-7B-Instruct-mmvp-tokens2-lr0.005-sigma5.0-sigdecay0.95-steps10-topk10-conf
Data Idx with Correct Answer: [0, 2, 5, 6, 7, 8, 9, 10, 11, 12, 15, 16, 17, 18, 21, 23, 24, 25, 26, 27, 28, 29, 30, 35, 36, 37, 38, 39, 40, 43, 44, 45, 49, 50, 51, 52, 55, 56, 57, 58, 60, 61, 63, 64, 65, 66, 67, 68, 70, 72, 73, 74, 76, 78, 79, 80, 83, 85, 87, 88, 89, 90, 92, 93, 94, 96, 97, 98, 101, 102, 103, 105, 107, 109, 111, 112, 113, 114, 116, 117, 119, 120, 121, 122, 123, 125, 126, 129, 130, 134, 135, 136, 137, 138, 140, 141, 143, 145, 147, 148, 149, 151, 152, 153, 154, 156, 157, 158, 159, 160, 163, 165, 167, 169, 170, 171, 172, 173, 174, 175, 176, 179, 180, 181, 183, 184, 187, 188, 189, 190, 191, 192, 193, 194, 196, 197, 198, 201, 202, 203, 204, 205, 206, 207, 208, 209, 210, 211, 212, 213, 216, 217, 218, 219, 220, 221, 222, 223, 225, 226, 228, 230, 232, 233, 234, 235, 237, 238, 240, 243, 244, 245, 246, 248, 249, 251, 252, 253, 255, 256, 257, 259, 260, 261, 262, 263, 264, 267, 268, 269, 270, 273, 274, 276, 277, 280, 281, 282, 284, 285, 288, 289, 290, 291, 292, 294, 295, 296, 297, 299]correct=210, total=300, accuracy=0.7000  | ./output/gridsearch/Qwen2.5-VL-7B-Instruct-mmvp-tokens2-lr0.01-sigma5.0-sigdecay0.9-steps15-topk5-conf
Data Idx with Correct Answer: [0, 2, 5, 6, 7, 8, 9, 10, 11, 12, 15, 16, 17, 18, 19, 21, 24, 25, 26, 27, 28, 29, 30, 35, 36, 37, 38, 39, 40, 43, 44, 45, 47, 49, 50, 51, 52, 54, 55, 57, 58, 60, 61, 63, 64, 65, 66, 67, 68, 70, 73, 74, 75, 76, 78, 79, 80, 83, 85, 86, 87, 88, 89, 90, 92, 93, 94, 96, 97, 98, 102, 103, 105, 106, 107, 109, 111, 112, 113, 116, 117, 119, 120, 121, 122, 123, 125, 126, 128, 130, 132, 134, 136, 137, 138, 139, 141, 143, 144, 146, 147, 148, 149, 150, 151, 152, 153, 154, 157, 158, 159, 161, 162, 163, 167, 169, 171, 172, 174, 175, 176, 179, 180, 181, 183, 184, 186, 187, 189, 190, 191, 192, 193, 194, 196, 197, 198, 200, 201, 202, 203, 204, 205, 206, 207, 208, 209, 210, 211, 212, 213, 216, 217, 219, 221, 222, 223, 225, 226, 228, 230, 232, 233, 235, 237, 238, 240, 241, 242, 243, 244, 245, 246, 247, 248, 249, 251, 252, 253, 255, 256, 257, 259, 260, 261, 262, 263, 264, 265, 267, 268, 269, 270, 273, 274, 276, 277, 280, 281, 282, 284, 285, 288, 289, 291, 292, 294, 296, 297, 299]correct=210, total=300, accuracy=0.7000  | ./output/gridsearch/Qwen2.5-VL-7B-Instruct-mmvp-tokens2-lr0.05-sigma0.1-sigdecay0.9-steps15-topk10-conf
Data Idx with Correct Answer: [0, 2, 5, 6, 7, 8, 9, 10, 11, 12, 15, 16, 17, 18, 19, 21, 23, 24, 25, 26, 27, 28, 29, 30, 35, 36, 37, 38, 39, 40, 43, 44, 49, 50, 51, 52, 55, 58, 60, 61, 63, 64, 65, 66, 67, 68, 70, 72, 73, 74, 76, 79, 80, 83, 85, 86, 87, 88, 89, 90, 92, 93, 95, 96, 97, 98, 101, 102, 103, 105, 106, 107, 109, 111, 112, 113, 114, 116, 117, 120, 121, 122, 123, 125, 126, 130, 132, 133, 134, 135, 136, 137, 138, 139, 140, 141, 142, 143, 145, 147, 148, 149, 151, 152, 153, 154, 157, 158, 159, 163, 164, 165, 167, 169, 170, 171, 172, 174, 175, 176, 179, 180, 181, 183, 184, 187, 188, 189, 190, 192, 193, 194, 196, 197, 198, 200, 201, 202, 203, 204, 205, 206, 207, 208, 209, 210, 211, 212, 213, 214, 216, 217, 218, 219, 221, 222, 223, 225, 226, 228, 229, 230, 232, 233, 234, 235, 237, 238, 240, 241, 243, 244, 245, 246, 248, 249, 251, 252, 253, 255, 256, 257, 259, 260, 261, 262, 263, 264, 265, 267, 268, 269, 270, 273, 274, 276, 277, 280, 281, 282, 284, 288, 289, 291, 292, 294, 295, 296, 297, 299]correct=210, total=300, accuracy=0.7000  | ./output/gridsearch/Qwen2.5-VL-7B-Instruct-mmvp-tokens4-lr0.01-sigma5.0-sigdecay0.9-steps15-topk10-conf
Data Idx with Correct Answer: [0, 2, 5, 6, 7, 8, 9, 10, 11, 12, 15, 16, 17, 18, 19, 21, 23, 24, 25, 26, 27, 28, 29, 30, 33, 35, 36, 37, 38, 39, 40, 43, 44, 45, 47, 49, 50, 51, 52, 55, 56, 58, 60, 61, 63, 64, 65, 66, 67, 68, 70, 73, 74, 76, 80, 83, 85, 87, 88, 89, 90, 92, 93, 94, 96, 97, 98, 101, 102, 103, 105, 106, 107, 109, 111, 112, 113, 114, 116, 117, 118, 119, 120, 121, 122, 123, 124, 125, 126, 130, 133, 134, 135, 136, 137, 138, 139, 141, 143, 147, 148, 149, 151, 152, 153, 154, 157, 158, 159, 163, 164, 165, 167, 169, 170, 171, 172, 173, 174, 175, 176, 179, 180, 181, 183, 184, 187, 188, 189, 190, 192, 193, 194, 196, 197, 198, 200, 201, 202, 203, 204, 205, 206, 207, 208, 209, 210, 211, 212, 213, 217, 219, 220, 221, 222, 223, 225, 226, 228, 230, 232, 233, 234, 235, 237, 238, 240, 242, 243, 244, 245, 246, 247, 248, 249, 251, 252, 253, 255, 256, 257, 259, 260, 261, 262, 263, 264, 266, 267, 268, 269, 270, 273, 274, 276, 277, 280, 281, 282, 283, 284, 288, 289, 290, 291, 292, 294, 296, 297, 299]correct=210, total=300, accuracy=0.7000  | ./output/gridsearch/Qwen2.5-VL-7B-Instruct-mmvp-tokens2-lr0.05-sigma5.0-sigdecay0.95-steps15-topk10-conf
Data Idx with Correct Answer: [0, 2, 5, 6, 7, 8, 9, 10, 11, 12, 15, 16, 17, 18, 19, 21, 22, 23, 24, 25, 26, 27, 28, 29, 30, 35, 36, 37, 38, 39, 40, 43, 44, 49, 50, 51, 52, 54, 55, 56, 57, 58, 60, 61, 63, 64, 65, 66, 67, 68, 70, 72, 73, 74, 78, 79, 80, 83, 85, 87, 88, 89, 90, 92, 93, 94, 96, 97, 98, 101, 102, 103, 105, 107, 109, 111, 112, 113, 116, 118, 120, 121, 122, 123, 124, 125, 126, 130, 132, 134, 136, 137, 138, 139, 140, 141, 143, 144, 147, 148, 149, 150, 151, 152, 153, 154, 157, 158, 159, 160, 161, 163, 164, 165, 167, 169, 170, 171, 172, 173, 174, 175, 176, 179, 180, 181, 183, 184, 187, 188, 189, 190, 191, 192, 194, 196, 197, 198, 200, 201, 202, 203, 204, 205, 206, 207, 208, 209, 210, 211, 212, 213, 217, 218, 221, 222, 223, 225, 226, 228, 230, 232, 233, 235, 236, 237, 238, 240, 241, 243, 244, 245, 246, 248, 249, 251, 252, 253, 255, 256, 257, 259, 260, 261, 262, 263, 264, 266, 267, 268, 269, 270, 273, 274, 276, 277, 280, 281, 282, 283, 284, 287, 288, 289, 290, 292, 294, 296, 297, 299]correct=210, total=300, accuracy=0.7000  | ./output/gridsearch/Qwen2.5-VL-7B-Instruct-mmvp-tokens2-lr0.01-sigma0.1-sigdecay0.9-steps10-topk10-conf
Data Idx with Correct Answer: [0, 2, 5, 6, 7, 8, 9, 10, 11, 12, 15, 16, 17, 18, 19, 21, 22, 23, 24, 25, 26, 27, 28, 29, 30, 33, 35, 36, 37, 38, 39, 40, 43, 44, 45, 47, 49, 50, 51, 52, 55, 58, 60, 61, 63, 64, 65, 66, 67, 68, 70, 72, 73, 74, 76, 80, 83, 86, 87, 88, 89, 90, 92, 93, 96, 97, 98, 101, 102, 103, 105, 107, 109, 111, 112, 113, 117, 118, 119, 120, 121, 122, 123, 125, 126, 129, 130, 131, 132, 133, 134, 135, 136, 137, 138, 139, 141, 143, 145, 147, 148, 150, 151, 153, 154, 156, 158, 160, 162, 163, 164, 167, 169, 170, 171, 172, 173, 174, 175, 176, 179, 180, 181, 184, 187, 188, 189, 190, 192, 193, 194, 196, 197, 198, 200, 201, 202, 203, 204, 205, 206, 207, 208, 209, 210, 211, 212, 213, 216, 217, 218, 219, 220, 221, 222, 223, 225, 226, 228, 230, 232, 233, 234, 235, 237, 238, 239, 240, 243, 244, 245, 246, 248, 251, 252, 253, 255, 256, 257, 260, 261, 262, 263, 264, 266, 267, 268, 269, 270, 273, 274, 276, 277, 280, 281, 282, 283, 284, 286, 288, 289, 290, 291, 292, 293, 294, 295, 296, 297, 299]correct=210, total=300, accuracy=0.7000  | ./output/gridsearch/Qwen2.5-VL-7B-Instruct-mmvp-tokens6-lr0.005-sigma5.0-sigdecay0.9-steps15-topk5-conf
Data Idx with Correct Answer: [0, 2, 5, 6, 7, 8, 9, 10, 11, 12, 15, 16, 17, 18, 19, 21, 22, 23, 24, 25, 26, 27, 28, 29, 30, 33, 35, 36, 37, 38, 39, 40, 43, 44, 45, 47, 49, 50, 51, 52, 55, 57, 58, 60, 61, 63, 64, 65, 66, 67, 68, 70, 73, 74, 76, 80, 83, 85, 86, 87, 88, 89, 90, 92, 93, 96, 97, 98, 101, 102, 103, 105, 106, 107, 108, 109, 111, 112, 113, 116, 117, 118, 119, 120, 121, 122, 123, 124, 125, 126, 128, 130, 132, 133, 134, 135, 136, 137, 138, 139, 140, 141, 142, 143, 144, 147, 148, 151, 152, 153, 154, 157, 163, 164, 167, 169, 171, 172, 174, 175, 176, 179, 180, 181, 183, 184, 187, 188, 189, 190, 192, 193, 194, 196, 197, 198, 200, 202, 203, 204, 205, 206, 207, 208, 209, 210, 211, 212, 213, 215, 216, 217, 219, 221, 222, 223, 225, 226, 228, 230, 232, 233, 235, 237, 238, 240, 242, 243, 244, 245, 246, 247, 248, 249, 251, 252, 253, 255, 256, 257, 259, 260, 261, 262, 263, 264, 265, 267, 268, 269, 270, 273, 274, 276, 277, 280, 281, 282, 283, 284, 285, 286, 288, 289, 290, 291, 294, 296, 297, 299]correct=210, total=300, accuracy=0.7000  | ./output/gridsearch/Qwen2.5-VL-7B-Instruct-mmvp-tokens6-lr0.005-sigma0.1-sigdecay0.9-steps15-topk5-conf
Data Idx with Correct Answer: [0, 2, 3, 5, 6, 7, 8, 9, 10, 11, 12, 15, 16, 17, 18, 21, 23, 24, 25, 26, 27, 28, 29, 30, 35, 36, 37, 38, 39, 40, 43, 45, 47, 49, 51, 52, 55, 57, 58, 60, 61, 63, 64, 65, 66, 67, 68, 69, 70, 72, 73, 74, 76, 78, 79, 80, 81, 84, 87, 88, 89, 90, 92, 93, 94, 95, 96, 97, 98, 101, 102, 103, 105, 107, 109, 111, 112, 113, 114, 115, 116, 117, 119, 120, 121, 122, 125, 126, 129, 130, 132, 134, 135, 136, 137, 138, 141, 142, 143, 145, 147, 148, 149, 151, 153, 154, 156, 157, 158, 159, 163, 164, 165, 167, 169, 170, 171, 172, 173, 174, 175, 176, 179, 180, 181, 183, 184, 187, 188, 189, 190, 192, 193, 194, 196, 197, 198, 200, 201, 202, 203, 204, 205, 206, 207, 208, 209, 210, 211, 212, 213, 214, 216, 217, 218, 219, 221, 222, 223, 225, 226, 228, 229, 230, 232, 233, 234, 235, 236, 237, 238, 240, 244, 245, 246, 248, 252, 253, 254, 255, 257, 259, 260, 261, 262, 263, 264, 265, 266, 268, 269, 270, 273, 274, 276, 277, 280, 281, 282, 284, 286, 287, 288, 289, 290, 291, 294, 296, 297, 299]correct=210, total=300, accuracy=0.7000  | ./output/gridsearch/Qwen2.5-VL-7B-Instruct-mmvp-tokens6-lr0.001-sigma5.0-sigdecay0.9-steps15-topk10-conf
Data Idx with Correct Answer: [0, 2, 3, 5, 6, 7, 8, 9, 10, 11, 12, 15, 16, 17, 18, 21, 22, 23, 24, 25, 26, 27, 28, 29, 30, 32, 35, 36, 37, 38, 39, 40, 43, 44, 45, 49, 50, 51, 52, 54, 55, 56, 57, 58, 60, 61, 63, 64, 65, 66, 67, 68, 70, 72, 73, 74, 76, 79, 80, 83, 85, 87, 88, 89, 90, 92, 93, 94, 96, 97, 98, 101, 102, 103, 105, 107, 109, 111, 112, 113, 116, 119, 120, 121, 122, 123, 125, 126, 129, 130, 132, 133, 134, 135, 136, 137, 138, 139, 140, 141, 147, 148, 149, 151, 152, 153, 154, 156, 157, 158, 159, 161, 163, 165, 167, 169, 170, 171, 172, 173, 174, 175, 176, 179, 180, 181, 183, 184, 187, 188, 189, 190, 191, 192, 194, 196, 197, 198, 200, 201, 202, 203, 204, 205, 206, 207, 209, 210, 211, 212, 213, 217, 218, 219, 221, 222, 223, 225, 226, 228, 230, 232, 233, 234, 235, 236, 237, 238, 240, 242, 243, 244, 245, 246, 248, 249, 250, 251, 252, 253, 255, 256, 257, 259, 260, 261, 262, 263, 264, 265, 267, 268, 269, 270, 273, 274, 276, 277, 280, 281, 282, 284, 288, 289, 290, 292, 294, 296, 297, 299]correct=210, total=300, accuracy=0.7000  | ./output/gridsearch/Qwen2.5-VL-7B-Instruct-mmvp-tokens2-lr0.01-sigma1.0-sigdecay0.95-steps10-topk5-conf
Data Idx with Correct Answer: [0, 3, 5, 6, 7, 8, 9, 10, 11, 12, 15, 16, 17, 18, 21, 23, 24, 25, 26, 27, 28, 29, 30, 35, 36, 37, 38, 39, 40, 43, 44, 47, 49, 51, 52, 54, 55, 57, 58, 60, 61, 63, 64, 65, 66, 67, 68, 70, 72, 73, 74, 76, 78, 79, 80, 87, 88, 89, 90, 92, 93, 95, 96, 97, 98, 101, 102, 103, 104, 105, 106, 107, 108, 109, 111, 112, 113, 115, 116, 117, 119, 120, 121, 122, 123, 125, 126, 129, 130, 132, 134, 135, 136, 137, 138, 139, 140, 141, 143, 144, 147, 149, 151, 152, 153, 154, 158, 159, 160, 163, 164, 167, 169, 170, 171, 172, 173, 174, 175, 179, 180, 181, 183, 184, 187, 188, 189, 190, 191, 192, 193, 194, 196, 197, 198, 200, 201, 202, 203, 204, 205, 206, 207, 209, 210, 211, 212, 213, 214, 217, 218, 221, 222, 223, 225, 226, 229, 230, 232, 233, 234, 235, 236, 237, 238, 240, 243, 244, 245, 246, 248, 249, 250, 252, 253, 254, 255, 257, 260, 261, 262, 263, 264, 265, 266, 268, 269, 270, 272, 273, 274, 276, 277, 280, 281, 282, 284, 285, 286, 288, 289, 290, 291, 293, 294, 295, 296, 297, 299]correct=209, total=300, accuracy=0.6967  | ./output/gridsearch/Qwen2.5-VL-7B-Instruct-mmvp-tokens4-lr0.001-sigma5.0-sigdecay0.9-steps10-topk10-conf
Data Idx with Correct Answer: [0, 3, 5, 6, 7, 8, 9, 10, 11, 12, 15, 16, 17, 18, 21, 23, 24, 25, 26, 27, 28, 29, 30, 35, 36, 37, 38, 39, 40, 43, 44, 46, 49, 51, 52, 53, 55, 57, 58, 60, 61, 62, 63, 64, 65, 66, 67, 68, 69, 70, 72, 73, 74, 76, 78, 79, 80, 85, 87, 88, 89, 90, 92, 93, 95, 96, 97, 98, 101, 102, 103, 104, 105, 106, 107, 108, 109, 111, 112, 113, 114, 116, 117, 120, 121, 122, 123, 125, 126, 129, 130, 132, 134, 135, 136, 137, 138, 139, 141, 143, 144, 147, 149, 151, 153, 154, 158, 159, 160, 163, 164, 165, 167, 169, 170, 171, 172, 173, 174, 175, 176, 179, 180, 181, 183, 184, 187, 188, 189, 190, 191, 192, 193, 194, 196, 197, 198, 200, 201, 202, 204, 205, 206, 207, 209, 210, 211, 212, 213, 214, 217, 218, 221, 222, 223, 225, 226, 228, 229, 230, 232, 233, 234, 235, 236, 237, 238, 240, 243, 244, 245, 246, 248, 250, 252, 253, 254, 255, 256, 257, 260, 261, 262, 263, 264, 265, 266, 268, 269, 270, 272, 273, 274, 276, 277, 280, 281, 282, 283, 286, 288, 289, 290, 291, 293, 294, 296, 297, 299]correct=209, total=300, accuracy=0.6967  | ./output/gridsearch/Qwen2.5-VL-7B-Instruct-mmvp-tokens6-lr0.001-sigma5.0-sigdecay0.95-steps15-topk10-conf
Data Idx with Correct Answer: [0, 3, 5, 6, 7, 8, 9, 10, 11, 12, 15, 16, 17, 18, 21, 23, 24, 25, 26, 27, 28, 29, 30, 32, 35, 36, 37, 38, 39, 40, 42, 43, 44, 49, 51, 52, 55, 57, 58, 60, 61, 63, 64, 65, 66, 67, 68, 70, 72, 73, 74, 76, 78, 79, 80, 87, 88, 89, 90, 92, 93, 95, 96, 97, 98, 101, 102, 103, 104, 105, 106, 107, 108, 109, 111, 112, 113, 114, 116, 117, 119, 120, 121, 122, 123, 125, 126, 129, 130, 132, 134, 135, 136, 137, 138, 139, 141, 143, 144, 147, 149, 151, 153, 154, 156, 159, 160, 163, 164, 165, 167, 169, 170, 171, 172, 173, 174, 175, 176, 179, 180, 181, 183, 184, 187, 188, 189, 190, 191, 192, 193, 194, 196, 197, 198, 200, 201, 202, 203, 204, 205, 206, 207, 209, 210, 211, 212, 213, 214, 216, 217, 218, 221, 222, 223, 225, 226, 228, 229, 230, 232, 233, 234, 235, 236, 237, 238, 240, 243, 244, 245, 246, 247, 248, 250, 252, 253, 254, 255, 256, 257, 260, 261, 262, 263, 264, 265, 266, 268, 269, 270, 272, 273, 274, 276, 277, 280, 281, 282, 286, 288, 289, 290, 291, 293, 294, 296, 297, 299]correct=209, total=300, accuracy=0.6967  | ./output/gridsearch/Qwen2.5-VL-7B-Instruct-mmvp-tokens6-lr0.001-sigma5.0-sigdecay0.95-steps10-topk5-conf
Data Idx with Correct Answer: [0, 3, 5, 6, 7, 8, 9, 10, 11, 12, 15, 16, 17, 18, 21, 23, 24, 25, 26, 27, 28, 29, 30, 32, 33, 35, 36, 37, 38, 39, 40, 43, 44, 45, 46, 47, 49, 50, 51, 52, 54, 55, 57, 58, 60, 61, 63, 64, 65, 66, 67, 68, 72, 73, 74, 78, 79, 80, 87, 88, 89, 90, 92, 93, 95, 96, 97, 98, 100, 101, 102, 103, 105, 107, 109, 111, 112, 113, 116, 117, 119, 120, 121, 122, 123, 125, 126, 129, 130, 131, 132, 133, 134, 135, 136, 137, 138, 139, 140, 141, 143, 147, 148, 149, 151, 152, 153, 156, 158, 160, 163, 164, 165, 167, 169, 170, 171, 172, 173, 174, 175, 176, 179, 180, 181, 183, 184, 187, 188, 189, 190, 191, 192, 193, 194, 196, 197, 198, 200, 201, 202, 204, 205, 206, 207, 208, 209, 210, 211, 212, 213, 214, 217, 221, 222, 223, 225, 226, 228, 229, 230, 232, 233, 234, 235, 236, 237, 238, 240, 244, 245, 246, 248, 249, 251, 252, 253, 255, 257, 260, 261, 262, 263, 264, 265, 266, 267, 268, 269, 270, 272, 273, 274, 276, 277, 280, 281, 282, 284, 285, 286, 288, 289, 290, 291, 294, 296, 297, 299]correct=209, total=300, accuracy=0.6967  | ./output/gridsearch/Qwen2.5-VL-7B-Instruct-mmvp-tokens2-lr0.001-sigma5.0-sigdecay0.9-steps10-topk10-conf
Data Idx with Correct Answer: [0, 2, 5, 6, 7, 8, 9, 10, 11, 12, 15, 17, 18, 19, 21, 23, 24, 25, 26, 27, 28, 29, 30, 35, 36, 37, 38, 39, 40, 43, 44, 45, 49, 50, 51, 52, 55, 57, 58, 60, 61, 63, 64, 65, 66, 67, 68, 70, 73, 74, 75, 76, 78, 80, 83, 85, 86, 87, 88, 89, 90, 92, 93, 94, 96, 97, 98, 101, 102, 103, 104, 105, 107, 108, 109, 111, 112, 113, 116, 118, 120, 121, 122, 123, 124, 125, 126, 130, 132, 134, 135, 136, 137, 138, 139, 140, 141, 142, 143, 147, 148, 149, 150, 151, 152, 153, 154, 156, 157, 158, 159, 163, 164, 167, 169, 170, 171, 172, 174, 175, 176, 179, 180, 181, 183, 184, 187, 188, 189, 190, 192, 193, 194, 196, 197, 198, 200, 201, 202, 203, 204, 205, 206, 207, 208, 209, 210, 211, 212, 213, 215, 216, 217, 219, 221, 222, 223, 225, 226, 228, 229, 230, 232, 233, 234, 235, 237, 238, 240, 243, 244, 245, 246, 248, 249, 251, 252, 255, 256, 257, 259, 260, 261, 262, 263, 264, 265, 267, 268, 269, 270, 273, 274, 276, 277, 280, 281, 282, 284, 285, 288, 289, 290, 291, 294, 295, 296, 297, 299]correct=209, total=300, accuracy=0.6967  | ./output/gridsearch/Qwen2.5-VL-7B-Instruct-mmvp-tokens4-lr0.01-sigma1.0-sigdecay0.95-steps10-topk10-conf
Data Idx with Correct Answer: [0, 2, 5, 6, 7, 8, 9, 10, 11, 12, 15, 17, 18, 19, 21, 22, 23, 24, 25, 26, 27, 28, 29, 30, 35, 36, 37, 38, 39, 40, 43, 44, 47, 49, 50, 51, 52, 55, 56, 57, 58, 60, 61, 63, 64, 65, 66, 67, 68, 72, 73, 74, 76, 78, 79, 83, 85, 86, 87, 88, 89, 90, 92, 93, 96, 97, 98, 101, 102, 103, 105, 107, 108, 109, 111, 112, 113, 115, 116, 117, 118, 119, 120, 121, 122, 123, 124, 125, 126, 128, 130, 132, 133, 134, 135, 136, 137, 138, 139, 140, 141, 143, 144, 147, 148, 149, 151, 152, 153, 154, 157, 163, 164, 167, 169, 170, 171, 172, 174, 175, 176, 179, 180, 181, 183, 184, 187, 188, 189, 190, 192, 193, 194, 196, 197, 198, 200, 201, 202, 203, 204, 205, 206, 207, 208, 209, 210, 211, 212, 213, 215, 217, 218, 219, 221, 222, 223, 225, 226, 228, 230, 232, 233, 234, 235, 237, 238, 242, 243, 244, 245, 246, 248, 249, 251, 252, 255, 256, 257, 259, 260, 261, 262, 263, 264, 265, 267, 268, 269, 270, 273, 274, 276, 277, 280, 281, 284, 285, 286, 288, 289, 290, 291, 292, 294, 295, 296, 297, 299]correct=209, total=300, accuracy=0.6967  | ./output/gridsearch/Qwen2.5-VL-7B-Instruct-mmvp-tokens6-lr0.05-sigma5.0-sigdecay0.95-steps15-topk5-conf
Data Idx with Correct Answer: [0, 2, 5, 6, 7, 8, 9, 10, 11, 12, 15, 17, 18, 19, 21, 22, 23, 24, 25, 26, 27, 28, 29, 30, 33, 35, 36, 37, 38, 39, 40, 43, 44, 49, 50, 51, 52, 55, 57, 58, 60, 61, 63, 64, 65, 66, 67, 68, 70, 73, 74, 76, 79, 80, 83, 85, 86, 87, 88, 89, 90, 92, 93, 94, 95, 96, 97, 98, 101, 102, 103, 105, 107, 108, 111, 112, 113, 116, 118, 120, 121, 122, 123, 124, 125, 126, 128, 130, 133, 135, 136, 137, 138, 139, 140, 141, 143, 144, 145, 147, 148, 151, 152, 153, 154, 157, 158, 159, 161, 163, 164, 167, 169, 170, 171, 172, 174, 175, 176, 179, 180, 181, 183, 184, 187, 188, 189, 190, 192, 193, 194, 196, 197, 198, 200, 201, 202, 203, 204, 205, 206, 207, 208, 209, 210, 211, 212, 213, 215, 216, 217, 219, 221, 222, 223, 225, 226, 228, 229, 230, 232, 233, 235, 237, 238, 240, 242, 243, 244, 245, 246, 248, 249, 251, 252, 253, 255, 256, 257, 259, 260, 261, 262, 263, 264, 265, 266, 267, 268, 269, 270, 273, 274, 276, 277, 280, 281, 282, 284, 285, 288, 289, 290, 291, 292, 294, 296, 297, 299]correct=209, total=300, accuracy=0.6967  | ./output/gridsearch/Qwen2.5-VL-7B-Instruct-mmvp-tokens4-lr0.01-sigma0.1-sigdecay0.95-steps10-topk5-conf
Data Idx with Correct Answer: [0, 2, 5, 6, 7, 8, 9, 10, 11, 12, 15, 17, 18, 19, 21, 22, 23, 24, 25, 26, 27, 28, 29, 30, 33, 35, 36, 37, 38, 39, 40, 43, 44, 45, 47, 49, 50, 51, 52, 55, 58, 60, 61, 63, 64, 65, 66, 67, 68, 72, 73, 74, 76, 80, 83, 85, 86, 87, 88, 89, 90, 92, 93, 96, 97, 98, 101, 102, 103, 105, 106, 107, 109, 111, 112, 113, 116, 117, 118, 119, 120, 121, 122, 123, 125, 126, 128, 130, 132, 133, 134, 135, 136, 137, 138, 139, 140, 141, 143, 147, 148, 151, 152, 153, 154, 157, 158, 159, 162, 163, 164, 167, 169, 170, 171, 172, 174, 175, 176, 179, 180, 181, 183, 184, 187, 188, 189, 190, 192, 193, 194, 196, 197, 198, 200, 201, 202, 203, 204, 205, 206, 207, 208, 209, 210, 211, 212, 213, 215, 217, 218, 219, 220, 221, 222, 223, 225, 226, 228, 229, 230, 232, 233, 234, 235, 237, 238, 243, 244, 245, 246, 248, 249, 251, 252, 253, 255, 256, 257, 259, 260, 261, 262, 263, 264, 265, 267, 268, 269, 270, 273, 274, 276, 277, 280, 281, 282, 284, 285, 286, 288, 289, 290, 291, 292, 294, 296, 297, 299]correct=209, total=300, accuracy=0.6967  | ./output/gridsearch/Qwen2.5-VL-7B-Instruct-mmvp-tokens6-lr0.05-sigma5.0-sigdecay0.9-steps15-topk10-conf
Data Idx with Correct Answer: [0, 2, 5, 6, 7, 8, 9, 10, 11, 12, 15, 16, 17, 21, 22, 23, 24, 25, 26, 27, 28, 29, 30, 33, 35, 36, 37, 38, 39, 40, 43, 44, 45, 49, 50, 51, 52, 55, 57, 58, 60, 61, 63, 64, 65, 66, 67, 68, 73, 74, 76, 78, 80, 83, 85, 87, 88, 89, 90, 91, 92, 93, 94, 96, 97, 98, 101, 102, 103, 105, 107, 109, 111, 112, 113, 117, 119, 120, 121, 122, 123, 125, 126, 129, 130, 132, 133, 134, 135, 136, 137, 138, 139, 140, 141, 143, 147, 149, 151, 152, 153, 154, 156, 157, 158, 159, 161, 163, 164, 165, 167, 169, 170, 171, 172, 173, 174, 175, 176, 179, 180, 181, 183, 184, 187, 188, 189, 190, 191, 192, 193, 194, 196, 197, 198, 200, 201, 202, 203, 204, 205, 206, 207, 208, 209, 210, 211, 212, 213, 216, 217, 219, 220, 221, 222, 223, 225, 226, 228, 230, 232, 233, 234, 235, 236, 237, 238, 240, 243, 244, 245, 246, 248, 249, 251, 252, 253, 255, 256, 257, 259, 260, 261, 262, 263, 264, 265, 266, 267, 268, 269, 270, 273, 274, 276, 277, 280, 281, 282, 283, 284, 285, 288, 289, 290, 294, 296, 297, 299]correct=209, total=300, accuracy=0.6967  | ./output/gridsearch/Qwen2.5-VL-7B-Instruct-mmvp-tokens2-lr0.01-sigma1.0-sigdecay0.95-steps15-topk5-conf
Data Idx with Correct Answer: [0, 2, 5, 6, 7, 8, 9, 10, 11, 12, 15, 16, 17, 18, 21, 23, 24, 25, 26, 27, 28, 29, 30, 33, 35, 36, 37, 38, 39, 40, 43, 44, 49, 50, 51, 52, 55, 58, 60, 61, 63, 64, 65, 66, 67, 68, 70, 72, 73, 74, 76, 78, 79, 80, 85, 87, 88, 89, 90, 91, 92, 93, 94, 96, 97, 98, 101, 102, 103, 105, 106, 107, 109, 111, 112, 113, 116, 117, 119, 120, 121, 122, 123, 124, 125, 126, 130, 132, 134, 136, 137, 138, 139, 140, 141, 143, 144, 147, 148, 150, 151, 152, 153, 154, 157, 159, 160, 163, 167, 169, 170, 171, 172, 174, 175, 176, 179, 180, 181, 183, 184, 187, 188, 189, 190, 192, 193, 194, 196, 197, 198, 200, 201, 202, 203, 204, 205, 206, 207, 208, 209, 210, 211, 212, 213, 217, 218, 219, 221, 222, 223, 225, 226, 228, 229, 230, 232, 233, 234, 235, 236, 237, 238, 240, 242, 243, 244, 245, 246, 248, 249, 251, 252, 253, 255, 256, 257, 259, 260, 261, 262, 263, 264, 265, 267, 268, 269, 270, 273, 274, 276, 277, 280, 281, 282, 284, 285, 286, 288, 289, 290, 291, 292, 293, 294, 295, 296, 297, 299]correct=209, total=300, accuracy=0.6967  | ./output/gridsearch/Qwen2.5-VL-7B-Instruct-mmvp-tokens4-lr0.01-sigma1.0-sigdecay0.9-steps10-topk5-conf
Data Idx with Correct Answer: [0, 2, 5, 6, 7, 8, 9, 10, 11, 12, 15, 16, 17, 18, 21, 22, 23, 24, 25, 26, 27, 28, 29, 30, 33, 35, 36, 38, 39, 40, 43, 44, 45, 49, 50, 51, 52, 54, 55, 56, 57, 58, 60, 61, 63, 64, 65, 66, 67, 68, 70, 73, 74, 76, 78, 79, 80, 83, 85, 87, 88, 89, 90, 92, 93, 94, 96, 97, 98, 101, 102, 103, 105, 107, 109, 111, 112, 113, 117, 119, 120, 121, 122, 123, 124, 125, 126, 129, 130, 132, 134, 135, 136, 137, 138, 139, 140, 141, 143, 144, 147, 149, 151, 152, 153, 154, 156, 157, 158, 159, 161, 163, 165, 167, 169, 170, 171, 174, 175, 176, 179, 180, 181, 183, 184, 187, 188, 189, 190, 192, 193, 194, 196, 197, 198, 200, 201, 202, 203, 204, 205, 206, 207, 209, 210, 211, 212, 213, 216, 217, 219, 220, 221, 222, 223, 225, 226, 228, 230, 232, 233, 234, 235, 236, 237, 238, 240, 242, 243, 244, 245, 246, 248, 249, 251, 252, 253, 255, 256, 257, 259, 260, 261, 262, 263, 264, 265, 267, 268, 269, 270, 273, 274, 276, 277, 280, 281, 282, 284, 285, 288, 289, 290, 291, 292, 294, 296, 297, 299]correct=209, total=300, accuracy=0.6967  | ./output/gridsearch/Qwen2.5-VL-7B-Instruct-mmvp-tokens2-lr0.01-sigma1.0-sigdecay0.95-steps10-topk10-conf
Data Idx with Correct Answer: [0, 2, 5, 6, 7, 8, 9, 10, 11, 12, 15, 16, 17, 18, 19, 21, 23, 24, 25, 26, 27, 28, 29, 30, 35, 36, 37, 38, 39, 40, 43, 44, 49, 50, 51, 52, 54, 55, 57, 58, 60, 61, 63, 64, 65, 66, 67, 68, 72, 73, 74, 76, 79, 80, 83, 85, 87, 88, 89, 90, 92, 93, 94, 96, 97, 98, 101, 102, 103, 105, 107, 109, 111, 112, 113, 119, 120, 121, 122, 123, 124, 125, 126, 128, 130, 133, 135, 136, 137, 138, 139, 140, 141, 143, 146, 147, 148, 149, 151, 152, 153, 154, 157, 158, 159, 161, 163, 164, 165, 167, 169, 170, 171, 172, 173, 174, 175, 176, 180, 181, 183, 184, 187, 188, 189, 190, 191, 192, 193, 194, 196, 197, 198, 200, 201, 202, 203, 204, 205, 206, 207, 209, 210, 211, 212, 213, 214, 216, 217, 218, 220, 221, 222, 223, 225, 226, 228, 230, 232, 233, 234, 235, 237, 238, 240, 241, 243, 244, 245, 246, 248, 249, 251, 252, 253, 255, 256, 257, 259, 260, 261, 262, 263, 264, 266, 267, 268, 269, 270, 273, 274, 276, 277, 280, 281, 282, 283, 284, 286, 287, 288, 289, 290, 292, 294, 295, 296, 297, 299]correct=209, total=300, accuracy=0.6967  | ./output/gridsearch/Qwen2.5-VL-7B-Instruct-mmvp-tokens2-lr0.01-sigma0.1-sigdecay0.95-steps10-topk10-conf
Data Idx with Correct Answer: [0, 2, 5, 6, 7, 8, 9, 10, 11, 12, 15, 16, 17, 18, 19, 21, 23, 24, 25, 26, 27, 28, 29, 30, 33, 35, 36, 37, 38, 39, 40, 43, 44, 49, 50, 51, 52, 55, 57, 58, 60, 61, 63, 64, 65, 66, 67, 68, 70, 72, 73, 74, 76, 78, 79, 80, 83, 85, 86, 87, 88, 89, 90, 92, 93, 96, 97, 98, 102, 103, 105, 107, 109, 112, 113, 117, 118, 119, 120, 121, 122, 123, 125, 126, 128, 130, 132, 133, 134, 135, 136, 137, 138, 139, 140, 141, 143, 147, 148, 149, 151, 152, 153, 154, 157, 158, 159, 163, 164, 167, 169, 170, 171, 172, 174, 175, 176, 179, 180, 181, 183, 184, 187, 188, 189, 190, 192, 193, 194, 196, 197, 198, 200, 201, 202, 203, 204, 205, 206, 207, 208, 209, 210, 211, 212, 213, 215, 217, 218, 219, 221, 222, 223, 225, 226, 228, 229, 230, 232, 233, 235, 237, 238, 240, 242, 243, 244, 245, 246, 247, 248, 249, 251, 252, 253, 255, 256, 257, 259, 260, 261, 262, 263, 264, 265, 267, 268, 269, 270, 273, 274, 276, 277, 280, 281, 282, 283, 284, 286, 288, 289, 290, 291, 292, 294, 295, 296, 297, 299]correct=209, total=300, accuracy=0.6967  | ./output/gridsearch/Qwen2.5-VL-7B-Instruct-mmvp-tokens6-lr0.05-sigma5.0-sigdecay0.9-steps10-topk5-conf
Data Idx with Correct Answer: [0, 2, 5, 6, 7, 8, 9, 10, 11, 12, 15, 16, 17, 18, 19, 21, 23, 24, 25, 26, 27, 28, 29, 30, 33, 35, 36, 37, 38, 39, 40, 43, 44, 47, 49, 50, 51, 52, 55, 57, 58, 60, 61, 63, 64, 65, 66, 67, 68, 70, 72, 73, 74, 76, 78, 79, 80, 83, 85, 86, 87, 88, 89, 90, 92, 93, 96, 97, 98, 101, 102, 103, 105, 106, 107, 109, 111, 112, 113, 114, 116, 117, 119, 120, 121, 122, 123, 124, 125, 126, 130, 132, 133, 134, 136, 137, 138, 139, 141, 142, 143, 144, 147, 148, 151, 152, 153, 154, 163, 164, 165, 167, 169, 170, 171, 172, 174, 175, 176, 179, 180, 181, 183, 184, 187, 188, 189, 190, 192, 193, 194, 196, 197, 198, 200, 201, 202, 203, 204, 205, 206, 207, 208, 209, 210, 211, 212, 213, 217, 218, 219, 221, 222, 223, 225, 226, 228, 230, 232, 233, 234, 235, 237, 238, 240, 243, 244, 245, 246, 248, 249, 251, 252, 253, 255, 256, 257, 259, 260, 261, 262, 263, 264, 265, 267, 268, 269, 270, 273, 274, 276, 277, 280, 281, 282, 283, 284, 285, 286, 288, 289, 290, 291, 292, 294, 295, 296, 297, 299]correct=209, total=300, accuracy=0.6967  | ./output/gridsearch/Qwen2.5-VL-7B-Instruct-mmvp-tokens6-lr0.005-sigma1.0-sigdecay0.9-steps10-topk5-conf
Data Idx with Correct Answer: [0, 2, 5, 6, 7, 8, 9, 10, 11, 12, 15, 16, 17, 18, 19, 21, 23, 24, 25, 26, 27, 28, 29, 30, 33, 35, 36, 37, 38, 39, 40, 43, 44, 45, 47, 49, 50, 51, 52, 55, 57, 58, 60, 61, 63, 64, 65, 66, 67, 68, 70, 73, 74, 80, 83, 85, 86, 87, 88, 89, 90, 92, 93, 95, 96, 97, 98, 101, 102, 103, 104, 105, 106, 107, 108, 109, 112, 113, 114, 115, 119, 120, 121, 122, 123, 125, 129, 130, 132, 134, 135, 136, 137, 138, 139, 141, 142, 144, 146, 147, 149, 150, 151, 152, 153, 154, 157, 158, 163, 164, 165, 167, 169, 170, 171, 172, 174, 175, 176, 179, 180, 181, 183, 184, 187, 188, 189, 190, 192, 193, 194, 196, 197, 198, 200, 201, 202, 204, 205, 206, 207, 209, 210, 211, 212, 213, 214, 215, 217, 218, 219, 221, 222, 223, 225, 226, 228, 230, 232, 233, 235, 237, 238, 240, 241, 242, 243, 244, 245, 246, 248, 249, 251, 252, 253, 255, 256, 257, 259, 260, 261, 262, 263, 264, 265, 266, 267, 268, 269, 270, 272, 273, 274, 276, 277, 280, 281, 282, 284, 285, 288, 289, 290, 291, 294, 295, 296, 297, 299]correct=209, total=300, accuracy=0.6967  | ./output/gridsearch/Qwen2.5-VL-7B-Instruct-mmvp-tokens6-lr0.05-sigma0.1-sigdecay0.95-steps15-topk5-conf
Data Idx with Correct Answer: [0, 2, 5, 6, 7, 8, 9, 10, 11, 12, 15, 16, 17, 18, 19, 21, 22, 23, 24, 25, 26, 27, 28, 29, 30, 35, 36, 37, 38, 39, 40, 43, 44, 49, 50, 51, 52, 55, 58, 60, 61, 63, 64, 65, 66, 67, 68, 70, 72, 73, 74, 76, 78, 79, 80, 83, 85, 86, 87, 88, 89, 90, 92, 93, 94, 95, 96, 97, 98, 101, 102, 103, 105, 107, 109, 111, 112, 113, 116, 117, 119, 120, 121, 122, 123, 125, 126, 128, 130, 132, 133, 134, 135, 136, 137, 138, 139, 140, 141, 143, 144, 147, 148, 151, 152, 153, 154, 157, 158, 159, 163, 164, 167, 169, 170, 171, 172, 174, 175, 176, 179, 180, 181, 183, 184, 187, 188, 189, 190, 192, 193, 194, 196, 197, 198, 200, 201, 202, 204, 205, 206, 207, 208, 209, 210, 211, 212, 213, 216, 217, 218, 219, 220, 221, 222, 223, 225, 226, 228, 229, 230, 232, 233, 235, 237, 238, 240, 243, 244, 245, 246, 248, 249, 250, 251, 252, 253, 255, 256, 257, 259, 260, 261, 262, 263, 264, 265, 267, 268, 269, 270, 273, 274, 276, 277, 280, 281, 282, 284, 286, 288, 289, 291, 292, 294, 295, 296, 297, 299]correct=209, total=300, accuracy=0.6967  | ./output/gridsearch/Qwen2.5-VL-7B-Instruct-mmvp-tokens4-lr0.01-sigma5.0-sigdecay0.9-steps15-topk5-conf
Data Idx with Correct Answer: [0, 2, 5, 6, 7, 8, 9, 10, 11, 12, 15, 16, 17, 18, 19, 21, 22, 23, 24, 25, 26, 27, 28, 29, 30, 35, 36, 37, 38, 39, 40, 43, 44, 45, 49, 50, 51, 52, 55, 57, 58, 60, 61, 63, 64, 65, 66, 67, 68, 70, 72, 73, 74, 76, 79, 80, 83, 87, 88, 89, 90, 92, 93, 94, 95, 96, 97, 98, 101, 102, 103, 105, 107, 109, 111, 112, 113, 115, 116, 117, 120, 121, 122, 123, 125, 126, 129, 130, 131, 132, 133, 134, 135, 136, 137, 141, 142, 143, 147, 148, 149, 151, 152, 153, 154, 156, 157, 159, 162, 163, 167, 169, 170, 171, 172, 174, 175, 176, 179, 180, 181, 183, 184, 187, 188, 189, 190, 192, 193, 194, 196, 197, 198, 200, 201, 202, 203, 204, 205, 206, 207, 208, 209, 210, 211, 212, 213, 216, 217, 218, 219, 220, 221, 222, 223, 225, 226, 228, 229, 230, 232, 233, 234, 235, 237, 238, 240, 241, 243, 244, 245, 246, 248, 249, 251, 252, 253, 255, 256, 257, 259, 260, 261, 262, 263, 264, 267, 268, 269, 270, 273, 274, 276, 277, 280, 281, 282, 284, 286, 289, 290, 291, 292, 293, 294, 295, 296, 297, 299]correct=209, total=300, accuracy=0.6967  | ./output/gridsearch/Qwen2.5-VL-7B-Instruct-mmvp-tokens4-lr0.01-sigma5.0-sigdecay0.95-steps10-topk5-conf
Data Idx with Correct Answer: [0, 2, 5, 6, 7, 8, 9, 10, 11, 12, 15, 16, 17, 18, 19, 21, 22, 23, 24, 25, 26, 27, 28, 29, 30, 33, 35, 36, 37, 38, 39, 40, 43, 44, 49, 50, 51, 52, 55, 56, 57, 58, 60, 61, 63, 64, 65, 66, 67, 68, 70, 73, 74, 76, 80, 83, 85, 86, 87, 88, 89, 90, 92, 93, 94, 96, 97, 98, 101, 102, 103, 105, 106, 107, 109, 111, 112, 113, 116, 117, 118, 120, 121, 122, 123, 125, 128, 130, 132, 133, 134, 135, 136, 137, 138, 139, 141, 143, 147, 148, 151, 152, 153, 154, 157, 158, 159, 163, 164, 165, 167, 169, 171, 172, 174, 175, 176, 179, 180, 181, 183, 184, 187, 188, 189, 190, 192, 193, 194, 196, 197, 198, 200, 201, 202, 203, 204, 205, 206, 207, 208, 209, 210, 211, 212, 213, 215, 216, 217, 218, 219, 221, 222, 223, 225, 226, 228, 229, 230, 232, 233, 235, 237, 238, 240, 241, 242, 243, 244, 245, 246, 248, 249, 251, 252, 253, 255, 256, 257, 259, 260, 261, 262, 263, 264, 265, 266, 267, 268, 269, 270, 273, 274, 276, 277, 280, 281, 282, 284, 285, 288, 289, 290, 291, 292, 294, 296, 297, 299]correct=209, total=300, accuracy=0.6967  | ./output/gridsearch/Qwen2.5-VL-7B-Instruct-mmvp-tokens4-lr0.05-sigma1.0-sigdecay0.95-steps15-topk5-conf
Data Idx with Correct Answer: [0, 2, 5, 6, 7, 8, 9, 10, 11, 12, 15, 16, 17, 18, 19, 21, 22, 23, 24, 25, 26, 27, 28, 29, 30, 33, 35, 36, 37, 38, 39, 40, 43, 44, 47, 49, 50, 51, 52, 55, 57, 58, 60, 61, 63, 64, 65, 66, 67, 68, 70, 72, 73, 74, 76, 78, 79, 80, 85, 86, 87, 88, 89, 90, 92, 93, 95, 96, 97, 98, 101, 102, 103, 105, 107, 109, 111, 112, 113, 114, 116, 117, 118, 119, 120, 121, 122, 123, 125, 126, 129, 130, 132, 133, 134, 135, 136, 137, 138, 139, 140, 141, 143, 145, 147, 148, 149, 151, 152, 153, 154, 157, 159, 160, 163, 164, 167, 169, 170, 171, 172, 174, 175, 176, 179, 180, 181, 184, 187, 188, 189, 190, 192, 193, 194, 196, 197, 198, 201, 202, 204, 205, 206, 207, 208, 209, 210, 211, 212, 213, 214, 215, 217, 218, 219, 221, 222, 223, 225, 226, 228, 230, 232, 233, 234, 235, 236, 237, 238, 240, 243, 244, 245, 246, 248, 249, 251, 252, 253, 255, 257, 259, 260, 261, 262, 263, 264, 267, 268, 269, 270, 272, 273, 274, 276, 277, 280, 281, 282, 284, 285, 286, 289, 290, 293, 294, 296, 297, 299]correct=209, total=300, accuracy=0.6967  | ./output/gridsearch/Qwen2.5-VL-7B-Instruct-mmvp-tokens6-lr0.001-sigma1.0-sigdecay0.95-steps15-topk5-conf
Data Idx with Correct Answer: [0, 2, 5, 6, 7, 8, 9, 10, 11, 12, 15, 16, 17, 18, 19, 21, 22, 23, 24, 25, 26, 27, 28, 29, 30, 33, 35, 36, 37, 38, 39, 40, 43, 44, 47, 49, 50, 51, 52, 55, 56, 57, 58, 60, 61, 63, 64, 65, 66, 67, 68, 70, 73, 74, 76, 79, 80, 83, 85, 86, 87, 88, 89, 90, 91, 92, 93, 94, 96, 97, 98, 101, 102, 103, 105, 107, 109, 111, 112, 113, 116, 118, 120, 121, 122, 123, 125, 126, 130, 132, 134, 136, 137, 138, 139, 140, 141, 143, 144, 147, 148, 149, 151, 152, 153, 154, 157, 158, 159, 163, 164, 167, 169, 170, 171, 172, 174, 175, 176, 179, 180, 181, 183, 184, 187, 188, 189, 190, 192, 193, 194, 196, 197, 198, 200, 201, 202, 203, 204, 205, 206, 207, 208, 209, 210, 211, 212, 213, 215, 216, 217, 219, 221, 222, 223, 225, 226, 228, 229, 230, 232, 233, 235, 237, 238, 240, 241, 243, 244, 245, 246, 248, 249, 251, 252, 253, 255, 256, 257, 259, 260, 261, 262, 263, 264, 265, 266, 267, 268, 269, 270, 273, 274, 276, 277, 280, 281, 282, 284, 285, 286, 289, 290, 291, 292, 294, 296, 297, 299]correct=209, total=300, accuracy=0.6967  | ./output/gridsearch/Qwen2.5-VL-7B-Instruct-mmvp-tokens4-lr0.005-sigma0.1-sigdecay0.95-steps10-topk10-conf
Data Idx with Correct Answer: [0, 2, 5, 6, 7, 8, 9, 10, 11, 12, 15, 16, 17, 18, 19, 21, 22, 23, 24, 25, 26, 27, 28, 29, 30, 33, 35, 36, 37, 38, 39, 40, 43, 44, 45, 47, 49, 50, 51, 52, 55, 57, 58, 60, 61, 63, 64, 65, 66, 67, 68, 70, 73, 74, 76, 80, 83, 85, 86, 87, 88, 89, 90, 92, 93, 95, 96, 97, 98, 101, 102, 103, 105, 107, 109, 111, 112, 113, 115, 116, 117, 118, 119, 120, 121, 122, 123, 124, 125, 126, 130, 132, 133, 134, 135, 136, 137, 138, 139, 140, 141, 144, 147, 148, 151, 152, 153, 154, 157, 163, 164, 167, 169, 170, 171, 172, 174, 175, 176, 179, 180, 181, 183, 184, 187, 188, 189, 190, 193, 194, 196, 197, 198, 200, 201, 202, 203, 204, 205, 206, 207, 208, 209, 210, 211, 212, 213, 215, 216, 217, 219, 220, 221, 222, 223, 225, 226, 228, 229, 230, 232, 233, 235, 237, 238, 240, 243, 244, 245, 246, 248, 249, 251, 252, 253, 255, 256, 257, 259, 260, 261, 262, 263, 264, 265, 266, 267, 268, 269, 270, 273, 274, 276, 277, 280, 281, 282, 284, 285, 286, 288, 289, 290, 291, 292, 294, 296, 297, 299]correct=209, total=300, accuracy=0.6967  | ./output/gridsearch/Qwen2.5-VL-7B-Instruct-mmvp-tokens6-lr0.05-sigma1.0-sigdecay0.95-steps10-topk10-conf
Data Idx with Correct Answer: [0, 2, 5, 6, 7, 8, 9, 10, 11, 12, 15, 16, 17, 18, 19, 21, 22, 23, 24, 25, 26, 27, 28, 29, 30, 32, 35, 36, 37, 38, 39, 40, 43, 44, 45, 47, 49, 50, 51, 52, 55, 57, 58, 60, 61, 63, 64, 65, 66, 67, 68, 72, 73, 74, 76, 80, 85, 86, 87, 88, 89, 90, 92, 93, 95, 96, 97, 98, 101, 102, 103, 105, 106, 107, 109, 111, 112, 113, 116, 117, 118, 119, 120, 121, 122, 123, 125, 126, 129, 130, 132, 133, 134, 135, 136, 137, 138, 139, 140, 141, 142, 143, 147, 148, 151, 152, 153, 156, 163, 164, 167, 169, 170, 171, 172, 173, 174, 175, 176, 179, 180, 181, 183, 184, 187, 188, 189, 190, 191, 192, 193, 194, 196, 197, 198, 200, 201, 202, 203, 204, 205, 206, 207, 209, 210, 211, 212, 213, 216, 217, 218, 219, 221, 222, 223, 225, 226, 228, 230, 232, 233, 234, 235, 237, 238, 240, 243, 244, 245, 246, 247, 248, 249, 250, 251, 252, 253, 255, 256, 257, 259, 260, 261, 262, 263, 264, 265, 266, 267, 268, 269, 270, 272, 273, 274, 276, 277, 280, 281, 282, 284, 286, 288, 289, 291, 294, 296, 297, 299]correct=209, total=300, accuracy=0.6967  | ./output/gridsearch/Qwen2.5-VL-7B-Instruct-mmvp-tokens6-lr0.001-sigma1.0-sigdecay0.9-steps10-topk5-conf
Data Idx with Correct Answer: [0, 2, 3, 5, 6, 7, 8, 9, 10, 11, 12, 15, 16, 17, 18, 21, 23, 24, 25, 26, 27, 28, 29, 30, 35, 36, 37, 38, 39, 40, 43, 44, 49, 50, 51, 52, 54, 55, 57, 58, 60, 61, 63, 64, 65, 66, 67, 68, 69, 70, 72, 73, 74, 76, 79, 80, 83, 85, 86, 87, 88, 89, 90, 91, 92, 93, 94, 95, 96, 98, 101, 102, 103, 105, 106, 107, 109, 112, 113, 115, 116, 117, 119, 120, 121, 122, 123, 125, 126, 129, 130, 132, 133, 134, 135, 136, 137, 138, 141, 142, 143, 145, 147, 148, 149, 151, 152, 153, 154, 156, 158, 159, 163, 164, 167, 169, 170, 171, 172, 174, 175, 176, 179, 180, 181, 184, 187, 188, 189, 190, 192, 193, 194, 196, 197, 198, 200, 202, 203, 204, 205, 206, 207, 209, 210, 211, 212, 213, 217, 218, 219, 220, 221, 222, 223, 225, 226, 228, 229, 230, 232, 233, 234, 235, 237, 238, 240, 243, 244, 245, 246, 247, 248, 249, 251, 252, 253, 255, 256, 257, 259, 260, 261, 262, 263, 264, 267, 268, 269, 270, 273, 274, 276, 277, 280, 281, 282, 284, 286, 288, 289, 290, 291, 293, 294, 295, 296, 297, 299]correct=209, total=300, accuracy=0.6967  | ./output/gridsearch/Qwen2.5-VL-7B-Instruct-mmvp-tokens4-lr0.005-sigma5.0-sigdecay0.9-steps15-topk5-conf
Data Idx with Correct Answer: [0, 2, 3, 5, 6, 7, 8, 9, 10, 11, 12, 15, 16, 17, 18, 21, 22, 23, 24, 25, 26, 27, 28, 29, 30, 32, 35, 36, 37, 38, 39, 40, 43, 44, 49, 51, 52, 55, 56, 58, 60, 61, 63, 64, 65, 66, 67, 68, 73, 74, 76, 78, 79, 80, 83, 85, 87, 88, 89, 90, 92, 93, 94, 95, 96, 97, 98, 101, 102, 103, 105, 107, 109, 111, 112, 113, 116, 117, 119, 120, 121, 122, 123, 124, 125, 126, 130, 132, 133, 134, 135, 136, 137, 138, 139, 140, 141, 143, 147, 148, 149, 151, 152, 153, 154, 156, 157, 158, 159, 161, 163, 164, 165, 167, 169, 170, 171, 172, 173, 174, 175, 176, 179, 180, 181, 183, 184, 187, 188, 189, 190, 192, 193, 194, 196, 197, 198, 200, 201, 202, 203, 204, 205, 206, 207, 208, 209, 210, 211, 212, 213, 216, 217, 218, 219, 221, 222, 223, 225, 226, 228, 230, 232, 233, 234, 235, 237, 238, 240, 243, 244, 245, 246, 248, 249, 251, 252, 253, 255, 256, 257, 259, 260, 261, 262, 263, 264, 265, 267, 268, 269, 270, 273, 274, 276, 277, 280, 281, 282, 283, 284, 285, 288, 289, 290, 294, 296, 297, 299]correct=209, total=300, accuracy=0.6967  | ./output/gridsearch/Qwen2.5-VL-7B-Instruct-mmvp-tokens2-lr0.005-sigma1.0-sigdecay0.9-steps15-topk10-conf
Data Idx with Correct Answer: [0, 2, 3, 5, 6, 7, 8, 9, 10, 11, 12, 15, 16, 17, 18, 19, 21, 23, 24, 25, 26, 27, 28, 29, 30, 35, 36, 37, 38, 39, 40, 43, 44, 45, 47, 49, 50, 51, 52, 55, 57, 58, 60, 61, 63, 64, 65, 66, 67, 68, 72, 73, 74, 76, 78, 80, 85, 86, 87, 88, 89, 90, 91, 92, 93, 95, 96, 97, 98, 101, 102, 103, 105, 107, 109, 111, 112, 113, 117, 119, 120, 121, 122, 123, 124, 125, 126, 129, 130, 131, 132, 133, 134, 135, 136, 137, 138, 139, 140, 141, 144, 147, 148, 149, 151, 153, 156, 158, 159, 163, 165, 167, 169, 170, 171, 172, 173, 174, 175, 176, 179, 180, 181, 183, 184, 187, 188, 189, 190, 192, 193, 194, 196, 197, 198, 200, 201, 202, 203, 204, 205, 206, 207, 208, 209, 210, 211, 213, 216, 217, 218, 219, 221, 222, 223, 225, 226, 228, 230, 232, 233, 234, 235, 236, 237, 238, 243, 244, 245, 246, 247, 248, 249, 250, 251, 252, 253, 255, 257, 259, 260, 261, 262, 263, 264, 267, 268, 269, 270, 273, 274, 276, 277, 280, 281, 282, 284, 286, 287, 288, 289, 290, 291, 292, 294, 295, 296, 297, 299]correct=209, total=300, accuracy=0.6967  | ./output/gridsearch/Qwen2.5-VL-7B-Instruct-mmvp-tokens2-lr0.001-sigma1.0-sigdecay0.95-steps10-topk10-conf
Data Idx with Correct Answer: [0, 2, 3, 5, 6, 7, 8, 9, 10, 11, 12, 15, 16, 17, 18, 19, 21, 22, 23, 24, 25, 26, 27, 28, 29, 30, 35, 36, 38, 39, 40, 43, 44, 45, 49, 50, 51, 52, 54, 55, 56, 58, 60, 61, 63, 64, 65, 66, 67, 68, 70, 72, 73, 74, 76, 78, 80, 83, 85, 87, 88, 89, 90, 92, 93, 94, 96, 97, 98, 101, 102, 103, 105, 107, 109, 111, 112, 113, 114, 116, 119, 120, 121, 122, 123, 124, 125, 126, 128, 129, 130, 134, 136, 137, 138, 139, 141, 147, 149, 151, 152, 153, 154, 158, 159, 161, 163, 164, 165, 167, 169, 170, 171, 174, 175, 176, 180, 181, 183, 184, 187, 188, 189, 190, 191, 192, 193, 194, 196, 197, 198, 200, 201, 202, 203, 204, 205, 206, 207, 208, 209, 210, 211, 212, 213, 214, 216, 217, 219, 220, 221, 222, 223, 225, 226, 228, 230, 232, 233, 234, 235, 236, 237, 238, 240, 243, 244, 245, 246, 247, 248, 249, 251, 252, 253, 255, 256, 257, 259, 260, 261, 262, 263, 264, 265, 267, 268, 269, 270, 273, 274, 276, 277, 280, 281, 282, 284, 286, 287, 288, 289, 290, 291, 292, 294, 295, 296, 297, 299]correct=209, total=300, accuracy=0.6967  | ./output/gridsearch/Qwen2.5-VL-7B-Instruct-mmvp-tokens2-lr0.001-sigma0.1-sigdecay0.9-steps10-topk5-conf
Data Idx with Correct Answer: [0, 3, 6, 7, 8, 9, 10, 11, 12, 15, 16, 17, 18, 21, 23, 24, 25, 26, 27, 28, 29, 30, 33, 35, 36, 37, 38, 39, 40, 43, 44, 47, 49, 51, 52, 54, 55, 57, 58, 60, 61, 63, 64, 65, 66, 67, 68, 70, 72, 73, 74, 76, 78, 79, 80, 87, 88, 89, 90, 92, 93, 95, 96, 97, 98, 101, 102, 103, 104, 105, 106, 107, 108, 109, 111, 112, 113, 115, 116, 117, 119, 120, 121, 122, 123, 125, 126, 129, 130, 132, 135, 136, 137, 138, 139, 140, 141, 143, 144, 147, 148, 149, 151, 153, 154, 158, 159, 160, 163, 164, 167, 169, 170, 171, 172, 173, 174, 175, 179, 180, 181, 183, 184, 187, 188, 189, 190, 191, 192, 193, 194, 196, 197, 198, 200, 201, 202, 203, 204, 205, 206, 207, 209, 210, 211, 212, 213, 214, 217, 218, 221, 222, 223, 225, 226, 229, 230, 232, 233, 234, 235, 236, 237, 238, 243, 244, 245, 246, 248, 249, 250, 252, 253, 254, 255, 256, 257, 260, 261, 262, 263, 264, 265, 266, 268, 269, 270, 272, 273, 274, 276, 277, 280, 281, 282, 284, 285, 286, 288, 289, 290, 291, 293, 294, 295, 296, 297, 299]correct=208, total=300, accuracy=0.6933  | ./output/gridsearch/Qwen2.5-VL-7B-Instruct-mmvp-tokens4-lr0.001-sigma5.0-sigdecay0.95-steps10-topk10-conf
Data Idx with Correct Answer: [0, 2, 5, 6, 7, 8, 9, 10, 11, 12, 15, 17, 18, 19, 21, 23, 24, 25, 26, 27, 28, 29, 30, 33, 35, 36, 37, 38, 39, 40, 43, 44, 45, 49, 50, 51, 52, 55, 58, 60, 61, 63, 64, 65, 66, 67, 68, 70, 72, 73, 74, 78, 79, 80, 85, 86, 87, 88, 89, 90, 91, 92, 93, 94, 95, 96, 97, 98, 101, 102, 103, 105, 107, 109, 111, 112, 113, 117, 118, 119, 120, 121, 122, 123, 124, 125, 126, 130, 133, 135, 136, 137, 138, 139, 140, 141, 143, 144, 147, 148, 149, 150, 151, 152, 153, 154, 156, 159, 163, 167, 169, 170, 171, 172, 174, 175, 176, 179, 180, 181, 183, 184, 187, 188, 189, 190, 192, 194, 196, 197, 198, 200, 201, 202, 203, 204, 205, 206, 207, 208, 209, 210, 211, 212, 213, 215, 216, 217, 219, 220, 221, 222, 223, 225, 226, 228, 229, 230, 232, 233, 235, 237, 238, 240, 242, 243, 244, 245, 246, 248, 249, 251, 252, 253, 255, 256, 257, 259, 260, 261, 262, 263, 264, 265, 267, 268, 269, 270, 273, 274, 275, 276, 277, 280, 281, 282, 284, 285, 286, 288, 289, 290, 291, 292, 294, 296, 297, 299]correct=208, total=300, accuracy=0.6933  | ./output/gridsearch/Qwen2.5-VL-7B-Instruct-mmvp-tokens4-lr0.001-sigma0.1-sigdecay0.9-steps10-topk10-conf
Data Idx with Correct Answer: [0, 2, 5, 6, 7, 8, 9, 10, 11, 12, 15, 17, 18, 19, 21, 22, 23, 24, 25, 26, 27, 28, 29, 30, 35, 36, 37, 38, 39, 40, 43, 44, 47, 49, 50, 51, 52, 55, 57, 58, 60, 61, 63, 64, 65, 66, 67, 68, 70, 73, 74, 75, 76, 80, 83, 85, 86, 87, 88, 89, 90, 92, 93, 94, 96, 97, 98, 101, 102, 103, 105, 106, 107, 109, 111, 112, 113, 117, 118, 119, 120, 121, 122, 123, 125, 126, 130, 132, 133, 134, 135, 136, 137, 138, 139, 141, 143, 144, 147, 148, 149, 150, 151, 152, 153, 157, 158, 159, 162, 163, 164, 167, 169, 170, 171, 172, 174, 175, 176, 179, 180, 181, 183, 184, 187, 188, 189, 190, 192, 193, 194, 196, 197, 198, 200, 201, 202, 203, 204, 205, 206, 207, 208, 209, 210, 211, 212, 213, 215, 217, 218, 219, 220, 221, 222, 223, 225, 226, 228, 230, 232, 233, 235, 237, 238, 243, 244, 245, 246, 248, 249, 251, 252, 253, 255, 256, 257, 259, 260, 261, 262, 263, 264, 265, 267, 268, 269, 270, 273, 274, 275, 276, 277, 280, 281, 282, 284, 285, 286, 288, 289, 290, 292, 294, 295, 296, 297, 299]correct=208, total=300, accuracy=0.6933  | ./output/gridsearch/Qwen2.5-VL-7B-Instruct-mmvp-tokens6-lr0.05-sigma5.0-sigdecay0.9-steps10-topk10-conf
Data Idx with Correct Answer: [0, 2, 5, 6, 7, 8, 9, 10, 11, 12, 15, 17, 18, 19, 21, 22, 23, 24, 25, 26, 27, 28, 29, 30, 33, 35, 36, 37, 38, 39, 40, 43, 44, 49, 50, 51, 52, 54, 55, 56, 58, 60, 61, 63, 64, 65, 66, 67, 68, 70, 73, 74, 76, 80, 83, 84, 85, 86, 87, 88, 89, 90, 92, 93, 96, 97, 98, 101, 102, 103, 105, 107, 109, 112, 113, 115, 116, 117, 118, 119, 120, 121, 122, 123, 124, 125, 126, 130, 132, 133, 134, 135, 136, 137, 138, 139, 140, 141, 142, 143, 144, 147, 148, 150, 151, 152, 153, 157, 158, 163, 164, 167, 169, 170, 171, 172, 174, 175, 176, 179, 180, 181, 183, 184, 187, 188, 189, 190, 192, 193, 194, 196, 197, 198, 200, 202, 203, 204, 205, 206, 207, 208, 209, 210, 211, 212, 213, 215, 216, 217, 219, 220, 221, 222, 223, 225, 226, 228, 229, 230, 232, 233, 234, 235, 237, 238, 240, 243, 244, 245, 246, 247, 248, 249, 251, 252, 253, 255, 256, 257, 259, 260, 261, 262, 263, 264, 267, 268, 269, 270, 273, 274, 276, 277, 280, 281, 282, 284, 286, 288, 289, 290, 292, 294, 295, 296, 297, 299]correct=208, total=300, accuracy=0.6933  | ./output/gridsearch/Qwen2.5-VL-7B-Instruct-mmvp-tokens6-lr0.01-sigma1.0-sigdecay0.9-steps10-topk10-conf
Data Idx with Correct Answer: [0, 2, 5, 6, 7, 8, 9, 10, 11, 12, 15, 16, 17, 18, 21, 22, 23, 24, 25, 26, 27, 28, 29, 30, 33, 35, 36, 37, 38, 39, 40, 43, 44, 45, 49, 50, 51, 52, 55, 57, 58, 60, 61, 63, 64, 65, 66, 67, 68, 70, 72, 73, 74, 76, 78, 79, 80, 85, 87, 88, 89, 90, 91, 92, 93, 94, 96, 97, 98, 101, 102, 103, 105, 106, 107, 109, 111, 112, 113, 114, 116, 118, 120, 121, 122, 123, 125, 126, 130, 132, 133, 134, 135, 136, 137, 138, 139, 140, 141, 143, 144, 147, 148, 149, 151, 152, 153, 154, 156, 158, 163, 164, 167, 169, 170, 171, 172, 174, 175, 176, 179, 180, 181, 183, 184, 187, 188, 189, 190, 192, 194, 196, 197, 198, 200, 202, 203, 204, 205, 206, 207, 209, 210, 211, 212, 213, 214, 217, 219, 220, 221, 222, 223, 225, 226, 228, 229, 230, 232, 233, 234, 235, 236, 237, 238, 240, 241, 243, 244, 245, 246, 248, 249, 251, 252, 253, 255, 256, 257, 259, 260, 261, 262, 263, 264, 267, 268, 269, 270, 273, 274, 276, 277, 280, 281, 282, 284, 286, 288, 289, 290, 291, 292, 294, 295, 296, 297, 299]correct=208, total=300, accuracy=0.6933  | ./output/gridsearch/Qwen2.5-VL-7B-Instruct-mmvp-tokens4-lr0.005-sigma1.0-sigdecay0.95-steps10-topk10-conf
Data Idx with Correct Answer: [0, 2, 5, 6, 7, 8, 9, 10, 11, 12, 15, 16, 17, 18, 19, 21, 23, 24, 25, 26, 27, 28, 29, 30, 33, 35, 36, 37, 38, 39, 40, 43, 44, 47, 49, 50, 51, 52, 55, 57, 58, 60, 61, 63, 64, 65, 66, 67, 68, 70, 73, 74, 76, 80, 83, 85, 86, 87, 88, 89, 90, 91, 92, 93, 96, 97, 98, 101, 102, 103, 105, 106, 107, 109, 111, 112, 113, 116, 117, 118, 119, 120, 121, 122, 123, 124, 125, 126, 128, 130, 132, 133, 134, 135, 136, 137, 138, 139, 140, 141, 142, 143, 147, 148, 151, 152, 153, 154, 157, 158, 162, 163, 164, 167, 169, 171, 172, 174, 175, 176, 179, 180, 181, 183, 184, 187, 188, 189, 190, 192, 193, 194, 196, 197, 198, 200, 201, 202, 203, 204, 205, 206, 207, 208, 209, 210, 211, 212, 213, 215, 216, 217, 218, 219, 221, 222, 223, 225, 226, 228, 230, 232, 233, 235, 237, 238, 240, 243, 244, 245, 246, 247, 248, 249, 251, 252, 253, 255, 256, 257, 259, 260, 261, 262, 263, 264, 265, 266, 267, 268, 269, 270, 273, 274, 276, 277, 280, 281, 282, 284, 285, 288, 289, 291, 294, 296, 297, 299]correct=208, total=300, accuracy=0.6933  | ./output/gridsearch/Qwen2.5-VL-7B-Instruct-mmvp-tokens6-lr0.05-sigma1.0-sigdecay0.95-steps15-topk10-conf
Data Idx with Correct Answer: [0, 2, 5, 6, 7, 8, 9, 10, 11, 12, 15, 16, 17, 18, 19, 21, 22, 23, 24, 25, 26, 27, 28, 29, 30, 35, 36, 37, 38, 39, 40, 43, 44, 49, 50, 51, 52, 55, 56, 57, 58, 60, 61, 63, 64, 65, 66, 67, 68, 72, 73, 74, 76, 78, 79, 80, 83, 85, 87, 88, 89, 90, 92, 93, 94, 96, 97, 98, 101, 102, 103, 105, 107, 109, 111, 112, 113, 116, 117, 120, 121, 122, 123, 125, 126, 129, 130, 132, 133, 134, 136, 137, 138, 139, 140, 141, 143, 147, 148, 149, 151, 152, 153, 154, 157, 158, 159, 161, 163, 164, 165, 167, 169, 170, 171, 172, 173, 174, 175, 176, 180, 181, 183, 184, 187, 188, 189, 190, 192, 193, 194, 196, 197, 198, 200, 201, 202, 203, 204, 205, 206, 207, 209, 210, 211, 212, 213, 216, 217, 218, 219, 221, 222, 223, 225, 226, 228, 230, 232, 233, 234, 235, 237, 238, 240, 243, 244, 245, 246, 247, 248, 249, 251, 252, 253, 255, 256, 257, 260, 261, 262, 263, 264, 265, 266, 267, 268, 269, 270, 273, 274, 276, 277, 280, 281, 282, 284, 286, 287, 288, 289, 290, 291, 292, 294, 296, 297, 299]correct=208, total=300, accuracy=0.6933  | ./output/gridsearch/Qwen2.5-VL-7B-Instruct-mmvp-tokens2-lr0.005-sigma0.1-sigdecay0.9-steps10-topk5-conf
Data Idx with Correct Answer: [0, 2, 5, 6, 7, 8, 9, 10, 11, 12, 15, 16, 17, 18, 19, 21, 22, 23, 24, 25, 26, 27, 28, 29, 30, 35, 36, 37, 38, 39, 40, 43, 44, 47, 49, 50, 51, 52, 55, 57, 58, 60, 61, 63, 64, 65, 66, 67, 68, 69, 70, 72, 73, 74, 80, 83, 85, 86, 87, 88, 89, 90, 92, 93, 95, 96, 97, 101, 102, 103, 104, 105, 106, 107, 108, 109, 111, 112, 113, 116, 117, 119, 120, 121, 122, 123, 125, 126, 129, 130, 132, 133, 134, 135, 136, 137, 138, 139, 140, 141, 143, 147, 151, 152, 153, 154, 159, 160, 163, 164, 165, 167, 169, 171, 172, 174, 175, 176, 179, 180, 181, 183, 184, 187, 188, 189, 190, 192, 193, 194, 196, 197, 198, 200, 201, 202, 203, 204, 205, 206, 207, 208, 209, 210, 211, 212, 213, 217, 218, 219, 221, 222, 223, 225, 226, 228, 230, 232, 233, 234, 235, 236, 237, 238, 240, 243, 244, 245, 246, 248, 249, 251, 252, 253, 255, 256, 257, 259, 260, 261, 262, 263, 264, 265, 267, 268, 269, 270, 272, 273, 274, 276, 277, 280, 281, 282, 284, 285, 286, 288, 289, 290, 291, 293, 294, 296, 297, 299]correct=208, total=300, accuracy=0.6933  | ./output/gridsearch/Qwen2.5-VL-7B-Instruct-mmvp-tokens6-lr0.001-sigma1.0-sigdecay0.9-steps15-topk10-conf
Data Idx with Correct Answer: [0, 2, 5, 6, 7, 8, 9, 10, 11, 12, 15, 16, 17, 18, 19, 21, 22, 23, 24, 25, 26, 27, 28, 29, 30, 35, 36, 37, 38, 39, 40, 43, 44, 45, 47, 49, 50, 51, 52, 55, 56, 58, 60, 61, 63, 64, 65, 66, 67, 68, 70, 73, 74, 76, 80, 83, 85, 86, 87, 88, 89, 90, 92, 93, 94, 96, 97, 98, 101, 102, 103, 105, 106, 107, 108, 109, 111, 112, 113, 117, 119, 120, 121, 122, 123, 124, 125, 126, 129, 130, 132, 134, 135, 136, 137, 138, 139, 140, 141, 143, 147, 148, 149, 151, 152, 153, 154, 157, 158, 163, 164, 165, 167, 169, 170, 171, 172, 174, 175, 176, 179, 180, 181, 183, 184, 187, 188, 189, 190, 192, 194, 196, 197, 198, 200, 201, 202, 203, 204, 205, 206, 207, 208, 209, 210, 211, 212, 213, 215, 216, 217, 219, 221, 222, 223, 225, 226, 228, 229, 230, 232, 233, 235, 237, 238, 240, 242, 243, 244, 245, 246, 248, 249, 251, 252, 253, 255, 256, 257, 259, 260, 261, 262, 263, 264, 265, 267, 268, 269, 270, 273, 274, 276, 277, 280, 281, 282, 284, 285, 286, 288, 289, 291, 292, 294, 296, 297, 299]correct=208, total=300, accuracy=0.6933  | ./output/gridsearch/Qwen2.5-VL-7B-Instruct-mmvp-tokens4-lr0.05-sigma5.0-sigdecay0.9-steps15-topk5-conf
Data Idx with Correct Answer: [0, 2, 5, 6, 7, 8, 9, 10, 11, 12, 15, 16, 17, 18, 19, 21, 22, 23, 24, 25, 26, 27, 28, 29, 30, 33, 35, 36, 37, 38, 39, 40, 43, 44, 47, 49, 50, 51, 52, 55, 57, 58, 60, 61, 63, 64, 65, 66, 67, 68, 70, 73, 74, 76, 83, 85, 86, 87, 88, 89, 90, 92, 93, 95, 96, 97, 98, 101, 102, 103, 105, 106, 107, 109, 111, 112, 113, 116, 117, 119, 120, 121, 122, 123, 125, 126, 130, 132, 133, 134, 136, 137, 138, 139, 140, 141, 142, 143, 147, 148, 149, 150, 151, 152, 153, 157, 158, 161, 162, 163, 164, 165, 167, 169, 170, 171, 172, 174, 175, 176, 179, 180, 181, 183, 184, 187, 188, 189, 190, 192, 193, 194, 196, 197, 198, 200, 201, 202, 203, 204, 205, 206, 207, 208, 209, 210, 211, 212, 213, 215, 217, 219, 221, 222, 223, 225, 226, 228, 230, 232, 233, 234, 235, 237, 238, 240, 243, 244, 245, 246, 248, 249, 251, 252, 253, 255, 256, 257, 259, 260, 261, 262, 263, 264, 265, 267, 268, 269, 270, 273, 274, 276, 277, 280, 281, 282, 284, 285, 288, 289, 291, 292, 293, 294, 295, 296, 297, 299]correct=208, total=300, accuracy=0.6933  | ./output/gridsearch/Qwen2.5-VL-7B-Instruct-mmvp-tokens6-lr0.005-sigma1.0-sigdecay0.9-steps15-topk5-conf
Data Idx with Correct Answer: [0, 2, 5, 6, 7, 8, 9, 10, 11, 12, 15, 16, 17, 18, 19, 21, 22, 23, 24, 25, 26, 27, 28, 29, 30, 33, 35, 36, 37, 38, 39, 40, 43, 44, 47, 49, 50, 51, 52, 55, 57, 58, 60, 61, 63, 64, 65, 66, 67, 68, 70, 73, 74, 76, 80, 83, 84, 85, 86, 87, 88, 89, 90, 92, 93, 96, 97, 98, 101, 102, 103, 105, 106, 107, 109, 111, 112, 113, 116, 117, 119, 120, 121, 122, 123, 125, 126, 128, 130, 132, 133, 135, 136, 137, 138, 139, 140, 141, 142, 143, 144, 147, 148, 150, 151, 152, 153, 154, 157, 158, 163, 164, 167, 169, 170, 171, 172, 174, 175, 176, 180, 181, 183, 184, 187, 188, 189, 190, 192, 193, 194, 196, 197, 198, 200, 201, 202, 203, 204, 205, 206, 207, 208, 209, 210, 211, 212, 213, 215, 217, 218, 219, 221, 222, 223, 225, 226, 228, 229, 230, 232, 233, 235, 237, 242, 243, 244, 245, 246, 247, 248, 249, 251, 252, 253, 255, 256, 257, 259, 260, 261, 262, 263, 264, 265, 266, 267, 268, 269, 270, 273, 274, 276, 277, 280, 281, 282, 284, 285, 288, 289, 290, 291, 292, 294, 296, 297, 299]correct=208, total=300, accuracy=0.6933  | ./output/gridsearch/Qwen2.5-VL-7B-Instruct-mmvp-tokens6-lr0.001-sigma0.1-sigdecay0.9-steps15-topk10-conf
Data Idx with Correct Answer: [0, 2, 3, 5, 6, 7, 8, 9, 10, 11, 12, 15, 16, 17, 21, 23, 24, 25, 26, 27, 28, 29, 30, 35, 36, 37, 38, 39, 40, 43, 44, 49, 50, 51, 52, 54, 55, 56, 58, 60, 61, 63, 64, 65, 66, 67, 68, 72, 73, 74, 76, 79, 80, 83, 85, 87, 88, 89, 90, 92, 93, 94, 95, 96, 97, 98, 101, 102, 103, 105, 107, 109, 111, 112, 113, 116, 118, 119, 120, 121, 122, 123, 125, 126, 129, 130, 132, 134, 135, 136, 137, 138, 140, 141, 142, 143, 147, 149, 151, 152, 153, 154, 156, 157, 158, 159, 163, 165, 167, 169, 170, 171, 172, 173, 174, 175, 176, 179, 180, 181, 183, 184, 187, 188, 189, 190, 192, 194, 196, 197, 198, 200, 201, 202, 203, 204, 205, 206, 207, 208, 209, 210, 211, 212, 213, 214, 216, 217, 218, 219, 220, 221, 222, 223, 225, 226, 228, 230, 232, 233, 234, 235, 236, 237, 238, 240, 243, 244, 245, 246, 247, 248, 249, 250, 251, 252, 253, 255, 256, 257, 259, 260, 261, 262, 263, 264, 267, 268, 269, 270, 273, 274, 276, 277, 280, 281, 282, 284, 286, 289, 290, 291, 292, 294, 295, 296, 297, 299]correct=208, total=300, accuracy=0.6933  | ./output/gridsearch/Qwen2.5-VL-7B-Instruct-mmvp-tokens2-lr0.01-sigma5.0-sigdecay0.9-steps10-topk5-conf
Data Idx with Correct Answer: [0, 2, 3, 5, 6, 7, 8, 9, 10, 11, 12, 15, 16, 17, 18, 21, 23, 24, 25, 26, 27, 28, 29, 30, 35, 36, 37, 38, 39, 40, 43, 45, 49, 50, 51, 52, 54, 55, 58, 60, 61, 63, 64, 65, 66, 67, 68, 70, 72, 73, 74, 76, 78, 79, 80, 85, 87, 88, 89, 90, 92, 93, 94, 95, 96, 97, 98, 101, 102, 103, 105, 107, 109, 111, 112, 113, 114, 116, 118, 120, 121, 122, 123, 125, 126, 129, 130, 131, 132, 133, 134, 135, 136, 137, 138, 139, 140, 141, 142, 143, 147, 148, 149, 151, 152, 153, 154, 156, 158, 159, 160, 163, 164, 167, 169, 170, 171, 172, 173, 174, 175, 176, 179, 180, 181, 183, 184, 187, 188, 189, 190, 192, 193, 194, 196, 197, 198, 200, 201, 202, 203, 204, 205, 206, 207, 208, 209, 210, 211, 212, 213, 214, 217, 218, 219, 221, 222, 223, 225, 226, 228, 230, 232, 233, 235, 236, 237, 238, 240, 244, 245, 246, 248, 249, 251, 252, 253, 255, 256, 257, 259, 260, 261, 262, 263, 264, 267, 268, 269, 270, 273, 274, 276, 277, 280, 281, 282, 284, 285, 288, 289, 290, 291, 292, 294, 296, 297, 299]correct=208, total=300, accuracy=0.6933  | ./output/gridsearch/Qwen2.5-VL-7B-Instruct-mmvp-tokens2-lr0.001-sigma1.0-sigdecay0.95-steps15-topk5-conf
Data Idx with Correct Answer: [0, 3, 5, 6, 7, 8, 9, 10, 11, 12, 15, 17, 18, 21, 23, 24, 25, 26, 27, 28, 29, 30, 32, 35, 36, 37, 38, 39, 40, 42, 43, 44, 46, 49, 51, 52, 55, 57, 58, 60, 61, 63, 64, 65, 66, 67, 68, 69, 70, 72, 73, 74, 76, 78, 79, 80, 87, 88, 89, 90, 92, 93, 95, 96, 97, 98, 101, 102, 103, 104, 105, 106, 107, 109, 111, 112, 113, 114, 116, 119, 120, 121, 122, 123, 125, 126, 129, 130, 133, 135, 136, 137, 138, 139, 141, 143, 144, 147, 149, 151, 153, 154, 158, 159, 163, 164, 165, 169, 170, 171, 172, 173, 174, 175, 176, 179, 180, 181, 183, 184, 187, 188, 189, 190, 191, 192, 193, 194, 196, 197, 198, 200, 201, 202, 203, 204, 205, 206, 207, 209, 210, 211, 212, 213, 214, 217, 218, 219, 221, 222, 223, 225, 226, 228, 229, 230, 232, 233, 234, 235, 236, 237, 238, 240, 243, 244, 245, 246, 247, 248, 249, 250, 252, 253, 254, 255, 256, 257, 260, 261, 262, 263, 264, 265, 266, 268, 269, 270, 272, 273, 274, 276, 277, 280, 281, 282, 286, 287, 288, 289, 290, 291, 293, 294, 296, 297, 299]correct=207, total=300, accuracy=0.6900  | ./output/gridsearch/Qwen2.5-VL-7B-Instruct-mmvp-tokens6-lr0.001-sigma5.0-sigdecay0.9-steps10-topk10-conf
Data Idx with Correct Answer: [0, 3, 5, 6, 7, 8, 9, 10, 11, 12, 15, 16, 17, 18, 21, 23, 24, 25, 26, 27, 28, 29, 30, 33, 35, 36, 37, 38, 39, 40, 43, 44, 46, 47, 49, 51, 52, 55, 57, 58, 60, 61, 63, 64, 65, 66, 67, 68, 70, 72, 73, 74, 76, 78, 79, 80, 87, 88, 89, 90, 92, 93, 95, 96, 97, 98, 101, 102, 103, 104, 105, 106, 107, 108, 109, 111, 112, 113, 115, 116, 117, 119, 120, 121, 123, 125, 126, 129, 130, 132, 133, 134, 135, 136, 137, 138, 139, 141, 143, 144, 147, 148, 149, 151, 153, 154, 158, 159, 160, 163, 165, 167, 169, 170, 171, 172, 173, 174, 175, 179, 180, 181, 183, 184, 187, 188, 189, 190, 191, 192, 193, 194, 196, 197, 198, 200, 201, 202, 203, 204, 205, 206, 207, 209, 210, 211, 212, 213, 214, 217, 218, 221, 222, 223, 225, 226, 229, 230, 232, 233, 234, 235, 236, 237, 238, 240, 243, 244, 245, 246, 248, 250, 252, 253, 254, 255, 257, 260, 261, 262, 263, 264, 265, 266, 268, 269, 270, 272, 273, 274, 276, 277, 280, 281, 282, 284, 285, 286, 288, 289, 290, 291, 293, 294, 296, 297, 299]correct=207, total=300, accuracy=0.6900  | ./output/gridsearch/Qwen2.5-VL-7B-Instruct-mmvp-tokens4-lr0.001-sigma5.0-sigdecay0.95-steps15-topk10-conf
Data Idx with Correct Answer: [0, 3, 5, 6, 7, 8, 9, 10, 11, 12, 15, 16, 17, 18, 21, 23, 24, 25, 26, 27, 28, 29, 30, 32, 33, 35, 36, 37, 38, 39, 40, 43, 45, 46, 47, 49, 50, 51, 52, 54, 55, 57, 58, 60, 61, 63, 64, 65, 66, 67, 68, 70, 72, 73, 74, 76, 78, 79, 80, 87, 88, 89, 90, 92, 93, 95, 96, 97, 98, 101, 102, 103, 105, 107, 109, 111, 112, 113, 116, 117, 119, 120, 121, 122, 123, 125, 126, 129, 130, 131, 132, 133, 134, 135, 136, 137, 138, 139, 140, 141, 142, 143, 147, 148, 149, 151, 153, 156, 158, 159, 161, 163, 164, 167, 169, 170, 171, 172, 173, 174, 175, 176, 180, 181, 183, 184, 187, 188, 189, 190, 191, 192, 193, 194, 196, 197, 198, 200, 201, 202, 203, 204, 205, 206, 207, 208, 209, 210, 211, 212, 213, 214, 217, 221, 222, 223, 225, 226, 228, 229, 230, 232, 233, 234, 235, 236, 237, 238, 240, 242, 244, 245, 246, 248, 249, 252, 253, 254, 255, 256, 257, 260, 261, 262, 263, 264, 265, 267, 268, 269, 270, 273, 274, 276, 277, 280, 281, 282, 284, 286, 289, 290, 291, 294, 296, 297, 299]correct=207, total=300, accuracy=0.6900  | ./output/gridsearch/Qwen2.5-VL-7B-Instruct-mmvp-tokens2-lr0.001-sigma5.0-sigdecay0.9-steps15-topk5-conf
Data Idx with Correct Answer: [0, 3, 4, 5, 6, 7, 8, 9, 10, 11, 12, 15, 16, 17, 18, 21, 23, 24, 25, 26, 27, 28, 29, 30, 35, 36, 37, 38, 39, 40, 43, 44, 46, 47, 49, 51, 52, 55, 57, 58, 60, 61, 63, 64, 65, 66, 67, 68, 70, 72, 73, 74, 76, 78, 79, 80, 87, 88, 89, 90, 92, 93, 95, 96, 97, 98, 101, 102, 103, 104, 105, 106, 107, 108, 109, 111, 112, 113, 115, 116, 117, 120, 121, 122, 123, 125, 126, 129, 130, 132, 134, 135, 136, 137, 138, 139, 140, 141, 143, 144, 145, 147, 149, 151, 153, 154, 158, 159, 161, 163, 164, 165, 167, 169, 170, 171, 172, 173, 174, 175, 176, 179, 180, 181, 183, 184, 187, 188, 189, 190, 191, 192, 193, 194, 196, 197, 198, 200, 201, 202, 203, 204, 205, 206, 207, 209, 210, 211, 212, 213, 214, 217, 218, 221, 222, 223, 225, 226, 229, 230, 232, 233, 234, 235, 236, 237, 238, 243, 244, 245, 246, 248, 250, 252, 253, 254, 255, 257, 260, 261, 262, 263, 264, 265, 266, 268, 269, 270, 272, 273, 274, 276, 277, 280, 281, 282, 285, 286, 288, 289, 290, 291, 293, 294, 296, 297, 299]correct=207, total=300, accuracy=0.6900  | ./output/gridsearch/Qwen2.5-VL-7B-Instruct-mmvp-tokens4-lr0.001-sigma5.0-sigdecay0.95-steps15-topk5-conf
Data Idx with Correct Answer: [0, 2, 5, 6, 7, 8, 9, 10, 11, 12, 15, 17, 18, 19, 21, 22, 23, 24, 25, 26, 27, 28, 29, 30, 33, 35, 36, 37, 38, 39, 40, 43, 44, 49, 50, 51, 52, 55, 57, 58, 60, 61, 63, 64, 65, 66, 67, 68, 69, 70, 73, 74, 76, 80, 83, 85, 86, 87, 88, 89, 90, 92, 93, 95, 96, 97, 98, 101, 102, 103, 105, 106, 107, 109, 111, 112, 113, 114, 116, 118, 119, 120, 121, 122, 123, 124, 125, 126, 128, 130, 131, 132, 134, 135, 136, 137, 138, 139, 141, 143, 147, 148, 150, 151, 152, 153, 154, 156, 160, 163, 164, 167, 169, 170, 171, 172, 174, 175, 179, 180, 181, 183, 184, 187, 188, 189, 190, 192, 193, 194, 196, 197, 198, 200, 201, 202, 203, 204, 205, 206, 207, 208, 209, 210, 211, 212, 213, 215, 216, 217, 219, 221, 222, 223, 225, 226, 228, 229, 230, 232, 233, 234, 235, 237, 238, 240, 243, 244, 245, 246, 247, 248, 249, 251, 252, 253, 255, 256, 257, 259, 260, 261, 262, 263, 264, 267, 268, 269, 270, 273, 274, 276, 277, 280, 281, 282, 284, 286, 288, 289, 290, 291, 294, 295, 296, 297, 299]correct=207, total=300, accuracy=0.6900  | ./output/gridsearch/Qwen2.5-VL-7B-Instruct-mmvp-tokens6-lr0.01-sigma1.0-sigdecay0.95-steps15-topk10-conf
Data Idx with Correct Answer: [0, 2, 5, 6, 7, 8, 9, 10, 11, 12, 15, 17, 18, 19, 21, 22, 23, 24, 25, 26, 27, 28, 29, 30, 33, 35, 36, 37, 38, 39, 40, 43, 44, 47, 49, 50, 51, 52, 55, 57, 58, 60, 61, 63, 64, 65, 66, 67, 68, 70, 72, 73, 74, 76, 79, 80, 83, 85, 86, 87, 88, 89, 90, 92, 93, 96, 97, 98, 101, 102, 103, 105, 106, 107, 109, 111, 112, 113, 114, 116, 118, 119, 120, 121, 122, 123, 124, 125, 126, 128, 130, 132, 133, 134, 135, 136, 137, 138, 139, 140, 141, 143, 147, 148, 151, 152, 153, 157, 158, 162, 163, 164, 165, 167, 169, 171, 172, 174, 175, 180, 181, 183, 184, 187, 188, 189, 190, 192, 193, 194, 196, 197, 198, 200, 201, 202, 203, 204, 205, 206, 207, 208, 209, 210, 211, 212, 213, 214, 215, 217, 219, 220, 221, 222, 223, 225, 226, 228, 229, 230, 232, 233, 235, 237, 238, 240, 243, 244, 245, 246, 248, 249, 251, 252, 253, 255, 256, 257, 259, 260, 261, 262, 263, 264, 265, 267, 268, 269, 270, 273, 274, 276, 277, 280, 281, 284, 285, 286, 288, 289, 290, 291, 292, 294, 296, 297, 299]correct=207, total=300, accuracy=0.6900  | ./output/gridsearch/Qwen2.5-VL-7B-Instruct-mmvp-tokens6-lr0.05-sigma5.0-sigdecay0.95-steps15-topk10-conf
Data Idx with Correct Answer: [0, 2, 5, 6, 7, 8, 9, 10, 11, 12, 15, 16, 17, 19, 21, 23, 24, 25, 26, 27, 28, 29, 30, 35, 36, 37, 38, 39, 40, 43, 44, 49, 50, 51, 52, 54, 55, 56, 58, 60, 61, 63, 64, 65, 66, 67, 68, 70, 72, 73, 74, 76, 80, 83, 85, 86, 87, 88, 89, 90, 92, 93, 94, 96, 97, 98, 101, 102, 103, 105, 106, 107, 109, 111, 112, 113, 116, 118, 120, 121, 122, 123, 124, 125, 126, 130, 132, 134, 136, 137, 138, 139, 140, 141, 143, 147, 149, 150, 151, 152, 153, 154, 157, 158, 159, 160, 161, 163, 164, 167, 169, 170, 171, 172, 174, 175, 176, 179, 180, 181, 183, 184, 187, 188, 189, 190, 192, 193, 194, 196, 197, 198, 201, 202, 203, 204, 205, 206, 207, 208, 209, 210, 211, 212, 213, 215, 216, 217, 219, 220, 221, 222, 223, 225, 226, 228, 229, 230, 232, 233, 235, 236, 237, 238, 240, 243, 244, 245, 246, 247, 248, 249, 251, 252, 253, 255, 256, 257, 259, 260, 261, 262, 263, 264, 265, 267, 268, 269, 270, 273, 276, 277, 280, 281, 282, 284, 285, 288, 289, 290, 291, 292, 294, 295, 296, 297, 299]correct=207, total=300, accuracy=0.6900  | ./output/gridsearch/Qwen2.5-VL-7B-Instruct-mmvp-tokens4-lr0.05-sigma5.0-sigdecay0.9-steps10-topk5-conf
Data Idx with Correct Answer: [0, 2, 5, 6, 7, 8, 9, 10, 11, 12, 15, 16, 17, 18, 19, 21, 24, 25, 26, 27, 28, 29, 30, 33, 35, 36, 37, 38, 39, 40, 43, 44, 47, 49, 50, 51, 52, 55, 56, 57, 58, 60, 61, 63, 64, 65, 66, 67, 68, 69, 72, 73, 74, 76, 80, 83, 85, 86, 87, 88, 89, 90, 92, 93, 95, 96, 97, 98, 101, 102, 103, 105, 106, 107, 109, 111, 112, 113, 115, 117, 119, 120, 121, 122, 123, 125, 126, 130, 131, 132, 135, 136, 137, 138, 139, 140, 141, 144, 147, 148, 151, 152, 153, 154, 156, 158, 160, 161, 163, 164, 167, 169, 170, 171, 172, 174, 175, 176, 179, 180, 181, 183, 184, 187, 188, 189, 190, 192, 193, 194, 196, 197, 198, 201, 202, 203, 204, 205, 206, 207, 208, 209, 210, 211, 212, 213, 215, 216, 217, 218, 219, 221, 222, 223, 225, 226, 228, 230, 232, 233, 234, 235, 237, 238, 240, 242, 243, 244, 245, 246, 247, 248, 249, 251, 252, 255, 256, 257, 259, 260, 261, 262, 263, 264, 267, 268, 269, 270, 273, 274, 276, 277, 280, 281, 282, 284, 285, 286, 288, 289, 290, 291, 294, 295, 296, 297, 299]correct=207, total=300, accuracy=0.6900  | ./output/gridsearch/Qwen2.5-VL-7B-Instruct-mmvp-tokens6-lr0.01-sigma1.0-sigdecay0.9-steps15-topk10-conf
Data Idx with Correct Answer: [0, 2, 5, 6, 7, 8, 9, 10, 11, 12, 15, 16, 17, 18, 19, 21, 23, 24, 25, 26, 27, 28, 29, 30, 35, 36, 37, 38, 39, 40, 43, 44, 49, 50, 51, 52, 54, 55, 56, 58, 60, 61, 63, 64, 65, 66, 67, 68, 72, 73, 74, 76, 79, 80, 83, 85, 87, 88, 89, 90, 92, 93, 94, 96, 97, 98, 101, 102, 103, 105, 107, 109, 111, 112, 113, 116, 117, 119, 120, 121, 122, 123, 124, 125, 126, 129, 130, 133, 134, 136, 137, 138, 139, 140, 141, 143, 147, 148, 149, 151, 152, 153, 154, 157, 158, 159, 161, 163, 164, 165, 167, 169, 170, 171, 174, 175, 176, 179, 180, 181, 183, 184, 187, 188, 189, 190, 191, 192, 193, 194, 196, 197, 198, 200, 201, 202, 203, 204, 205, 206, 207, 208, 209, 210, 211, 212, 213, 216, 217, 218, 219, 220, 221, 222, 223, 225, 226, 228, 230, 232, 233, 235, 236, 237, 238, 240, 241, 243, 244, 245, 246, 248, 249, 251, 252, 253, 255, 256, 257, 260, 261, 262, 263, 264, 266, 267, 268, 269, 270, 273, 274, 276, 277, 280, 281, 282, 284, 286, 288, 289, 290, 292, 294, 295, 296, 297, 299]correct=207, total=300, accuracy=0.6900  | ./output/gridsearch/Qwen2.5-VL-7B-Instruct-mmvp-tokens2-lr0.005-sigma0.1-sigdecay0.95-steps15-topk10-conf
Data Idx with Correct Answer: [0, 2, 5, 6, 7, 8, 9, 10, 11, 12, 15, 16, 17, 18, 19, 21, 23, 24, 25, 26, 27, 28, 29, 30, 35, 36, 37, 38, 39, 40, 43, 44, 47, 49, 51, 52, 55, 57, 58, 60, 61, 63, 64, 65, 66, 67, 68, 69, 70, 73, 74, 76, 78, 79, 80, 83, 85, 86, 87, 88, 89, 90, 91, 92, 93, 95, 96, 97, 98, 101, 102, 103, 105, 107, 109, 111, 112, 113, 116, 117, 118, 119, 120, 121, 122, 123, 125, 126, 129, 130, 132, 133, 134, 135, 136, 137, 138, 139, 140, 141, 142, 143, 147, 148, 149, 151, 152, 153, 154, 156, 159, 163, 164, 167, 169, 170, 171, 172, 174, 175, 176, 179, 180, 181, 183, 184, 187, 188, 189, 190, 192, 193, 194, 196, 197, 198, 200, 201, 202, 203, 204, 205, 206, 207, 208, 209, 210, 211, 212, 213, 216, 217, 218, 219, 221, 222, 223, 225, 226, 228, 230, 232, 233, 234, 235, 237, 238, 240, 243, 244, 245, 246, 248, 249, 251, 252, 253, 255, 256, 257, 259, 260, 261, 262, 263, 264, 267, 268, 269, 270, 273, 274, 276, 277, 280, 281, 284, 286, 288, 289, 290, 292, 294, 295, 296, 297, 299]correct=207, total=300, accuracy=0.6900  | ./output/gridsearch/Qwen2.5-VL-7B-Instruct-mmvp-tokens6-lr0.005-sigma1.0-sigdecay0.95-steps10-topk5-conf
Data Idx with Correct Answer: [0, 2, 5, 6, 7, 8, 9, 10, 11, 12, 15, 16, 17, 18, 19, 21, 23, 24, 25, 26, 27, 28, 29, 30, 33, 35, 36, 37, 38, 39, 40, 43, 44, 45, 47, 49, 50, 51, 52, 55, 57, 58, 60, 61, 63, 64, 65, 66, 67, 68, 70, 73, 74, 76, 78, 80, 83, 85, 86, 87, 88, 89, 90, 92, 93, 95, 96, 97, 98, 101, 102, 103, 104, 105, 106, 107, 108, 109, 111, 112, 113, 114, 117, 119, 120, 121, 122, 123, 125, 129, 130, 132, 134, 136, 137, 138, 139, 141, 142, 144, 145, 146, 147, 149, 150, 151, 152, 153, 154, 157, 158, 163, 164, 165, 167, 169, 170, 171, 172, 174, 175, 176, 179, 180, 181, 183, 184, 187, 188, 189, 190, 192, 193, 196, 197, 198, 200, 201, 202, 204, 205, 206, 207, 209, 210, 211, 212, 213, 214, 215, 217, 218, 219, 221, 222, 223, 225, 226, 228, 230, 232, 233, 235, 237, 238, 240, 242, 243, 244, 245, 246, 248, 249, 251, 252, 253, 255, 256, 257, 259, 260, 261, 262, 263, 264, 265, 267, 268, 269, 270, 273, 274, 276, 277, 280, 281, 282, 284, 285, 288, 289, 290, 294, 295, 296, 297, 299]correct=207, total=300, accuracy=0.6900  | ./output/gridsearch/Qwen2.5-VL-7B-Instruct-mmvp-tokens6-lr0.05-sigma0.1-sigdecay0.9-steps15-topk5-conf
Data Idx with Correct Answer: [0, 2, 5, 6, 7, 8, 9, 10, 11, 12, 15, 16, 17, 18, 19, 21, 23, 24, 25, 26, 27, 28, 29, 30, 33, 35, 36, 37, 38, 39, 40, 43, 44, 45, 47, 49, 50, 51, 52, 54, 55, 56, 58, 60, 61, 63, 64, 65, 66, 67, 68, 70, 72, 73, 74, 76, 79, 80, 83, 85, 87, 88, 89, 90, 92, 93, 94, 96, 97, 98, 101, 102, 103, 105, 107, 109, 111, 112, 113, 116, 117, 119, 120, 121, 122, 123, 124, 125, 126, 130, 132, 134, 135, 136, 137, 138, 139, 140, 141, 147, 148, 149, 151, 152, 153, 154, 157, 158, 159, 161, 163, 164, 165, 167, 169, 170, 172, 174, 175, 176, 179, 180, 181, 183, 184, 187, 188, 189, 190, 191, 192, 194, 196, 197, 198, 200, 201, 202, 203, 204, 205, 206, 207, 208, 209, 210, 211, 212, 213, 217, 218, 219, 220, 221, 222, 223, 225, 226, 228, 230, 232, 233, 235, 236, 237, 238, 240, 241, 243, 244, 245, 246, 247, 248, 249, 251, 252, 253, 255, 256, 257, 260, 261, 262, 263, 264, 267, 268, 269, 270, 273, 274, 276, 277, 280, 281, 282, 284, 286, 288, 289, 290, 292, 294, 296, 297, 299]correct=207, total=300, accuracy=0.6900  | ./output/gridsearch/Qwen2.5-VL-7B-Instruct-mmvp-tokens2-lr0.05-sigma1.0-sigdecay0.9-steps15-topk5-conf
Data Idx with Correct Answer: [0, 2, 5, 6, 7, 8, 9, 10, 11, 12, 15, 16, 17, 18, 19, 21, 22, 23, 24, 25, 26, 27, 28, 29, 30, 35, 36, 38, 39, 40, 43, 44, 47, 49, 50, 51, 52, 54, 55, 57, 58, 60, 61, 63, 64, 65, 66, 67, 68, 72, 73, 74, 76, 78, 79, 80, 83, 85, 87, 88, 89, 90, 92, 93, 94, 96, 97, 98, 101, 102, 103, 105, 107, 109, 111, 112, 113, 116, 118, 120, 121, 122, 123, 124, 125, 126, 127, 129, 130, 132, 134, 136, 137, 138, 139, 140, 141, 143, 147, 148, 149, 151, 152, 153, 154, 157, 158, 159, 161, 163, 165, 167, 169, 170, 171, 172, 173, 174, 175, 176, 180, 181, 183, 184, 187, 188, 189, 190, 191, 194, 196, 197, 198, 200, 201, 202, 203, 204, 205, 206, 207, 209, 210, 211, 212, 213, 214, 217, 218, 219, 220, 221, 222, 223, 225, 226, 228, 230, 232, 233, 234, 235, 237, 238, 240, 241, 242, 243, 244, 245, 246, 247, 248, 249, 251, 252, 253, 255, 256, 257, 259, 260, 261, 262, 263, 264, 266, 267, 268, 269, 270, 273, 274, 276, 280, 281, 282, 284, 286, 288, 289, 290, 292, 294, 296, 297, 299]correct=207, total=300, accuracy=0.6900  | ./output/gridsearch/Qwen2.5-VL-7B-Instruct-mmvp-tokens2-lr0.005-sigma0.1-sigdecay0.95-steps10-topk10-conf
Data Idx with Correct Answer: [0, 2, 5, 6, 7, 8, 9, 10, 11, 12, 15, 16, 17, 18, 19, 21, 22, 23, 24, 25, 26, 27, 28, 29, 30, 33, 35, 36, 37, 38, 39, 40, 43, 44, 45, 49, 50, 51, 52, 55, 57, 58, 60, 61, 63, 64, 65, 66, 67, 68, 70, 73, 74, 76, 79, 80, 83, 84, 85, 86, 87, 88, 89, 90, 91, 92, 93, 96, 97, 98, 101, 102, 103, 105, 107, 109, 111, 112, 113, 116, 118, 120, 121, 122, 123, 125, 126, 128, 130, 132, 133, 135, 136, 137, 138, 139, 141, 142, 143, 147, 148, 151, 152, 153, 154, 157, 158, 159, 161, 163, 164, 167, 169, 170, 171, 172, 174, 175, 176, 179, 180, 181, 183, 184, 187, 188, 189, 190, 192, 193, 196, 197, 198, 200, 201, 202, 203, 204, 205, 206, 207, 208, 209, 210, 211, 212, 213, 215, 217, 218, 219, 220, 221, 222, 223, 225, 226, 228, 229, 230, 232, 233, 234, 235, 237, 238, 243, 244, 245, 246, 248, 249, 251, 252, 253, 255, 256, 257, 259, 260, 261, 262, 263, 264, 265, 267, 268, 269, 270, 273, 274, 276, 277, 280, 281, 282, 283, 284, 285, 289, 290, 291, 292, 294, 296, 297, 299]correct=207, total=300, accuracy=0.6900  | ./output/gridsearch/Qwen2.5-VL-7B-Instruct-mmvp-tokens6-lr0.01-sigma0.1-sigdecay0.9-steps15-topk5-conf
Data Idx with Correct Answer: [0, 2, 5, 6, 7, 8, 9, 10, 11, 12, 15, 16, 17, 18, 19, 21, 22, 23, 24, 25, 26, 27, 28, 29, 30, 33, 35, 36, 37, 38, 39, 40, 43, 44, 45, 49, 50, 51, 52, 54, 55, 56, 57, 58, 60, 61, 63, 64, 65, 66, 67, 68, 72, 73, 74, 76, 78, 79, 80, 83, 85, 87, 88, 89, 90, 92, 93, 94, 96, 97, 98, 101, 102, 103, 105, 106, 107, 109, 111, 112, 113, 116, 119, 120, 121, 122, 123, 124, 125, 126, 130, 132, 134, 136, 137, 138, 139, 140, 141, 143, 147, 148, 149, 151, 152, 153, 154, 157, 159, 161, 163, 165, 167, 169, 170, 171, 172, 174, 175, 176, 179, 180, 181, 183, 184, 187, 188, 189, 190, 192, 194, 196, 197, 198, 201, 202, 203, 204, 205, 206, 207, 209, 210, 211, 212, 213, 217, 218, 219, 220, 221, 222, 223, 225, 226, 228, 230, 232, 233, 235, 236, 237, 238, 240, 241, 242, 243, 244, 245, 246, 248, 249, 251, 252, 253, 255, 256, 257, 259, 260, 261, 262, 263, 264, 266, 267, 268, 269, 270, 273, 274, 276, 277, 280, 281, 282, 284, 287, 288, 289, 290, 291, 292, 294, 296, 297, 299]correct=207, total=300, accuracy=0.6900  | ./output/gridsearch/Qwen2.5-VL-7B-Instruct-mmvp-tokens2-lr0.005-sigma0.1-sigdecay0.9-steps10-topk10-conf
Data Idx with Correct Answer: [0, 2, 3, 5, 6, 7, 8, 9, 10, 11, 12, 15, 16, 17, 18, 21, 23, 24, 25, 26, 27, 28, 29, 30, 33, 35, 36, 37, 38, 39, 40, 43, 44, 49, 50, 51, 52, 54, 55, 56, 58, 60, 61, 63, 64, 65, 66, 67, 68, 72, 73, 74, 76, 79, 80, 83, 85, 87, 88, 89, 90, 91, 92, 93, 94, 96, 97, 98, 101, 102, 103, 105, 107, 109, 111, 112, 113, 116, 117, 119, 120, 121, 122, 123, 124, 125, 126, 128, 130, 132, 134, 136, 137, 138, 139, 141, 143, 147, 149, 151, 152, 153, 154, 156, 158, 159, 161, 163, 164, 165, 167, 169, 170, 171, 174, 175, 176, 179, 180, 181, 183, 184, 187, 188, 189, 190, 191, 192, 193, 194, 196, 197, 198, 201, 202, 203, 204, 205, 206, 207, 209, 210, 211, 212, 213, 216, 217, 219, 221, 222, 223, 225, 226, 228, 230, 232, 233, 234, 235, 236, 237, 238, 240, 242, 243, 244, 245, 246, 247, 248, 249, 251, 252, 253, 255, 256, 257, 259, 260, 261, 262, 263, 264, 265, 267, 268, 269, 270, 273, 274, 276, 277, 280, 281, 282, 284, 285, 286, 288, 289, 290, 291, 292, 294, 296, 297, 299]correct=207, total=300, accuracy=0.6900  | ./output/gridsearch/Qwen2.5-VL-7B-Instruct-mmvp-tokens2-lr0.001-sigma0.1-sigdecay0.95-steps10-topk5-conf
Data Idx with Correct Answer: [0, 2, 3, 5, 6, 7, 8, 9, 10, 11, 12, 15, 16, 17, 18, 19, 21, 22, 23, 24, 25, 26, 27, 28, 29, 30, 35, 36, 37, 38, 39, 40, 43, 45, 47, 49, 51, 52, 55, 57, 58, 60, 61, 63, 64, 65, 66, 67, 68, 69, 70, 72, 73, 74, 76, 78, 80, 84, 85, 87, 88, 89, 90, 92, 93, 96, 97, 98, 101, 102, 103, 105, 107, 109, 111, 112, 113, 116, 117, 119, 120, 121, 122, 123, 125, 126, 129, 130, 132, 134, 135, 136, 137, 138, 139, 140, 141, 143, 145, 147, 148, 150, 151, 153, 154, 158, 163, 164, 169, 170, 171, 172, 174, 175, 176, 179, 180, 181, 183, 184, 187, 188, 189, 190, 191, 192, 193, 194, 196, 197, 198, 200, 201, 202, 203, 204, 205, 206, 207, 209, 210, 211, 212, 213, 214, 217, 218, 220, 221, 222, 223, 225, 226, 228, 229, 230, 232, 233, 234, 235, 237, 238, 240, 243, 244, 245, 246, 247, 248, 249, 250, 252, 253, 254, 255, 256, 257, 260, 261, 262, 263, 264, 265, 266, 267, 268, 269, 270, 272, 273, 274, 276, 277, 280, 281, 282, 284, 286, 288, 289, 290, 292, 293, 294, 296, 297, 299]correct=207, total=300, accuracy=0.6900  | ./output/gridsearch/Qwen2.5-VL-7B-Instruct-mmvp-tokens6-lr0.001-sigma1.0-sigdecay0.95-steps10-topk5-conf
Data Idx with Correct Answer: [0, 3, 5, 6, 7, 8, 9, 10, 11, 12, 15, 16, 17, 18, 21, 23, 24, 25, 26, 27, 28, 29, 30, 35, 36, 37, 38, 39, 40, 43, 44, 45, 46, 47, 49, 51, 52, 54, 55, 57, 58, 60, 61, 63, 64, 65, 66, 67, 68, 70, 72, 73, 74, 76, 78, 79, 80, 87, 88, 89, 90, 92, 93, 95, 96, 97, 98, 101, 102, 103, 104, 105, 106, 107, 108, 109, 111, 112, 113, 117, 119, 120, 121, 122, 123, 125, 126, 129, 130, 132, 134, 135, 136, 137, 138, 139, 140, 141, 143, 144, 145, 147, 149, 151, 152, 153, 154, 158, 159, 160, 163, 164, 167, 169, 170, 171, 172, 173, 174, 175, 179, 180, 181, 183, 184, 187, 188, 189, 190, 191, 192, 193, 194, 196, 197, 198, 200, 201, 202, 203, 204, 205, 206, 207, 209, 210, 211, 212, 213, 214, 217, 218, 221, 222, 223, 225, 226, 229, 230, 232, 233, 234, 235, 236, 237, 238, 240, 243, 244, 245, 246, 248, 250, 252, 253, 254, 255, 257, 260, 261, 262, 263, 264, 265, 266, 268, 269, 270, 272, 273, 274, 276, 277, 280, 281, 282, 284, 288, 289, 290, 291, 293, 294, 296, 297, 299]correct=206, total=300, accuracy=0.6867  | ./output/gridsearch/Qwen2.5-VL-7B-Instruct-mmvp-tokens4-lr0.001-sigma5.0-sigdecay0.9-steps10-topk5-conf
Data Idx with Correct Answer: [0, 3, 5, 6, 7, 8, 9, 10, 11, 12, 15, 16, 17, 18, 21, 23, 24, 25, 26, 27, 28, 29, 30, 33, 35, 36, 37, 38, 39, 40, 43, 45, 46, 47, 49, 50, 51, 52, 54, 55, 57, 58, 60, 61, 63, 64, 65, 66, 67, 68, 70, 72, 73, 74, 76, 78, 79, 80, 87, 88, 89, 90, 92, 93, 95, 96, 97, 98, 101, 102, 103, 104, 105, 107, 109, 111, 112, 113, 116, 117, 119, 120, 121, 122, 123, 124, 125, 126, 129, 130, 132, 133, 134, 135, 136, 137, 138, 139, 140, 141, 143, 147, 149, 151, 153, 156, 158, 159, 163, 164, 167, 169, 170, 171, 172, 173, 174, 175, 176, 179, 180, 181, 183, 184, 187, 188, 189, 190, 191, 192, 193, 196, 197, 198, 200, 201, 202, 203, 204, 205, 206, 207, 208, 209, 210, 211, 212, 213, 214, 217, 219, 221, 222, 223, 225, 226, 228, 229, 230, 232, 233, 234, 235, 236, 237, 238, 240, 244, 245, 246, 248, 249, 251, 252, 253, 254, 255, 257, 260, 261, 262, 263, 264, 265, 266, 267, 268, 269, 270, 272, 273, 274, 276, 277, 280, 281, 282, 284, 286, 288, 289, 290, 294, 296, 297, 299]correct=206, total=300, accuracy=0.6867  | ./output/gridsearch/Qwen2.5-VL-7B-Instruct-mmvp-tokens2-lr0.001-sigma5.0-sigdecay0.9-steps10-topk5-conf
Data Idx with Correct Answer: [0, 2, 5, 6, 7, 8, 9, 10, 11, 12, 15, 17, 18, 21, 23, 24, 25, 26, 27, 28, 29, 30, 33, 35, 36, 37, 38, 39, 40, 43, 44, 45, 49, 50, 51, 52, 54, 55, 58, 60, 61, 63, 64, 65, 66, 67, 68, 70, 73, 74, 76, 79, 80, 83, 85, 86, 87, 88, 89, 90, 92, 93, 95, 96, 97, 98, 102, 103, 105, 107, 109, 111, 112, 113, 116, 117, 119, 120, 121, 122, 123, 125, 126, 129, 130, 132, 133, 134, 135, 136, 137, 138, 139, 140, 141, 142, 143, 147, 148, 151, 152, 153, 154, 156, 158, 159, 162, 163, 164, 167, 169, 170, 171, 172, 173, 174, 175, 176, 179, 180, 181, 183, 184, 187, 188, 189, 190, 191, 192, 193, 194, 196, 197, 198, 201, 202, 204, 205, 206, 207, 208, 209, 210, 211, 212, 213, 215, 216, 217, 218, 219, 221, 222, 223, 225, 226, 228, 230, 232, 233, 234, 235, 237, 238, 240, 243, 244, 245, 246, 248, 249, 251, 252, 253, 255, 256, 257, 259, 260, 261, 262, 263, 264, 265, 267, 268, 269, 270, 273, 274, 276, 277, 280, 281, 282, 284, 285, 286, 289, 290, 291, 292, 294, 296, 297, 299]correct=206, total=300, accuracy=0.6867  | ./output/gridsearch/Qwen2.5-VL-7B-Instruct-mmvp-tokens6-lr0.01-sigma5.0-sigdecay0.9-steps10-topk10-conf
Data Idx with Correct Answer: [0, 2, 5, 6, 7, 8, 9, 10, 11, 12, 15, 17, 18, 19, 21, 23, 24, 25, 26, 27, 28, 29, 30, 32, 33, 35, 36, 37, 38, 39, 40, 43, 45, 49, 50, 52, 55, 57, 58, 60, 61, 63, 64, 65, 66, 67, 68, 69, 72, 73, 74, 76, 78, 79, 80, 87, 88, 89, 90, 92, 93, 95, 96, 97, 98, 101, 102, 103, 105, 107, 108, 109, 111, 112, 113, 115, 116, 120, 121, 122, 123, 125, 126, 130, 132, 133, 134, 135, 136, 137, 138, 139, 140, 141, 142, 143, 145, 147, 150, 151, 152, 153, 154, 157, 158, 160, 161, 162, 163, 164, 169, 171, 172, 174, 175, 176, 179, 180, 181, 183, 184, 187, 188, 189, 190, 192, 193, 194, 196, 197, 198, 200, 201, 202, 203, 204, 205, 206, 207, 208, 209, 210, 211, 212, 213, 215, 216, 217, 218, 219, 221, 222, 223, 225, 226, 228, 230, 232, 233, 234, 235, 236, 237, 238, 240, 243, 244, 245, 246, 248, 251, 252, 253, 255, 257, 259, 260, 261, 262, 263, 264, 265, 267, 268, 269, 270, 273, 274, 276, 277, 280, 281, 282, 283, 284, 286, 288, 289, 290, 291, 292, 293, 294, 296, 297, 299]correct=206, total=300, accuracy=0.6867  | ./output/gridsearch/Qwen2.5-VL-7B-Instruct-mmvp-tokens6-lr0.005-sigma5.0-sigdecay0.95-steps10-topk5-conf
Data Idx with Correct Answer: [0, 2, 5, 6, 7, 8, 9, 10, 11, 12, 15, 16, 17, 18, 21, 23, 24, 25, 26, 27, 28, 29, 30, 33, 35, 36, 37, 38, 39, 40, 43, 44, 45, 49, 50, 51, 52, 55, 57, 58, 60, 61, 63, 64, 65, 66, 67, 68, 70, 72, 73, 74, 79, 80, 83, 87, 88, 89, 90, 91, 92, 93, 94, 96, 97, 98, 101, 102, 103, 105, 106, 107, 108, 109, 111, 112, 113, 117, 119, 120, 121, 122, 123, 125, 126, 129, 130, 132, 134, 136, 137, 138, 140, 141, 143, 147, 148, 149, 151, 152, 153, 154, 156, 158, 159, 160, 161, 163, 167, 169, 170, 171, 172, 174, 175, 176, 179, 180, 181, 183, 184, 187, 188, 189, 190, 192, 193, 194, 196, 197, 198, 201, 202, 203, 204, 205, 206, 207, 208, 209, 210, 211, 212, 213, 216, 217, 218, 219, 221, 222, 223, 225, 226, 228, 229, 230, 232, 233, 234, 235, 236, 237, 238, 240, 243, 244, 245, 246, 248, 249, 250, 251, 252, 253, 255, 256, 257, 259, 260, 261, 262, 263, 264, 267, 268, 269, 270, 273, 274, 276, 277, 280, 281, 282, 284, 285, 286, 288, 289, 290, 292, 294, 295, 296, 297, 299]correct=206, total=300, accuracy=0.6867  | ./output/gridsearch/Qwen2.5-VL-7B-Instruct-mmvp-tokens4-lr0.01-sigma5.0-sigdecay0.9-steps10-topk10-conf
Data Idx with Correct Answer: [0, 2, 5, 6, 7, 8, 9, 10, 11, 12, 15, 16, 17, 18, 21, 23, 24, 25, 26, 27, 28, 29, 30, 32, 35, 36, 37, 38, 39, 40, 43, 44, 45, 47, 49, 50, 51, 52, 55, 57, 58, 60, 61, 63, 64, 65, 66, 67, 68, 69, 70, 73, 74, 76, 78, 80, 83, 85, 86, 87, 88, 89, 90, 92, 93, 95, 96, 97, 98, 101, 102, 103, 105, 106, 107, 109, 112, 113, 116, 117, 119, 120, 121, 122, 123, 125, 126, 129, 130, 132, 133, 134, 135, 136, 137, 138, 139, 140, 141, 142, 143, 147, 148, 151, 152, 153, 154, 156, 157, 159, 160, 163, 164, 167, 169, 170, 171, 172, 174, 175, 176, 180, 181, 184, 187, 188, 189, 190, 192, 193, 194, 196, 197, 198, 201, 202, 203, 204, 205, 206, 207, 208, 209, 210, 211, 212, 213, 214, 216, 217, 219, 221, 222, 223, 225, 226, 228, 230, 232, 233, 234, 235, 236, 237, 238, 240, 243, 244, 245, 246, 247, 248, 249, 251, 252, 253, 255, 256, 257, 259, 260, 261, 262, 263, 264, 265, 267, 268, 269, 270, 273, 274, 276, 277, 280, 281, 282, 284, 286, 289, 290, 291, 294, 296, 297, 299]correct=206, total=300, accuracy=0.6867  | ./output/gridsearch/Qwen2.5-VL-7B-Instruct-mmvp-tokens6-lr0.01-sigma5.0-sigdecay0.95-steps10-topk5-conf
Data Idx with Correct Answer: [0, 2, 5, 6, 7, 8, 9, 10, 11, 12, 15, 16, 17, 18, 19, 21, 23, 24, 25, 26, 27, 28, 29, 30, 33, 35, 36, 37, 38, 39, 40, 43, 45, 47, 49, 50, 51, 52, 55, 57, 58, 60, 61, 63, 64, 65, 66, 67, 68, 73, 74, 76, 78, 79, 80, 83, 84, 86, 87, 88, 89, 90, 91, 92, 93, 95, 96, 97, 98, 101, 102, 103, 105, 107, 108, 109, 111, 112, 113, 115, 116, 120, 121, 122, 123, 125, 126, 129, 130, 132, 133, 134, 135, 136, 137, 138, 139, 140, 141, 142, 143, 145, 147, 148, 151, 152, 153, 154, 156, 157, 159, 163, 164, 167, 169, 170, 171, 172, 174, 175, 176, 179, 180, 181, 183, 184, 187, 188, 189, 190, 192, 193, 194, 196, 197, 198, 200, 201, 202, 204, 205, 206, 207, 209, 210, 211, 212, 213, 217, 218, 219, 221, 222, 223, 225, 226, 228, 230, 232, 233, 234, 235, 237, 238, 240, 243, 244, 245, 246, 248, 251, 252, 253, 255, 257, 259, 260, 261, 262, 263, 264, 265, 267, 268, 269, 270, 272, 273, 274, 276, 277, 280, 281, 282, 283, 284, 286, 288, 289, 290, 291, 292, 294, 296, 297, 299]correct=206, total=300, accuracy=0.6867  | ./output/gridsearch/Qwen2.5-VL-7B-Instruct-mmvp-tokens6-lr0.005-sigma5.0-sigdecay0.95-steps10-topk10-conf
Data Idx with Correct Answer: [0, 2, 5, 6, 7, 8, 9, 10, 11, 12, 15, 16, 17, 18, 19, 21, 23, 24, 25, 26, 27, 28, 29, 30, 33, 35, 36, 37, 38, 39, 40, 43, 44, 47, 49, 50, 51, 52, 55, 57, 58, 60, 61, 63, 64, 65, 66, 67, 68, 70, 73, 74, 76, 79, 80, 83, 85, 86, 87, 88, 89, 90, 92, 93, 95, 96, 97, 98, 101, 102, 103, 105, 106, 107, 109, 111, 112, 113, 115, 116, 118, 119, 120, 121, 122, 123, 124, 125, 126, 130, 132, 133, 135, 136, 137, 138, 139, 141, 142, 143, 147, 148, 150, 151, 152, 153, 156, 163, 164, 167, 169, 170, 171, 172, 174, 175, 176, 180, 181, 183, 184, 187, 188, 189, 190, 192, 193, 194, 196, 197, 198, 200, 201, 202, 203, 204, 205, 206, 207, 208, 209, 210, 211, 212, 213, 215, 216, 217, 218, 219, 221, 222, 223, 225, 226, 228, 230, 232, 233, 234, 235, 237, 238, 242, 243, 244, 245, 246, 248, 249, 251, 252, 253, 255, 256, 257, 259, 260, 261, 262, 263, 264, 267, 268, 269, 270, 273, 274, 276, 277, 280, 281, 282, 284, 286, 288, 289, 290, 291, 292, 293, 294, 295, 296, 297, 299]correct=206, total=300, accuracy=0.6867  | ./output/gridsearch/Qwen2.5-VL-7B-Instruct-mmvp-tokens6-lr0.005-sigma1.0-sigdecay0.95-steps15-topk10-conf
Data Idx with Correct Answer: [0, 2, 5, 6, 7, 8, 9, 10, 11, 12, 15, 16, 17, 18, 19, 21, 22, 23, 24, 25, 26, 27, 28, 29, 30, 35, 36, 37, 38, 39, 40, 43, 44, 47, 49, 50, 52, 54, 55, 57, 58, 60, 61, 63, 64, 65, 66, 67, 68, 72, 73, 74, 76, 78, 79, 80, 86, 87, 88, 89, 90, 92, 93, 95, 96, 97, 98, 101, 102, 103, 105, 107, 109, 111, 112, 113, 116, 117, 118, 119, 120, 121, 122, 123, 125, 126, 129, 130, 131, 132, 133, 136, 137, 138, 139, 140, 141, 143, 144, 147, 148, 150, 151, 152, 153, 154, 157, 159, 160, 161, 163, 164, 167, 169, 170, 171, 172, 174, 175, 176, 179, 180, 181, 184, 187, 188, 189, 190, 192, 193, 194, 196, 197, 198, 200, 201, 202, 203, 204, 205, 206, 207, 208, 209, 211, 212, 213, 214, 215, 216, 217, 218, 219, 220, 221, 222, 223, 225, 226, 228, 230, 232, 233, 235, 237, 238, 240, 243, 244, 245, 246, 248, 249, 251, 252, 253, 255, 256, 257, 259, 260, 261, 262, 263, 264, 267, 268, 269, 270, 273, 274, 276, 277, 280, 281, 282, 284, 286, 289, 290, 292, 294, 295, 296, 297, 299]correct=206, total=300, accuracy=0.6867  | ./output/gridsearch/Qwen2.5-VL-7B-Instruct-mmvp-tokens6-lr0.01-sigma5.0-sigdecay0.95-steps15-topk5-conf
Data Idx with Correct Answer: [0, 2, 5, 6, 7, 8, 9, 10, 11, 12, 15, 16, 17, 18, 19, 21, 22, 23, 24, 25, 26, 27, 28, 29, 30, 33, 35, 36, 38, 39, 40, 43, 44, 45, 47, 49, 50, 51, 52, 55, 58, 60, 61, 64, 65, 66, 67, 68, 72, 73, 74, 76, 79, 80, 83, 85, 86, 87, 88, 89, 90, 92, 93, 94, 96, 97, 98, 101, 102, 103, 105, 106, 107, 108, 109, 111, 112, 113, 116, 118, 120, 121, 122, 123, 124, 125, 126, 128, 130, 135, 136, 137, 138, 139, 140, 141, 142, 143, 147, 148, 149, 151, 152, 153, 154, 157, 158, 159, 161, 163, 164, 165, 167, 169, 171, 172, 174, 175, 176, 179, 180, 181, 183, 184, 187, 188, 189, 190, 192, 193, 194, 196, 197, 198, 201, 202, 203, 204, 205, 206, 207, 209, 210, 211, 212, 213, 215, 216, 217, 219, 220, 221, 222, 223, 225, 226, 228, 229, 230, 232, 233, 235, 237, 238, 240, 241, 243, 244, 245, 246, 248, 249, 251, 252, 253, 255, 256, 257, 259, 260, 261, 262, 263, 264, 265, 266, 267, 268, 269, 270, 273, 274, 276, 277, 280, 281, 282, 284, 285, 288, 289, 291, 294, 296, 297, 299]correct=206, total=300, accuracy=0.6867  | ./output/gridsearch/Qwen2.5-VL-7B-Instruct-mmvp-tokens4-lr0.01-sigma0.1-sigdecay0.9-steps10-topk10-conf
Data Idx with Correct Answer: [0, 2, 5, 6, 7, 8, 9, 10, 11, 12, 15, 16, 17, 18, 19, 21, 22, 23, 24, 25, 26, 27, 28, 29, 30, 33, 35, 36, 37, 38, 39, 40, 43, 44, 49, 50, 51, 52, 55, 57, 58, 60, 61, 63, 64, 65, 66, 67, 68, 70, 72, 73, 74, 76, 79, 80, 85, 87, 88, 89, 90, 92, 93, 94, 96, 97, 98, 101, 102, 103, 105, 107, 109, 111, 112, 113, 116, 117, 119, 120, 121, 122, 123, 125, 126, 130, 132, 133, 134, 136, 137, 138, 139, 140, 141, 143, 147, 148, 151, 152, 153, 154, 157, 158, 159, 161, 163, 164, 165, 167, 169, 170, 171, 173, 174, 175, 176, 179, 180, 181, 183, 184, 187, 188, 189, 190, 192, 193, 194, 196, 197, 198, 201, 202, 203, 204, 205, 206, 207, 208, 209, 210, 211, 212, 213, 216, 217, 218, 219, 221, 222, 223, 225, 226, 228, 229, 230, 232, 233, 235, 236, 237, 238, 240, 243, 244, 245, 246, 247, 248, 249, 251, 252, 253, 255, 256, 257, 259, 260, 261, 262, 263, 264, 266, 267, 268, 269, 270, 273, 274, 276, 277, 280, 281, 282, 283, 284, 285, 288, 289, 290, 292, 294, 296, 297, 299]correct=206, total=300, accuracy=0.6867  | ./output/gridsearch/Qwen2.5-VL-7B-Instruct-mmvp-tokens2-lr0.01-sigma1.0-sigdecay0.95-steps15-topk10-conf
Data Idx with Correct Answer: [0, 2, 5, 6, 7, 8, 9, 10, 11, 12, 15, 16, 17, 18, 19, 21, 22, 23, 24, 25, 26, 27, 28, 29, 30, 33, 35, 36, 37, 38, 39, 40, 43, 44, 45, 49, 50, 51, 52, 55, 56, 58, 60, 61, 63, 64, 65, 66, 67, 68, 70, 73, 74, 76, 78, 79, 80, 83, 85, 86, 87, 88, 89, 90, 91, 92, 93, 96, 97, 98, 101, 102, 103, 105, 106, 107, 109, 111, 112, 113, 116, 117, 118, 119, 120, 121, 122, 123, 125, 126, 130, 132, 134, 136, 137, 138, 139, 141, 142, 143, 144, 147, 148, 150, 151, 152, 153, 154, 157, 159, 163, 164, 167, 169, 170, 171, 172, 174, 175, 176, 179, 180, 181, 183, 184, 187, 188, 189, 190, 192, 193, 196, 197, 198, 201, 202, 203, 204, 205, 206, 207, 208, 209, 210, 211, 212, 213, 215, 216, 217, 218, 219, 221, 222, 223, 225, 226, 228, 230, 232, 233, 235, 237, 238, 242, 243, 244, 245, 246, 248, 249, 251, 252, 253, 255, 256, 257, 259, 260, 261, 262, 263, 264, 265, 267, 268, 269, 270, 273, 274, 276, 277, 280, 281, 282, 283, 284, 285, 286, 288, 289, 291, 294, 296, 297, 299]correct=206, total=300, accuracy=0.6867  | ./output/gridsearch/Qwen2.5-VL-7B-Instruct-mmvp-tokens6-lr0.005-sigma0.1-sigdecay0.9-steps10-topk10-conf
Data Idx with Correct Answer: [0, 2, 5, 6, 7, 8, 9, 10, 11, 12, 15, 16, 17, 18, 19, 21, 22, 23, 24, 25, 26, 27, 28, 29, 30, 33, 35, 36, 37, 38, 39, 40, 43, 44, 45, 47, 49, 51, 52, 55, 56, 58, 60, 61, 63, 64, 65, 66, 67, 68, 70, 72, 73, 74, 76, 79, 80, 83, 85, 87, 88, 89, 90, 92, 93, 94, 96, 97, 98, 101, 102, 103, 105, 107, 109, 111, 112, 113, 116, 118, 119, 120, 121, 122, 123, 125, 126, 129, 130, 132, 134, 135, 136, 137, 138, 139, 140, 141, 143, 147, 148, 149, 151, 152, 153, 154, 157, 158, 159, 161, 163, 164, 165, 167, 169, 170, 171, 174, 175, 176, 180, 181, 183, 184, 187, 188, 189, 190, 193, 194, 196, 197, 198, 200, 201, 202, 203, 204, 205, 206, 207, 209, 210, 211, 212, 213, 214, 217, 218, 219, 221, 222, 223, 225, 226, 228, 230, 232, 233, 235, 237, 238, 240, 241, 243, 244, 245, 246, 248, 249, 251, 252, 253, 255, 256, 257, 259, 260, 261, 262, 263, 264, 265, 267, 268, 269, 270, 273, 274, 276, 277, 280, 281, 282, 284, 285, 287, 288, 289, 290, 291, 292, 294, 296, 297, 299]correct=206, total=300, accuracy=0.6867  | ./output/gridsearch/Qwen2.5-VL-7B-Instruct-mmvp-tokens2-lr0.05-sigma1.0-sigdecay0.95-steps10-topk5-conf
Data Idx with Correct Answer: [0, 2, 3, 5, 6, 7, 8, 9, 10, 11, 12, 15, 17, 18, 19, 21, 23, 24, 25, 26, 27, 28, 29, 30, 35, 36, 37, 38, 39, 40, 43, 49, 50, 51, 52, 54, 55, 56, 57, 58, 60, 61, 63, 64, 65, 66, 67, 68, 70, 73, 74, 76, 78, 79, 80, 83, 85, 86, 87, 88, 89, 90, 91, 92, 93, 94, 95, 97, 98, 101, 102, 103, 105, 107, 109, 111, 112, 113, 114, 117, 119, 120, 121, 122, 123, 125, 126, 128, 129, 130, 131, 132, 135, 136, 137, 138, 139, 141, 145, 147, 148, 151, 152, 153, 154, 157, 159, 160, 161, 162, 163, 164, 165, 167, 169, 170, 171, 172, 174, 175, 176, 179, 180, 181, 184, 187, 188, 189, 190, 192, 193, 194, 196, 197, 198, 200, 201, 202, 204, 205, 207, 209, 210, 211, 212, 213, 214, 215, 217, 219, 220, 221, 222, 223, 225, 226, 228, 230, 232, 233, 235, 236, 237, 238, 240, 241, 243, 244, 245, 246, 247, 249, 250, 251, 252, 253, 255, 257, 259, 260, 261, 262, 263, 264, 265, 266, 267, 268, 269, 270, 273, 274, 276, 277, 280, 281, 282, 285, 288, 289, 290, 292, 294, 296, 297, 299]correct=206, total=300, accuracy=0.6867  | ./output/gridsearch/Qwen2.5-VL-7B-Instruct-mmvp-tokens6-lr0.05-sigma0.1-sigdecay0.95-steps10-topk10-conf
Data Idx with Correct Answer: [0, 2, 3, 5, 6, 7, 8, 9, 10, 11, 12, 15, 16, 18, 21, 22, 23, 24, 25, 26, 27, 28, 29, 30, 33, 35, 36, 37, 38, 39, 40, 43, 44, 45, 49, 50, 51, 52, 55, 57, 58, 60, 61, 64, 65, 66, 67, 68, 69, 72, 73, 74, 76, 79, 80, 83, 85, 86, 87, 88, 89, 90, 91, 92, 93, 96, 97, 98, 101, 102, 103, 105, 106, 107, 109, 111, 112, 113, 116, 117, 119, 120, 121, 122, 123, 125, 126, 128, 130, 132, 133, 134, 135, 136, 137, 138, 139, 140, 141, 143, 147, 148, 151, 152, 153, 154, 156, 162, 163, 167, 169, 170, 171, 172, 173, 174, 175, 176, 179, 180, 181, 183, 184, 187, 188, 189, 190, 192, 193, 194, 196, 197, 198, 200, 202, 203, 204, 205, 206, 207, 208, 209, 210, 211, 212, 213, 215, 216, 217, 218, 219, 220, 221, 222, 223, 225, 226, 228, 229, 230, 232, 233, 235, 237, 238, 240, 243, 244, 245, 246, 248, 249, 251, 252, 253, 255, 256, 257, 259, 260, 261, 262, 263, 264, 265, 267, 268, 269, 270, 273, 274, 276, 277, 280, 281, 282, 284, 288, 289, 291, 292, 294, 295, 296, 297, 299]correct=206, total=300, accuracy=0.6867  | ./output/gridsearch/Qwen2.5-VL-7B-Instruct-mmvp-tokens4-lr0.01-sigma5.0-sigdecay0.95-steps15-topk5-conf
Data Idx with Correct Answer: [0, 2, 3, 5, 6, 7, 8, 9, 10, 11, 12, 15, 16, 17, 18, 21, 23, 24, 25, 26, 27, 28, 29, 30, 35, 36, 37, 38, 39, 40, 43, 44, 47, 49, 50, 51, 52, 55, 58, 60, 61, 63, 64, 65, 66, 67, 68, 70, 72, 73, 74, 76, 78, 79, 80, 83, 85, 86, 87, 88, 89, 90, 91, 92, 93, 94, 96, 98, 101, 102, 103, 105, 107, 109, 111, 112, 113, 114, 115, 116, 117, 119, 120, 121, 122, 123, 125, 126, 128, 129, 130, 133, 136, 137, 138, 139, 140, 141, 143, 147, 148, 149, 150, 151, 152, 153, 159, 160, 163, 164, 167, 169, 170, 171, 172, 174, 175, 176, 179, 180, 181, 184, 187, 188, 189, 190, 192, 193, 194, 196, 197, 198, 200, 201, 202, 203, 204, 205, 206, 207, 208, 209, 210, 211, 212, 213, 217, 219, 220, 221, 222, 223, 225, 226, 228, 229, 230, 232, 233, 234, 235, 236, 237, 238, 240, 243, 244, 245, 246, 247, 248, 249, 251, 252, 253, 255, 256, 257, 259, 260, 261, 262, 263, 264, 267, 268, 269, 270, 273, 274, 276, 277, 280, 281, 282, 284, 286, 288, 289, 290, 291, 294, 295, 296, 297, 299]correct=206, total=300, accuracy=0.6867  | ./output/gridsearch/Qwen2.5-VL-7B-Instruct-mmvp-tokens4-lr0.005-sigma5.0-sigdecay0.9-steps15-topk10-conf
Data Idx with Correct Answer: [0, 3, 5, 6, 7, 8, 9, 10, 11, 12, 15, 16, 17, 18, 21, 23, 24, 25, 26, 27, 28, 29, 30, 33, 35, 36, 37, 38, 39, 40, 43, 45, 46, 49, 50, 51, 52, 54, 55, 57, 58, 60, 61, 63, 64, 65, 66, 67, 68, 70, 72, 73, 74, 76, 78, 79, 80, 87, 88, 89, 90, 92, 93, 95, 96, 97, 98, 101, 102, 103, 105, 107, 109, 111, 112, 113, 116, 117, 119, 120, 121, 122, 123, 125, 126, 129, 130, 131, 132, 134, 135, 136, 137, 139, 140, 141, 142, 143, 147, 148, 149, 151, 152, 153, 156, 158, 159, 160, 163, 164, 167, 169, 170, 171, 172, 173, 174, 175, 176, 180, 181, 183, 184, 187, 188, 189, 190, 192, 193, 194, 196, 197, 198, 200, 201, 202, 204, 205, 206, 207, 208, 209, 210, 211, 212, 213, 214, 217, 221, 222, 223, 225, 226, 228, 229, 230, 232, 233, 234, 235, 236, 237, 238, 244, 245, 246, 248, 249, 251, 252, 253, 254, 255, 256, 257, 260, 261, 262, 263, 264, 265, 266, 267, 268, 269, 270, 272, 273, 274, 276, 277, 280, 281, 282, 284, 286, 288, 289, 290, 291, 292, 294, 296, 297, 299]correct=205, total=300, accuracy=0.6833  | ./output/gridsearch/Qwen2.5-VL-7B-Instruct-mmvp-tokens2-lr0.001-sigma5.0-sigdecay0.95-steps15-topk5-conf
Data Idx with Correct Answer: [0, 3, 5, 6, 7, 8, 9, 10, 11, 12, 15, 16, 17, 18, 21, 23, 24, 25, 26, 27, 28, 29, 30, 32, 33, 35, 36, 37, 38, 39, 40, 43, 44, 45, 46, 47, 49, 50, 51, 52, 54, 55, 57, 58, 60, 61, 63, 64, 65, 66, 67, 68, 70, 72, 73, 74, 76, 78, 79, 80, 87, 88, 89, 90, 91, 92, 93, 95, 96, 97, 98, 102, 103, 105, 107, 109, 111, 112, 113, 116, 117, 120, 121, 122, 123, 125, 126, 129, 130, 132, 133, 134, 135, 136, 137, 138, 139, 140, 141, 142, 143, 144, 147, 148, 149, 151, 153, 158, 159, 163, 164, 165, 167, 169, 170, 171, 172, 173, 174, 175, 176, 180, 181, 183, 184, 187, 188, 189, 190, 192, 193, 194, 196, 197, 198, 200, 201, 202, 203, 204, 205, 206, 207, 208, 209, 210, 211, 212, 213, 214, 217, 219, 221, 222, 223, 225, 226, 228, 230, 232, 233, 234, 235, 237, 238, 243, 244, 245, 246, 248, 249, 252, 253, 255, 256, 257, 260, 261, 262, 263, 264, 265, 266, 267, 268, 269, 270, 273, 274, 276, 277, 280, 281, 282, 283, 284, 286, 288, 289, 290, 291, 294, 296, 297, 299]correct=205, total=300, accuracy=0.6833  | ./output/gridsearch/Qwen2.5-VL-7B-Instruct-mmvp-tokens2-lr0.001-sigma5.0-sigdecay0.9-steps15-topk10-conf
Data Idx with Correct Answer: [0, 2, 5, 6, 7, 8, 9, 10, 11, 12, 15, 17, 18, 19, 23, 24, 25, 26, 27, 28, 29, 30, 35, 36, 37, 38, 39, 40, 43, 44, 47, 49, 50, 52, 55, 57, 58, 60, 61, 63, 64, 65, 66, 67, 68, 70, 72, 73, 74, 76, 79, 80, 83, 85, 86, 87, 88, 89, 90, 92, 93, 94, 96, 97, 98, 101, 102, 103, 105, 106, 107, 109, 111, 112, 113, 116, 119, 120, 121, 122, 123, 125, 126, 128, 132, 133, 134, 135, 136, 137, 138, 139, 140, 141, 142, 143, 147, 148, 149, 150, 151, 152, 153, 154, 157, 158, 161, 163, 164, 167, 169, 170, 171, 172, 174, 175, 176, 179, 180, 181, 183, 184, 187, 188, 189, 190, 192, 193, 194, 196, 197, 198, 200, 201, 202, 203, 204, 205, 206, 207, 208, 209, 210, 211, 212, 213, 215, 216, 217, 219, 220, 221, 222, 223, 225, 226, 228, 229, 230, 232, 233, 235, 237, 238, 240, 243, 244, 245, 246, 248, 249, 251, 252, 253, 255, 256, 257, 259, 260, 261, 262, 263, 264, 265, 266, 267, 268, 269, 270, 273, 274, 276, 277, 280, 281, 282, 284, 285, 288, 289, 291, 294, 296, 297, 299]correct=205, total=300, accuracy=0.6833  | ./output/gridsearch/Qwen2.5-VL-7B-Instruct-mmvp-tokens4-lr0.05-sigma1.0-sigdecay0.9-steps10-topk5-conf
Data Idx with Correct Answer: [0, 2, 5, 6, 7, 8, 9, 10, 11, 12, 15, 17, 18, 19, 21, 23, 24, 25, 26, 27, 28, 29, 30, 35, 36, 37, 38, 39, 40, 43, 44, 45, 49, 50, 51, 52, 55, 58, 60, 61, 63, 64, 65, 66, 67, 68, 70, 72, 73, 74, 76, 79, 80, 83, 85, 86, 87, 88, 89, 90, 92, 93, 95, 96, 98, 100, 101, 102, 103, 105, 107, 109, 111, 112, 113, 117, 119, 120, 121, 122, 123, 125, 126, 129, 130, 132, 133, 135, 136, 137, 138, 139, 140, 141, 142, 145, 147, 148, 149, 150, 151, 152, 153, 154, 156, 159, 160, 163, 167, 169, 170, 171, 172, 173, 174, 175, 176, 179, 180, 181, 184, 187, 188, 189, 190, 192, 193, 194, 196, 197, 198, 200, 201, 202, 203, 204, 205, 206, 207, 208, 209, 210, 211, 212, 213, 217, 218, 219, 221, 222, 223, 225, 226, 228, 229, 230, 232, 233, 234, 235, 237, 238, 240, 243, 244, 245, 246, 247, 248, 249, 250, 251, 252, 253, 255, 256, 257, 259, 260, 261, 262, 263, 264, 265, 266, 267, 268, 269, 270, 273, 274, 276, 277, 280, 281, 284, 288, 289, 290, 291, 293, 294, 296, 297, 299]correct=205, total=300, accuracy=0.6833  | ./output/gridsearch/Qwen2.5-VL-7B-Instruct-mmvp-tokens4-lr0.005-sigma5.0-sigdecay0.95-steps15-topk10-conf
Data Idx with Correct Answer: [0, 2, 5, 6, 7, 8, 9, 10, 11, 12, 15, 17, 18, 19, 21, 23, 24, 25, 26, 27, 28, 29, 30, 33, 35, 36, 37, 38, 39, 40, 43, 44, 47, 49, 50, 51, 52, 55, 57, 58, 60, 61, 63, 64, 65, 66, 67, 68, 69, 73, 74, 76, 80, 83, 85, 86, 87, 88, 89, 90, 92, 93, 96, 97, 98, 101, 102, 103, 105, 106, 107, 109, 112, 113, 114, 115, 116, 117, 119, 120, 121, 122, 123, 124, 125, 126, 130, 132, 134, 135, 136, 137, 138, 139, 140, 141, 142, 143, 144, 147, 148, 150, 151, 152, 153, 154, 163, 164, 165, 167, 169, 170, 171, 172, 174, 175, 179, 180, 181, 183, 184, 187, 188, 189, 190, 192, 193, 194, 196, 197, 198, 200, 201, 202, 203, 204, 205, 206, 207, 208, 209, 210, 211, 212, 213, 215, 217, 218, 219, 221, 222, 223, 225, 226, 228, 230, 232, 233, 234, 235, 237, 238, 240, 242, 243, 244, 245, 246, 248, 249, 251, 252, 253, 255, 256, 257, 259, 260, 261, 262, 263, 264, 267, 268, 269, 270, 273, 274, 276, 277, 280, 281, 282, 284, 285, 286, 288, 289, 290, 292, 294, 295, 296, 297, 299]correct=205, total=300, accuracy=0.6833  | ./output/gridsearch/Qwen2.5-VL-7B-Instruct-mmvp-tokens6-lr0.01-sigma1.0-sigdecay0.9-steps10-topk5-conf
Data Idx with Correct Answer: [0, 2, 5, 6, 7, 8, 9, 10, 11, 12, 15, 17, 18, 19, 21, 22, 23, 24, 25, 26, 27, 28, 29, 30, 35, 36, 37, 38, 39, 40, 43, 44, 47, 49, 50, 51, 52, 54, 55, 57, 58, 60, 61, 63, 64, 65, 66, 67, 68, 69, 73, 74, 76, 78, 79, 80, 83, 85, 86, 87, 88, 89, 90, 92, 93, 95, 96, 97, 98, 101, 102, 103, 105, 107, 108, 109, 111, 112, 113, 116, 117, 120, 121, 122, 123, 125, 126, 129, 130, 131, 133, 135, 136, 137, 138, 139, 140, 141, 143, 144, 147, 148, 151, 152, 153, 154, 159, 160, 163, 164, 167, 169, 171, 172, 174, 175, 176, 179, 180, 181, 184, 187, 188, 189, 190, 192, 193, 194, 196, 197, 198, 200, 202, 203, 204, 205, 206, 207, 208, 209, 210, 211, 212, 213, 216, 217, 219, 220, 221, 222, 223, 225, 226, 228, 229, 230, 232, 233, 234, 235, 236, 237, 238, 240, 243, 244, 245, 246, 248, 249, 251, 252, 253, 255, 256, 257, 260, 261, 262, 263, 264, 265, 267, 268, 269, 270, 273, 274, 276, 277, 280, 281, 282, 284, 285, 286, 288, 289, 290, 291, 293, 294, 296, 297, 299]correct=205, total=300, accuracy=0.6833  | ./output/gridsearch/Qwen2.5-VL-7B-Instruct-mmvp-tokens6-lr0.001-sigma1.0-sigdecay0.95-steps15-topk10-conf
Data Idx with Correct Answer: [0, 2, 5, 6, 7, 8, 9, 10, 11, 12, 15, 17, 18, 19, 21, 22, 23, 24, 25, 26, 27, 28, 29, 30, 33, 35, 36, 37, 38, 39, 40, 43, 44, 47, 49, 50, 51, 52, 55, 58, 60, 61, 63, 64, 65, 66, 67, 68, 70, 73, 74, 76, 80, 83, 85, 86, 87, 88, 89, 90, 92, 93, 96, 97, 98, 101, 102, 103, 105, 106, 107, 109, 111, 112, 113, 114, 115, 116, 117, 119, 120, 121, 122, 123, 124, 125, 126, 130, 133, 134, 136, 137, 138, 139, 140, 141, 143, 147, 148, 150, 151, 152, 153, 157, 158, 162, 163, 164, 167, 169, 170, 171, 172, 174, 175, 176, 179, 180, 181, 183, 184, 187, 188, 189, 190, 192, 193, 194, 196, 197, 198, 200, 202, 203, 204, 205, 206, 207, 208, 209, 210, 211, 212, 213, 215, 217, 218, 219, 221, 222, 223, 225, 226, 228, 230, 232, 233, 235, 237, 238, 243, 244, 245, 246, 247, 248, 249, 251, 252, 253, 255, 256, 257, 259, 260, 261, 262, 263, 264, 265, 267, 268, 269, 270, 273, 274, 276, 277, 280, 281, 282, 284, 285, 286, 287, 288, 289, 290, 291, 292, 294, 295, 296, 297, 299]correct=205, total=300, accuracy=0.6833  | ./output/gridsearch/Qwen2.5-VL-7B-Instruct-mmvp-tokens6-lr0.001-sigma0.1-sigdecay0.95-steps15-topk10-conf
Data Idx with Correct Answer: [0, 2, 5, 6, 7, 8, 9, 10, 11, 12, 15, 17, 18, 19, 21, 22, 23, 24, 25, 26, 27, 28, 29, 30, 33, 35, 36, 37, 38, 39, 40, 43, 44, 47, 49, 50, 51, 52, 55, 57, 58, 60, 61, 63, 64, 65, 66, 67, 68, 70, 73, 74, 76, 80, 83, 85, 86, 87, 88, 89, 90, 92, 93, 95, 96, 97, 98, 101, 102, 103, 105, 106, 107, 109, 111, 112, 113, 114, 115, 116, 117, 118, 120, 121, 122, 123, 124, 125, 126, 128, 130, 132, 133, 134, 136, 137, 138, 139, 140, 141, 144, 147, 148, 151, 152, 153, 154, 158, 159, 160, 161, 163, 164, 167, 169, 170, 171, 172, 174, 175, 176, 180, 181, 183, 184, 187, 188, 189, 190, 192, 193, 194, 196, 197, 198, 200, 201, 202, 203, 204, 205, 206, 207, 208, 209, 210, 211, 212, 213, 215, 217, 218, 219, 221, 222, 223, 225, 226, 228, 230, 232, 233, 234, 235, 237, 243, 244, 245, 246, 248, 249, 251, 252, 255, 256, 257, 259, 260, 261, 262, 263, 264, 265, 267, 268, 269, 270, 273, 274, 276, 277, 280, 281, 282, 284, 286, 288, 289, 290, 291, 294, 295, 296, 297, 299]correct=205, total=300, accuracy=0.6833  | ./output/gridsearch/Qwen2.5-VL-7B-Instruct-mmvp-tokens6-lr0.01-sigma1.0-sigdecay0.95-steps15-topk5-conf
Data Idx with Correct Answer: [0, 2, 5, 6, 7, 8, 9, 10, 11, 12, 15, 17, 18, 19, 21, 22, 23, 24, 25, 26, 27, 28, 29, 30, 33, 35, 36, 37, 38, 39, 40, 43, 44, 47, 49, 50, 51, 52, 55, 57, 58, 60, 61, 63, 64, 65, 66, 67, 68, 70, 73, 74, 76, 79, 80, 83, 84, 85, 86, 87, 88, 89, 90, 92, 93, 96, 97, 98, 101, 102, 103, 105, 107, 108, 109, 111, 112, 113, 116, 117, 118, 119, 120, 121, 122, 123, 125, 126, 130, 132, 133, 134, 135, 136, 137, 138, 139, 141, 143, 144, 145, 147, 148, 151, 152, 153, 154, 157, 162, 163, 164, 165, 167, 169, 170, 171, 172, 174, 175, 179, 180, 181, 183, 184, 187, 188, 189, 190, 192, 193, 194, 196, 197, 198, 200, 201, 202, 204, 205, 206, 207, 209, 210, 211, 212, 213, 214, 217, 218, 219, 220, 221, 222, 223, 225, 226, 228, 230, 232, 233, 235, 237, 240, 243, 244, 245, 246, 248, 249, 251, 252, 253, 255, 256, 257, 259, 260, 261, 262, 263, 264, 265, 267, 268, 269, 270, 273, 274, 276, 277, 280, 281, 284, 285, 286, 288, 289, 290, 291, 292, 294, 295, 296, 297, 299]correct=205, total=300, accuracy=0.6833  | ./output/gridsearch/Qwen2.5-VL-7B-Instruct-mmvp-tokens6-lr0.05-sigma5.0-sigdecay0.95-steps10-topk10-conf
Data Idx with Correct Answer: [0, 2, 5, 6, 7, 8, 9, 10, 11, 12, 15, 16, 17, 18, 21, 23, 24, 25, 26, 27, 28, 29, 30, 32, 35, 36, 37, 38, 39, 40, 43, 45, 47, 49, 50, 51, 52, 55, 57, 58, 60, 61, 63, 64, 65, 66, 67, 68, 70, 72, 73, 74, 76, 80, 83, 86, 87, 88, 89, 90, 91, 92, 93, 96, 97, 98, 101, 102, 103, 105, 107, 109, 111, 112, 113, 116, 118, 119, 120, 121, 122, 123, 125, 126, 129, 130, 133, 135, 136, 137, 138, 139, 140, 141, 142, 145, 147, 148, 149, 150, 151, 152, 153, 154, 158, 160, 163, 164, 167, 169, 170, 171, 172, 173, 174, 175, 176, 179, 180, 181, 183, 184, 187, 188, 189, 190, 193, 194, 196, 197, 198, 200, 201, 202, 203, 204, 205, 206, 207, 208, 209, 210, 211, 212, 213, 214, 215, 217, 218, 221, 222, 223, 225, 226, 228, 230, 232, 233, 234, 235, 237, 238, 240, 243, 244, 245, 246, 248, 249, 250, 251, 252, 253, 255, 256, 257, 259, 260, 261, 262, 263, 264, 265, 267, 268, 269, 270, 272, 273, 274, 276, 277, 280, 281, 283, 284, 286, 288, 289, 291, 293, 294, 296, 297, 299]correct=205, total=300, accuracy=0.6833  | ./output/gridsearch/Qwen2.5-VL-7B-Instruct-mmvp-tokens6-lr0.005-sigma5.0-sigdecay0.95-steps15-topk5-conf
Data Idx with Correct Answer: [0, 2, 5, 6, 7, 8, 9, 10, 11, 12, 15, 16, 17, 18, 21, 22, 23, 24, 25, 26, 27, 28, 29, 30, 35, 36, 37, 38, 39, 40, 43, 44, 49, 50, 51, 52, 54, 55, 56, 58, 60, 61, 63, 64, 65, 66, 67, 68, 70, 72, 73, 74, 76, 79, 80, 83, 85, 87, 88, 89, 90, 92, 93, 94, 96, 97, 98, 101, 102, 103, 105, 107, 109, 111, 112, 113, 117, 119, 120, 121, 122, 123, 124, 125, 126, 129, 130, 135, 136, 137, 138, 139, 141, 143, 144, 147, 149, 151, 152, 153, 154, 157, 158, 159, 163, 165, 167, 169, 170, 171, 173, 174, 175, 176, 179, 180, 181, 183, 184, 187, 188, 189, 190, 191, 192, 193, 194, 196, 197, 198, 200, 201, 202, 203, 204, 205, 206, 207, 208, 209, 210, 211, 212, 213, 217, 219, 221, 222, 223, 225, 226, 228, 230, 232, 233, 234, 236, 237, 238, 240, 242, 243, 244, 245, 246, 247, 248, 249, 250, 251, 252, 253, 255, 256, 257, 260, 261, 262, 263, 264, 265, 266, 267, 268, 269, 270, 273, 274, 276, 277, 280, 281, 282, 284, 285, 286, 288, 289, 290, 291, 292, 294, 296, 297, 299]correct=205, total=300, accuracy=0.6833  | ./output/gridsearch/Qwen2.5-VL-7B-Instruct-mmvp-tokens2-lr0.001-sigma0.1-sigdecay0.95-steps10-topk10-conf
Data Idx with Correct Answer: [0, 2, 5, 6, 7, 8, 9, 10, 11, 12, 15, 16, 17, 18, 19, 21, 23, 24, 25, 26, 27, 28, 29, 30, 35, 36, 37, 38, 39, 40, 43, 44, 47, 49, 50, 51, 52, 55, 57, 58, 60, 61, 63, 64, 65, 66, 67, 68, 70, 73, 74, 76, 78, 80, 83, 85, 86, 87, 88, 89, 90, 92, 93, 95, 96, 97, 98, 101, 102, 103, 105, 107, 109, 112, 113, 114, 115, 116, 118, 120, 121, 122, 123, 124, 125, 126, 130, 133, 135, 136, 137, 138, 139, 141, 142, 143, 145, 147, 148, 150, 151, 152, 153, 154, 159, 161, 163, 164, 167, 169, 170, 171, 172, 174, 175, 179, 180, 181, 183, 184, 187, 188, 189, 190, 191, 192, 193, 194, 196, 197, 198, 200, 201, 202, 203, 204, 205, 206, 207, 208, 209, 210, 211, 212, 213, 214, 217, 218, 219, 221, 222, 223, 225, 226, 228, 230, 232, 233, 234, 235, 237, 238, 240, 243, 244, 245, 246, 247, 248, 249, 251, 252, 253, 255, 256, 257, 259, 260, 261, 262, 263, 264, 265, 267, 268, 269, 270, 273, 274, 276, 277, 280, 281, 284, 286, 288, 289, 290, 291, 292, 294, 295, 296, 297, 299]correct=205, total=300, accuracy=0.6833  | ./output/gridsearch/Qwen2.5-VL-7B-Instruct-mmvp-tokens6-lr0.005-sigma1.0-sigdecay0.9-steps10-topk10-conf
Data Idx with Correct Answer: [0, 2, 5, 6, 7, 8, 9, 10, 11, 12, 15, 16, 17, 18, 19, 21, 23, 24, 25, 26, 27, 28, 29, 30, 35, 36, 37, 38, 39, 40, 43, 44, 45, 49, 51, 52, 54, 55, 57, 58, 60, 61, 63, 64, 65, 66, 67, 68, 72, 73, 74, 76, 78, 79, 80, 83, 85, 86, 87, 88, 89, 90, 92, 93, 96, 97, 98, 101, 102, 103, 105, 107, 109, 111, 112, 113, 116, 117, 119, 120, 121, 122, 123, 124, 125, 126, 130, 132, 134, 135, 136, 137, 138, 140, 141, 143, 147, 148, 149, 151, 152, 153, 154, 156, 157, 158, 159, 161, 163, 165, 167, 169, 170, 171, 172, 174, 175, 176, 179, 180, 181, 183, 184, 187, 189, 190, 191, 192, 193, 194, 196, 197, 198, 201, 202, 203, 204, 205, 206, 207, 209, 210, 211, 212, 213, 215, 217, 218, 220, 221, 222, 223, 225, 226, 228, 230, 232, 233, 235, 236, 237, 238, 240, 241, 243, 244, 245, 246, 248, 249, 251, 252, 253, 255, 256, 257, 259, 260, 261, 262, 263, 264, 267, 268, 269, 270, 273, 274, 276, 277, 280, 281, 282, 283, 284, 285, 288, 289, 290, 292, 294, 295, 296, 297, 299]correct=205, total=300, accuracy=0.6833  | ./output/gridsearch/Qwen2.5-VL-7B-Instruct-mmvp-tokens2-lr0.05-sigma0.1-sigdecay0.9-steps10-topk10-conf
Data Idx with Correct Answer: [0, 2, 5, 6, 7, 8, 9, 10, 11, 12, 15, 16, 17, 18, 19, 21, 23, 24, 25, 26, 27, 28, 29, 30, 33, 35, 36, 37, 38, 39, 40, 43, 44, 45, 49, 50, 51, 52, 55, 57, 58, 60, 61, 63, 64, 65, 66, 67, 68, 70, 73, 74, 76, 79, 80, 83, 85, 86, 87, 88, 89, 90, 92, 93, 96, 97, 98, 101, 102, 103, 105, 106, 107, 109, 111, 112, 113, 118, 119, 120, 121, 122, 123, 124, 125, 126, 130, 134, 135, 136, 137, 138, 139, 140, 141, 143, 145, 147, 148, 151, 152, 153, 154, 157, 161, 162, 163, 164, 167, 169, 170, 171, 172, 174, 175, 176, 179, 180, 181, 183, 184, 187, 188, 189, 190, 192, 193, 194, 196, 197, 198, 200, 201, 202, 203, 204, 205, 206, 207, 208, 209, 210, 211, 212, 213, 215, 216, 217, 218, 220, 221, 222, 223, 225, 226, 228, 229, 230, 232, 233, 235, 237, 238, 240, 243, 244, 245, 246, 248, 249, 251, 252, 253, 255, 256, 257, 259, 260, 261, 262, 263, 264, 265, 266, 267, 268, 269, 270, 273, 274, 276, 277, 280, 281, 282, 284, 285, 288, 289, 290, 291, 294, 296, 297, 299]correct=205, total=300, accuracy=0.6833  | ./output/gridsearch/Qwen2.5-VL-7B-Instruct-mmvp-tokens6-lr0.05-sigma1.0-sigdecay0.9-steps15-topk5-conf
Data Idx with Correct Answer: [0, 2, 5, 6, 7, 8, 9, 10, 11, 12, 15, 16, 17, 18, 19, 21, 23, 24, 25, 26, 27, 28, 29, 30, 33, 35, 36, 37, 38, 39, 40, 43, 44, 45, 49, 50, 51, 52, 53, 55, 57, 58, 60, 61, 63, 64, 65, 66, 67, 68, 70, 72, 73, 74, 76, 80, 83, 85, 86, 87, 88, 89, 90, 92, 93, 96, 97, 98, 101, 102, 103, 105, 106, 107, 108, 109, 111, 112, 113, 115, 116, 118, 119, 120, 121, 122, 123, 124, 125, 126, 128, 130, 133, 135, 136, 137, 138, 139, 140, 141, 147, 148, 151, 152, 153, 154, 157, 163, 164, 167, 169, 170, 171, 172, 174, 175, 176, 179, 180, 181, 183, 184, 187, 188, 189, 190, 192, 193, 194, 196, 197, 198, 200, 201, 202, 203, 204, 205, 206, 207, 208, 209, 210, 211, 212, 213, 215, 216, 217, 219, 220, 221, 222, 223, 225, 226, 228, 230, 232, 233, 235, 237, 238, 240, 243, 244, 245, 246, 248, 249, 251, 252, 253, 255, 256, 257, 259, 260, 261, 262, 263, 264, 265, 267, 268, 269, 270, 273, 274, 276, 277, 280, 281, 282, 284, 285, 286, 288, 289, 290, 291, 294, 296, 297, 299]correct=205, total=300, accuracy=0.6833  | ./output/gridsearch/Qwen2.5-VL-7B-Instruct-mmvp-tokens6-lr0.05-sigma1.0-sigdecay0.9-steps10-topk10-conf
Data Idx with Correct Answer: [0, 2, 5, 6, 7, 8, 9, 10, 11, 12, 15, 16, 17, 18, 19, 21, 22, 23, 24, 25, 26, 27, 28, 29, 30, 33, 35, 36, 37, 38, 39, 40, 43, 44, 45, 47, 49, 50, 51, 52, 55, 58, 60, 61, 63, 64, 65, 66, 67, 68, 70, 73, 74, 76, 80, 83, 85, 86, 87, 88, 89, 90, 91, 92, 93, 94, 96, 97, 98, 101, 102, 103, 105, 106, 107, 108, 109, 111, 112, 113, 117, 119, 120, 121, 122, 123, 124, 125, 126, 128, 130, 133, 135, 136, 137, 138, 139, 140, 141, 142, 143, 144, 147, 148, 149, 151, 152, 153, 154, 157, 158, 159, 163, 164, 165, 167, 169, 171, 172, 174, 175, 176, 180, 181, 183, 184, 187, 188, 189, 190, 194, 196, 197, 198, 202, 203, 204, 205, 206, 207, 208, 209, 210, 211, 212, 213, 215, 216, 217, 218, 219, 220, 221, 222, 223, 225, 226, 229, 230, 232, 233, 235, 237, 238, 240, 242, 243, 244, 245, 246, 247, 248, 249, 251, 252, 253, 255, 256, 257, 259, 260, 261, 262, 263, 264, 265, 267, 268, 269, 270, 273, 280, 281, 282, 284, 285, 286, 288, 289, 291, 292, 294, 296, 297, 299]correct=205, total=300, accuracy=0.6833  | ./output/gridsearch/Qwen2.5-VL-7B-Instruct-mmvp-tokens4-lr0.005-sigma0.1-sigdecay0.9-steps15-topk10-conf
Data Idx with Correct Answer: [0, 3, 5, 6, 7, 8, 9, 10, 11, 12, 15, 17, 18, 21, 23, 24, 25, 26, 27, 28, 29, 30, 35, 36, 37, 38, 39, 40, 43, 44, 45, 46, 49, 51, 52, 55, 58, 60, 61, 63, 64, 65, 66, 67, 68, 69, 70, 72, 73, 74, 76, 78, 79, 80, 87, 88, 89, 90, 91, 92, 93, 95, 96, 97, 98, 101, 102, 103, 105, 107, 108, 109, 111, 112, 113, 115, 116, 118, 119, 120, 121, 122, 123, 125, 126, 129, 130, 132, 133, 134, 135, 136, 137, 138, 139, 140, 141, 145, 147, 148, 151, 152, 153, 154, 156, 158, 159, 163, 167, 169, 170, 171, 172, 174, 175, 179, 180, 181, 184, 187, 188, 189, 190, 192, 193, 194, 196, 197, 198, 200, 201, 202, 203, 204, 205, 206, 207, 208, 209, 210, 211, 212, 213, 214, 216, 217, 218, 221, 222, 223, 225, 226, 228, 229, 230, 232, 233, 234, 235, 237, 238, 240, 244, 245, 246, 247, 248, 249, 251, 252, 253, 255, 256, 257, 259, 260, 261, 262, 263, 264, 265, 266, 267, 268, 269, 270, 273, 274, 276, 277, 280, 281, 282, 284, 286, 288, 289, 290, 291, 292, 294, 296, 297, 299]correct=204, total=300, accuracy=0.6800  | ./output/gridsearch/Qwen2.5-VL-7B-Instruct-mmvp-tokens4-lr0.001-sigma1.0-sigdecay0.95-steps10-topk10-conf
Data Idx with Correct Answer: [0, 2, 5, 6, 7, 8, 9, 10, 11, 12, 15, 17, 18, 21, 23, 24, 25, 26, 27, 28, 29, 30, 35, 36, 37, 38, 39, 40, 43, 44, 45, 49, 50, 51, 52, 55, 57, 58, 60, 61, 63, 64, 65, 66, 67, 68, 69, 70, 73, 74, 76, 78, 79, 80, 83, 85, 86, 87, 88, 89, 90, 92, 93, 95, 96, 98, 101, 102, 103, 105, 107, 109, 112, 113, 116, 117, 119, 120, 121, 122, 123, 125, 126, 129, 130, 132, 133, 134, 135, 136, 137, 138, 139, 140, 141, 142, 143, 147, 148, 150, 151, 152, 153, 154, 157, 159, 163, 164, 169, 170, 171, 172, 173, 174, 175, 176, 180, 181, 183, 184, 187, 188, 189, 190, 192, 193, 194, 196, 197, 198, 201, 202, 204, 205, 206, 207, 209, 210, 211, 212, 213, 216, 217, 218, 219, 221, 222, 223, 225, 226, 228, 230, 232, 233, 234, 235, 236, 237, 238, 240, 243, 244, 245, 246, 247, 248, 249, 250, 251, 252, 253, 255, 256, 257, 259, 260, 261, 262, 263, 264, 265, 266, 267, 268, 269, 270, 273, 274, 276, 277, 280, 281, 282, 283, 284, 286, 288, 289, 290, 291, 294, 296, 297, 299]correct=204, total=300, accuracy=0.6800  | ./output/gridsearch/Qwen2.5-VL-7B-Instruct-mmvp-tokens6-lr0.01-sigma5.0-sigdecay0.9-steps10-topk5-conf
Data Idx with Correct Answer: [0, 2, 5, 6, 7, 8, 9, 10, 11, 12, 15, 17, 18, 19, 21, 23, 24, 25, 26, 27, 28, 29, 30, 33, 35, 36, 37, 38, 39, 40, 43, 44, 47, 49, 50, 51, 52, 55, 56, 57, 58, 60, 61, 63, 64, 65, 66, 67, 68, 70, 73, 74, 76, 80, 83, 85, 86, 87, 88, 89, 90, 92, 93, 94, 96, 97, 98, 101, 102, 103, 105, 106, 107, 109, 111, 112, 113, 114, 116, 117, 119, 120, 121, 122, 123, 124, 125, 126, 130, 132, 133, 134, 135, 136, 137, 138, 139, 140, 141, 143, 147, 149, 151, 152, 153, 154, 157, 158, 163, 167, 169, 170, 171, 172, 174, 175, 176, 180, 181, 183, 184, 187, 188, 189, 190, 192, 193, 194, 196, 197, 198, 200, 201, 202, 203, 204, 205, 206, 207, 208, 209, 210, 211, 212, 213, 216, 217, 219, 220, 221, 222, 223, 225, 226, 228, 229, 230, 232, 233, 235, 237, 238, 240, 243, 244, 245, 246, 247, 248, 249, 251, 252, 253, 255, 256, 257, 259, 260, 261, 262, 263, 264, 265, 267, 268, 269, 270, 273, 274, 276, 277, 280, 281, 284, 285, 288, 289, 291, 292, 294, 295, 296, 297, 299]correct=204, total=300, accuracy=0.6800  | ./output/gridsearch/Qwen2.5-VL-7B-Instruct-mmvp-tokens4-lr0.05-sigma5.0-sigdecay0.95-steps15-topk10-conf
Data Idx with Correct Answer: [0, 2, 5, 6, 7, 8, 9, 10, 11, 12, 15, 17, 18, 19, 21, 22, 23, 24, 25, 26, 27, 28, 29, 30, 35, 36, 37, 38, 39, 40, 43, 44, 47, 49, 50, 51, 52, 55, 57, 58, 60, 61, 63, 64, 65, 66, 67, 68, 70, 72, 73, 74, 76, 78, 79, 80, 83, 85, 86, 87, 88, 89, 90, 92, 93, 96, 97, 98, 101, 102, 103, 105, 107, 109, 111, 112, 113, 114, 116, 117, 118, 119, 120, 121, 122, 123, 125, 126, 130, 132, 133, 134, 135, 136, 137, 138, 139, 140, 141, 147, 148, 151, 152, 153, 154, 157, 159, 162, 163, 164, 165, 167, 169, 171, 172, 174, 175, 176, 179, 180, 181, 183, 184, 187, 188, 189, 190, 192, 193, 194, 196, 197, 198, 200, 201, 202, 203, 204, 205, 206, 207, 209, 210, 211, 212, 213, 217, 218, 219, 221, 222, 223, 225, 226, 228, 230, 232, 233, 234, 235, 237, 238, 243, 244, 245, 246, 248, 249, 251, 252, 253, 255, 256, 257, 259, 260, 261, 262, 263, 264, 265, 267, 268, 269, 270, 273, 274, 276, 277, 280, 281, 282, 283, 284, 285, 286, 288, 289, 291, 294, 295, 296, 297, 299]correct=204, total=300, accuracy=0.6800  | ./output/gridsearch/Qwen2.5-VL-7B-Instruct-mmvp-tokens6-lr0.05-sigma5.0-sigdecay0.9-steps15-topk5-conf
Data Idx with Correct Answer: [0, 2, 5, 6, 7, 8, 9, 10, 11, 12, 15, 16, 17, 18, 19, 21, 23, 24, 25, 26, 27, 28, 29, 30, 35, 36, 38, 39, 40, 43, 44, 45, 49, 50, 51, 52, 54, 55, 57, 58, 60, 61, 63, 64, 65, 66, 67, 68, 72, 73, 74, 76, 78, 79, 80, 83, 85, 86, 87, 88, 89, 90, 92, 93, 94, 96, 97, 98, 101, 102, 103, 105, 107, 109, 111, 112, 113, 117, 119, 120, 121, 122, 123, 124, 125, 126, 130, 133, 135, 136, 137, 138, 141, 143, 144, 147, 148, 149, 151, 152, 153, 154, 156, 157, 158, 159, 161, 163, 165, 167, 169, 170, 171, 172, 174, 175, 176, 179, 180, 181, 183, 184, 187, 189, 190, 191, 193, 194, 196, 197, 198, 201, 202, 203, 204, 205, 206, 207, 209, 210, 211, 212, 213, 215, 217, 218, 220, 221, 222, 223, 225, 226, 228, 230, 232, 233, 235, 236, 237, 238, 240, 241, 243, 244, 245, 246, 248, 249, 251, 252, 253, 255, 256, 257, 259, 260, 261, 262, 263, 264, 267, 268, 269, 270, 273, 274, 276, 277, 280, 281, 282, 283, 284, 285, 287, 288, 289, 290, 292, 294, 295, 296, 297, 299]correct=204, total=300, accuracy=0.6800  | ./output/gridsearch/Qwen2.5-VL-7B-Instruct-mmvp-tokens2-lr0.05-sigma0.1-sigdecay0.95-steps10-topk10-conf
Data Idx with Correct Answer: [0, 2, 5, 6, 7, 8, 9, 10, 11, 12, 15, 16, 17, 18, 19, 21, 23, 24, 25, 26, 27, 28, 29, 30, 35, 36, 37, 38, 39, 40, 43, 44, 45, 49, 50, 51, 52, 55, 57, 58, 60, 61, 63, 64, 65, 66, 67, 68, 70, 72, 73, 74, 76, 79, 80, 83, 87, 88, 89, 90, 91, 92, 93, 96, 97, 98, 101, 102, 103, 105, 107, 109, 111, 112, 113, 116, 117, 118, 119, 120, 121, 122, 123, 125, 126, 129, 130, 131, 132, 134, 135, 136, 137, 138, 140, 141, 143, 147, 148, 149, 151, 152, 153, 154, 156, 158, 159, 162, 163, 164, 167, 169, 170, 171, 174, 175, 176, 179, 180, 181, 183, 184, 187, 188, 189, 190, 192, 193, 194, 196, 197, 198, 201, 202, 203, 204, 205, 206, 207, 208, 209, 210, 211, 212, 213, 216, 217, 218, 219, 220, 221, 222, 223, 225, 226, 228, 229, 230, 232, 233, 234, 235, 236, 237, 238, 240, 243, 244, 245, 246, 248, 249, 251, 252, 253, 255, 257, 259, 260, 261, 262, 263, 264, 267, 268, 269, 270, 273, 274, 276, 277, 280, 281, 282, 284, 286, 289, 290, 291, 292, 294, 296, 297, 299]correct=204, total=300, accuracy=0.6800  | ./output/gridsearch/Qwen2.5-VL-7B-Instruct-mmvp-tokens4-lr0.01-sigma5.0-sigdecay0.9-steps10-topk5-conf
Data Idx with Correct Answer: [0, 2, 5, 6, 7, 8, 9, 10, 11, 12, 15, 16, 17, 18, 19, 21, 23, 24, 25, 26, 27, 28, 29, 30, 33, 35, 36, 37, 38, 39, 40, 43, 44, 45, 49, 50, 51, 52, 55, 57, 58, 60, 61, 63, 64, 65, 66, 67, 68, 70, 73, 74, 76, 79, 80, 83, 85, 86, 87, 89, 90, 92, 93, 96, 97, 98, 101, 102, 103, 105, 107, 109, 111, 112, 113, 115, 116, 118, 119, 120, 121, 122, 123, 124, 125, 126, 130, 132, 133, 134, 136, 137, 138, 139, 140, 141, 142, 143, 147, 148, 151, 152, 153, 154, 157, 158, 162, 163, 164, 167, 169, 171, 172, 174, 175, 176, 179, 180, 181, 183, 184, 187, 188, 189, 190, 192, 193, 194, 196, 197, 198, 200, 201, 202, 203, 204, 205, 206, 207, 208, 209, 210, 211, 212, 213, 214, 215, 216, 217, 218, 219, 221, 222, 223, 225, 226, 228, 230, 232, 233, 235, 237, 238, 240, 243, 244, 245, 246, 248, 249, 251, 252, 253, 255, 256, 257, 259, 260, 261, 262, 263, 264, 265, 267, 268, 269, 270, 273, 274, 276, 277, 280, 281, 282, 284, 285, 286, 288, 289, 291, 294, 296, 297, 299]correct=204, total=300, accuracy=0.6800  | ./output/gridsearch/Qwen2.5-VL-7B-Instruct-mmvp-tokens6-lr0.05-sigma1.0-sigdecay0.9-steps15-topk10-conf
Data Idx with Correct Answer: [0, 2, 5, 6, 7, 8, 9, 10, 11, 12, 15, 16, 17, 18, 19, 20, 21, 23, 24, 25, 26, 27, 28, 29, 30, 33, 35, 36, 37, 38, 39, 40, 43, 44, 47, 49, 51, 52, 54, 55, 57, 58, 60, 61, 63, 64, 65, 66, 67, 68, 70, 73, 74, 76, 79, 80, 83, 85, 86, 87, 88, 89, 90, 91, 92, 93, 94, 95, 96, 97, 101, 102, 103, 105, 107, 109, 111, 112, 113, 114, 119, 120, 121, 122, 123, 125, 126, 128, 130, 132, 134, 135, 136, 137, 138, 139, 141, 144, 147, 148, 149, 150, 151, 152, 153, 154, 157, 160, 162, 163, 164, 167, 169, 170, 171, 172, 174, 175, 176, 179, 180, 181, 183, 184, 187, 188, 189, 190, 191, 192, 193, 196, 197, 198, 201, 202, 203, 204, 205, 206, 207, 209, 210, 211, 212, 213, 215, 217, 218, 219, 220, 221, 222, 223, 225, 226, 228, 230, 232, 233, 235, 236, 237, 241, 242, 243, 244, 245, 246, 248, 251, 252, 253, 255, 256, 257, 259, 260, 261, 262, 263, 264, 265, 267, 268, 269, 270, 273, 274, 276, 277, 280, 281, 282, 284, 285, 288, 289, 291, 293, 294, 296, 297, 299]correct=204, total=300, accuracy=0.6800  | ./output/gridsearch/Qwen2.5-VL-7B-Instruct-mmvp-tokens6-lr0.05-sigma0.1-sigdecay0.9-steps10-topk5-conf
Data Idx with Correct Answer: [0, 2, 3, 5, 6, 7, 8, 9, 10, 11, 12, 15, 17, 18, 19, 21, 23, 24, 25, 26, 27, 28, 29, 30, 33, 35, 36, 37, 38, 39, 40, 43, 49, 50, 51, 52, 54, 55, 56, 57, 58, 60, 61, 63, 64, 65, 66, 67, 68, 70, 73, 74, 76, 78, 79, 80, 83, 85, 86, 87, 88, 89, 90, 91, 92, 93, 94, 95, 97, 98, 102, 103, 105, 107, 109, 111, 112, 113, 114, 116, 120, 121, 122, 123, 125, 126, 128, 129, 130, 132, 134, 135, 136, 137, 138, 139, 141, 145, 147, 148, 151, 152, 153, 154, 157, 159, 161, 162, 163, 164, 165, 167, 169, 170, 171, 172, 174, 175, 176, 179, 180, 181, 184, 187, 188, 189, 190, 192, 193, 196, 197, 198, 201, 202, 204, 205, 206, 207, 209, 210, 211, 212, 213, 214, 215, 217, 218, 219, 220, 221, 222, 223, 225, 226, 228, 230, 232, 233, 235, 236, 237, 238, 240, 241, 243, 244, 245, 246, 247, 249, 250, 251, 252, 253, 255, 257, 259, 260, 261, 262, 263, 264, 265, 266, 267, 268, 269, 270, 273, 274, 276, 277, 280, 281, 282, 285, 288, 289, 290, 292, 294, 296, 297, 299]correct=204, total=300, accuracy=0.6800  | ./output/gridsearch/Qwen2.5-VL-7B-Instruct-mmvp-tokens6-lr0.05-sigma0.1-sigdecay0.9-steps10-topk10-conf
Data Idx with Correct Answer: [0, 3, 6, 7, 8, 9, 10, 11, 12, 15, 16, 17, 18, 21, 23, 24, 25, 26, 27, 28, 29, 30, 35, 36, 37, 38, 39, 40, 43, 44, 46, 47, 49, 51, 52, 54, 55, 57, 58, 60, 61, 63, 64, 65, 66, 67, 68, 70, 72, 73, 74, 76, 78, 79, 80, 87, 88, 89, 90, 92, 93, 95, 96, 97, 98, 101, 102, 103, 104, 105, 106, 107, 108, 109, 111, 112, 113, 116, 120, 121, 122, 123, 125, 126, 129, 130, 132, 134, 135, 136, 137, 138, 139, 140, 141, 143, 144, 145, 147, 149, 151, 153, 154, 158, 159, 163, 164, 165, 167, 169, 170, 171, 172, 173, 174, 175, 179, 180, 181, 183, 184, 187, 188, 189, 190, 191, 192, 193, 194, 196, 197, 198, 200, 201, 202, 203, 204, 205, 206, 207, 209, 210, 211, 212, 213, 214, 217, 218, 221, 222, 223, 225, 226, 229, 230, 232, 233, 234, 235, 236, 237, 238, 240, 243, 244, 245, 246, 248, 250, 252, 253, 254, 255, 256, 257, 260, 261, 262, 263, 264, 265, 266, 268, 269, 270, 272, 273, 274, 276, 277, 280, 281, 282, 284, 288, 289, 290, 293, 294, 295, 296, 297, 299]correct=203, total=300, accuracy=0.6767  | ./output/gridsearch/Qwen2.5-VL-7B-Instruct-mmvp-tokens4-lr0.001-sigma5.0-sigdecay0.95-steps10-topk5-conf
Data Idx with Correct Answer: [0, 3, 5, 6, 7, 8, 9, 10, 11, 12, 15, 16, 17, 18, 21, 23, 24, 25, 26, 27, 28, 29, 30, 33, 35, 36, 37, 38, 39, 40, 43, 45, 46, 49, 50, 51, 52, 54, 55, 57, 58, 60, 61, 63, 64, 65, 66, 67, 68, 70, 72, 73, 74, 76, 78, 79, 80, 87, 88, 89, 90, 92, 93, 95, 96, 97, 98, 101, 102, 103, 105, 107, 109, 111, 112, 113, 116, 120, 121, 122, 123, 125, 126, 129, 130, 131, 132, 133, 134, 136, 137, 138, 139, 140, 141, 143, 147, 148, 149, 151, 153, 156, 158, 159, 160, 163, 164, 167, 169, 170, 171, 172, 173, 174, 175, 176, 180, 181, 183, 184, 187, 188, 189, 190, 192, 193, 194, 196, 197, 198, 200, 201, 202, 204, 205, 206, 207, 208, 209, 210, 211, 212, 213, 214, 217, 219, 221, 222, 223, 225, 226, 228, 229, 230, 232, 233, 234, 235, 236, 237, 238, 242, 244, 245, 246, 248, 249, 251, 252, 253, 254, 255, 256, 257, 260, 261, 262, 263, 264, 265, 266, 267, 268, 269, 270, 272, 273, 274, 276, 280, 281, 282, 284, 287, 288, 289, 290, 291, 293, 294, 296, 297, 299]correct=203, total=300, accuracy=0.6767  | ./output/gridsearch/Qwen2.5-VL-7B-Instruct-mmvp-tokens2-lr0.001-sigma5.0-sigdecay0.95-steps15-topk10-conf
Data Idx with Correct Answer: [0, 3, 5, 6, 7, 8, 9, 10, 11, 12, 15, 16, 17, 18, 21, 23, 24, 25, 26, 27, 28, 29, 30, 33, 35, 36, 37, 38, 39, 40, 43, 44, 45, 49, 51, 52, 54, 55, 57, 58, 60, 61, 63, 64, 65, 66, 67, 68, 72, 73, 74, 76, 78, 79, 80, 87, 88, 89, 90, 92, 93, 95, 96, 97, 98, 101, 102, 103, 104, 105, 106, 107, 108, 109, 111, 112, 113, 116, 120, 121, 122, 123, 125, 126, 129, 130, 132, 134, 136, 137, 138, 139, 140, 141, 143, 144, 145, 147, 149, 151, 153, 154, 156, 158, 159, 160, 163, 164, 167, 169, 170, 171, 172, 173, 174, 175, 179, 180, 181, 183, 184, 187, 188, 189, 190, 191, 192, 193, 196, 197, 198, 200, 202, 203, 204, 205, 206, 207, 208, 209, 210, 211, 212, 213, 214, 217, 218, 221, 222, 223, 225, 226, 229, 230, 232, 233, 234, 235, 236, 237, 238, 240, 243, 244, 245, 246, 248, 250, 252, 253, 254, 255, 256, 257, 260, 261, 262, 263, 264, 265, 266, 268, 269, 270, 273, 274, 276, 277, 280, 281, 282, 283, 284, 285, 288, 289, 290, 291, 293, 294, 296, 297, 299]correct=203, total=300, accuracy=0.6767  | ./output/gridsearch/Qwen2.5-VL-7B-Instruct-mmvp-tokens4-lr0.001-sigma5.0-sigdecay0.9-steps15-topk5-conf
Data Idx with Correct Answer: [0, 2, 5, 6, 7, 8, 9, 10, 11, 12, 15, 17, 18, 19, 21, 23, 24, 25, 26, 27, 28, 29, 30, 33, 35, 36, 37, 38, 39, 40, 43, 44, 49, 50, 51, 52, 55, 58, 60, 61, 63, 64, 65, 66, 67, 68, 70, 72, 73, 74, 75, 79, 80, 83, 85, 87, 88, 89, 90, 92, 93, 94, 96, 97, 98, 101, 102, 103, 105, 107, 109, 111, 112, 113, 115, 117, 118, 119, 120, 121, 122, 123, 124, 125, 126, 130, 133, 135, 136, 137, 138, 139, 140, 141, 143, 147, 148, 150, 151, 152, 153, 154, 157, 158, 161, 163, 164, 167, 169, 170, 171, 172, 174, 175, 176, 179, 180, 181, 183, 184, 187, 188, 189, 190, 192, 193, 196, 197, 198, 200, 201, 202, 203, 204, 205, 206, 207, 208, 209, 210, 211, 212, 213, 215, 216, 217, 219, 221, 222, 223, 225, 226, 228, 229, 230, 232, 233, 235, 237, 240, 242, 243, 244, 245, 246, 248, 249, 251, 252, 253, 255, 256, 257, 259, 260, 261, 262, 263, 264, 265, 267, 268, 269, 270, 273, 274, 276, 277, 280, 281, 282, 284, 285, 286, 288, 289, 290, 291, 292, 294, 296, 297, 299]correct=203, total=300, accuracy=0.6767  | ./output/gridsearch/Qwen2.5-VL-7B-Instruct-mmvp-tokens4-lr0.05-sigma5.0-sigdecay0.95-steps10-topk10-conf
Data Idx with Correct Answer: [0, 2, 5, 6, 7, 8, 9, 10, 11, 12, 15, 17, 18, 19, 21, 22, 23, 24, 25, 26, 27, 28, 29, 30, 33, 35, 36, 37, 38, 39, 40, 43, 44, 47, 49, 50, 51, 52, 55, 57, 58, 60, 61, 63, 64, 65, 66, 67, 68, 73, 74, 76, 78, 80, 83, 85, 86, 87, 88, 89, 90, 92, 93, 96, 97, 98, 101, 102, 103, 105, 107, 108, 109, 111, 112, 113, 116, 117, 118, 120, 121, 122, 123, 125, 126, 130, 132, 134, 136, 137, 138, 139, 141, 143, 145, 147, 148, 149, 151, 152, 153, 154, 157, 158, 159, 161, 163, 164, 167, 169, 170, 171, 172, 174, 175, 176, 180, 181, 183, 184, 187, 188, 189, 190, 192, 193, 196, 197, 198, 201, 202, 203, 204, 205, 206, 207, 208, 209, 210, 211, 212, 213, 215, 217, 218, 219, 221, 222, 223, 225, 226, 228, 230, 232, 233, 234, 235, 237, 238, 240, 243, 244, 245, 246, 248, 249, 251, 252, 253, 255, 256, 257, 259, 260, 261, 262, 263, 264, 265, 266, 267, 268, 269, 270, 273, 274, 276, 277, 280, 281, 282, 283, 284, 285, 286, 288, 289, 291, 294, 295, 296, 297, 299]correct=203, total=300, accuracy=0.6767  | ./output/gridsearch/Qwen2.5-VL-7B-Instruct-mmvp-tokens6-lr0.01-sigma0.1-sigdecay0.95-steps15-topk10-conf
Data Idx with Correct Answer: [0, 2, 5, 6, 7, 8, 9, 10, 11, 12, 15, 16, 17, 18, 19, 21, 23, 24, 25, 26, 27, 28, 29, 30, 33, 35, 36, 37, 38, 39, 40, 43, 44, 47, 49, 50, 51, 52, 55, 57, 58, 60, 61, 63, 64, 65, 66, 67, 68, 73, 74, 76, 79, 80, 83, 85, 86, 87, 88, 89, 90, 92, 93, 96, 97, 98, 101, 102, 103, 105, 106, 107, 109, 112, 113, 116, 118, 120, 121, 122, 123, 125, 126, 130, 136, 137, 138, 139, 141, 142, 143, 145, 147, 148, 151, 152, 153, 154, 157, 158, 159, 161, 162, 163, 164, 167, 169, 170, 171, 172, 174, 175, 176, 179, 180, 181, 183, 184, 187, 188, 189, 190, 192, 193, 194, 196, 197, 198, 200, 201, 202, 203, 204, 205, 206, 207, 208, 209, 210, 211, 212, 213, 214, 215, 217, 218, 219, 221, 222, 223, 225, 226, 228, 230, 232, 233, 234, 235, 237, 238, 241, 243, 244, 245, 246, 248, 249, 251, 252, 253, 255, 256, 257, 259, 260, 261, 262, 263, 264, 265, 267, 268, 269, 270, 273, 274, 276, 277, 280, 281, 282, 284, 285, 286, 288, 289, 290, 291, 294, 295, 296, 297, 299]correct=203, total=300, accuracy=0.6767  | ./output/gridsearch/Qwen2.5-VL-7B-Instruct-mmvp-tokens6-lr0.01-sigma0.1-sigdecay0.9-steps15-topk10-conf
Data Idx with Correct Answer: [0, 2, 5, 6, 7, 8, 9, 10, 11, 12, 15, 16, 17, 18, 19, 21, 23, 24, 25, 26, 27, 28, 29, 30, 33, 35, 36, 37, 38, 39, 40, 43, 44, 47, 49, 50, 51, 52, 55, 57, 58, 60, 61, 63, 64, 65, 66, 67, 68, 70, 73, 74, 76, 80, 83, 85, 86, 87, 88, 89, 90, 91, 92, 93, 96, 97, 98, 101, 102, 103, 105, 106, 107, 109, 111, 112, 113, 116, 118, 120, 121, 122, 123, 124, 125, 126, 130, 133, 135, 136, 137, 138, 139, 141, 143, 147, 148, 151, 152, 153, 154, 157, 161, 162, 163, 164, 167, 169, 170, 171, 172, 174, 175, 176, 179, 180, 181, 183, 184, 187, 188, 189, 190, 192, 193, 194, 196, 197, 198, 200, 201, 202, 203, 204, 205, 206, 207, 208, 209, 210, 211, 212, 213, 215, 216, 217, 219, 221, 222, 223, 225, 226, 228, 230, 232, 233, 235, 237, 238, 240, 242, 243, 244, 245, 246, 248, 249, 251, 252, 253, 255, 256, 257, 259, 260, 261, 262, 263, 264, 265, 266, 267, 268, 269, 270, 273, 274, 276, 277, 280, 281, 282, 284, 285, 288, 289, 290, 291, 292, 294, 296, 297, 299]correct=203, total=300, accuracy=0.6767  | ./output/gridsearch/Qwen2.5-VL-7B-Instruct-mmvp-tokens6-lr0.05-sigma1.0-sigdecay0.95-steps15-topk5-conf
Data Idx with Correct Answer: [0, 2, 5, 6, 7, 8, 9, 10, 11, 12, 15, 16, 17, 18, 19, 21, 23, 24, 25, 26, 27, 28, 29, 30, 32, 35, 36, 37, 38, 39, 40, 43, 44, 47, 49, 50, 51, 52, 55, 57, 58, 60, 61, 63, 64, 65, 66, 67, 68, 70, 73, 74, 76, 78, 80, 86, 87, 88, 89, 90, 92, 93, 95, 96, 97, 98, 102, 103, 105, 107, 109, 112, 113, 116, 117, 119, 120, 121, 122, 123, 125, 126, 129, 130, 131, 132, 133, 134, 136, 137, 138, 139, 140, 141, 143, 147, 148, 150, 151, 153, 154, 156, 160, 163, 164, 167, 169, 170, 171, 172, 174, 175, 176, 179, 180, 181, 183, 184, 187, 188, 189, 190, 191, 192, 193, 194, 196, 197, 198, 201, 202, 203, 204, 205, 206, 207, 208, 209, 210, 211, 212, 213, 216, 217, 218, 219, 220, 221, 222, 223, 225, 226, 228, 230, 232, 233, 234, 235, 236, 237, 238, 242, 243, 244, 245, 246, 248, 249, 251, 252, 253, 255, 256, 257, 259, 260, 261, 262, 263, 264, 267, 268, 269, 270, 273, 274, 276, 277, 280, 281, 282, 283, 284, 285, 286, 289, 290, 291, 294, 295, 296, 297, 299]correct=203, total=300, accuracy=0.6767  | ./output/gridsearch/Qwen2.5-VL-7B-Instruct-mmvp-tokens6-lr0.005-sigma5.0-sigdecay0.9-steps15-topk10-conf
Data Idx with Correct Answer: [0, 2, 5, 6, 7, 8, 9, 10, 11, 12, 15, 16, 17, 18, 19, 21, 23, 24, 25, 26, 27, 28, 29, 30, 32, 33, 35, 36, 37, 38, 39, 40, 43, 44, 45, 47, 49, 50, 51, 55, 58, 60, 61, 63, 64, 65, 66, 67, 68, 70, 72, 73, 74, 76, 78, 79, 80, 87, 88, 89, 90, 92, 93, 94, 96, 97, 98, 101, 102, 103, 104, 105, 106, 107, 109, 111, 112, 113, 117, 119, 120, 121, 122, 123, 125, 126, 130, 134, 135, 136, 137, 138, 139, 140, 141, 142, 143, 147, 148, 149, 151, 152, 153, 154, 158, 161, 163, 164, 167, 169, 170, 171, 172, 174, 175, 179, 180, 181, 183, 184, 187, 188, 189, 190, 192, 193, 194, 196, 197, 198, 200, 201, 202, 204, 205, 206, 207, 208, 209, 210, 211, 212, 213, 214, 216, 217, 219, 221, 222, 223, 225, 226, 229, 230, 232, 233, 234, 235, 237, 238, 240, 243, 244, 245, 246, 247, 248, 250, 252, 253, 255, 256, 257, 260, 261, 262, 263, 264, 265, 267, 268, 269, 270, 272, 273, 274, 276, 277, 280, 281, 282, 283, 284, 286, 287, 288, 289, 290, 291, 294, 296, 297, 299]correct=203, total=300, accuracy=0.6767  | ./output/gridsearch/Qwen2.5-VL-7B-Instruct-mmvp-tokens4-lr0.005-sigma5.0-sigdecay0.9-steps10-topk5-conf
Data Idx with Correct Answer: [0, 2, 5, 6, 7, 8, 9, 10, 11, 12, 15, 16, 17, 18, 19, 21, 22, 23, 24, 25, 26, 27, 28, 29, 30, 33, 35, 36, 37, 38, 39, 40, 43, 44, 49, 50, 51, 52, 55, 57, 58, 60, 61, 63, 64, 65, 66, 67, 68, 70, 73, 74, 76, 80, 83, 85, 86, 87, 88, 89, 90, 92, 93, 96, 97, 98, 101, 102, 103, 105, 107, 108, 109, 111, 112, 113, 115, 116, 117, 119, 120, 121, 122, 123, 125, 126, 130, 132, 133, 134, 136, 137, 138, 139, 141, 143, 144, 147, 148, 150, 151, 152, 153, 154, 157, 159, 163, 164, 167, 169, 170, 171, 172, 174, 175, 176, 180, 181, 183, 184, 187, 188, 189, 190, 192, 194, 196, 197, 198, 201, 202, 203, 204, 205, 206, 207, 208, 209, 210, 211, 212, 213, 215, 217, 219, 221, 222, 223, 225, 226, 228, 229, 230, 232, 233, 234, 235, 237, 238, 240, 242, 243, 244, 245, 246, 248, 249, 251, 252, 255, 256, 257, 259, 260, 261, 262, 263, 264, 265, 266, 267, 268, 269, 270, 273, 274, 276, 277, 280, 281, 282, 283, 284, 285, 288, 289, 290, 291, 292, 294, 296, 297, 299]correct=203, total=300, accuracy=0.6767  | ./output/gridsearch/Qwen2.5-VL-7B-Instruct-mmvp-tokens6-lr0.005-sigma0.1-sigdecay0.95-steps10-topk5-conf
Data Idx with Correct Answer: [0, 2, 5, 6, 7, 8, 9, 10, 11, 12, 15, 16, 17, 18, 19, 21, 22, 23, 24, 25, 26, 27, 28, 29, 30, 33, 35, 36, 37, 38, 39, 40, 43, 44, 49, 50, 51, 52, 55, 57, 58, 60, 61, 63, 64, 65, 66, 67, 68, 70, 72, 73, 74, 76, 79, 80, 83, 84, 85, 86, 87, 88, 89, 90, 91, 92, 93, 94, 95, 96, 97, 98, 100, 101, 102, 103, 105, 107, 109, 111, 112, 113, 116, 118, 119, 120, 121, 122, 123, 124, 125, 126, 128, 130, 132, 133, 134, 136, 137, 138, 139, 141, 143, 144, 147, 148, 149, 151, 153, 154, 157, 159, 163, 164, 167, 169, 170, 171, 172, 174, 175, 176, 180, 181, 183, 184, 187, 188, 189, 190, 194, 196, 197, 198, 202, 203, 204, 205, 206, 207, 208, 209, 210, 211, 212, 213, 215, 216, 217, 218, 219, 221, 222, 223, 225, 226, 229, 230, 232, 233, 235, 237, 238, 240, 241, 242, 243, 244, 245, 246, 248, 249, 251, 252, 253, 255, 256, 257, 259, 261, 262, 263, 264, 265, 267, 268, 269, 270, 273, 280, 281, 282, 284, 285, 288, 289, 290, 291, 292, 294, 296, 297, 299]correct=203, total=300, accuracy=0.6767  | ./output/gridsearch/Qwen2.5-VL-7B-Instruct-mmvp-tokens4-lr0.005-sigma0.1-sigdecay0.9-steps15-topk5-conf
Data Idx with Correct Answer: [0, 2, 5, 6, 7, 8, 9, 10, 11, 12, 15, 16, 17, 18, 19, 21, 22, 23, 24, 25, 26, 27, 28, 29, 30, 33, 35, 36, 37, 38, 39, 40, 43, 44, 45, 47, 49, 50, 51, 52, 55, 57, 58, 60, 61, 63, 64, 65, 66, 67, 68, 70, 73, 74, 78, 80, 83, 85, 86, 87, 88, 89, 90, 92, 93, 96, 97, 98, 101, 102, 103, 105, 107, 109, 111, 112, 113, 116, 118, 119, 120, 121, 122, 123, 125, 126, 129, 130, 132, 133, 134, 135, 136, 137, 138, 139, 141, 142, 143, 147, 148, 149, 151, 152, 153, 154, 162, 163, 167, 169, 170, 171, 172, 174, 175, 176, 179, 180, 181, 184, 187, 188, 189, 190, 192, 193, 194, 196, 197, 198, 200, 201, 202, 203, 204, 205, 206, 207, 208, 209, 210, 211, 212, 213, 215, 216, 217, 219, 221, 222, 223, 225, 226, 228, 230, 232, 233, 234, 235, 237, 238, 240, 243, 244, 245, 246, 247, 248, 249, 251, 252, 253, 255, 256, 257, 259, 260, 261, 262, 263, 264, 266, 267, 268, 269, 270, 273, 274, 276, 277, 280, 281, 282, 284, 285, 289, 290, 291, 294, 295, 296, 297, 299]correct=203, total=300, accuracy=0.6767  | ./output/gridsearch/Qwen2.5-VL-7B-Instruct-mmvp-tokens6-lr0.01-sigma5.0-sigdecay0.9-steps15-topk10-conf
Data Idx with Correct Answer: [0, 5, 6, 7, 8, 9, 10, 11, 12, 15, 17, 18, 19, 21, 23, 24, 25, 26, 27, 28, 29, 30, 35, 36, 37, 38, 39, 40, 43, 44, 45, 49, 51, 52, 55, 57, 58, 60, 61, 63, 64, 65, 66, 67, 68, 73, 74, 76, 79, 80, 83, 85, 86, 87, 88, 89, 90, 92, 93, 94, 96, 97, 98, 101, 102, 103, 105, 107, 109, 111, 112, 113, 117, 119, 120, 121, 122, 123, 125, 126, 127, 128, 130, 135, 136, 137, 138, 139, 140, 141, 143, 144, 147, 149, 150, 151, 152, 153, 154, 157, 158, 159, 160, 162, 163, 167, 169, 170, 171, 172, 174, 175, 176, 179, 180, 181, 184, 187, 188, 189, 190, 193, 194, 196, 197, 198, 200, 201, 202, 203, 204, 205, 206, 207, 208, 209, 210, 211, 212, 213, 215, 216, 217, 218, 219, 221, 222, 223, 225, 226, 228, 229, 230, 232, 233, 234, 235, 237, 238, 240, 241, 242, 243, 244, 245, 246, 247, 248, 249, 251, 252, 253, 255, 256, 257, 259, 260, 261, 262, 263, 264, 265, 267, 268, 270, 273, 274, 276, 277, 280, 281, 282, 284, 285, 287, 289, 290, 291, 294, 296, 297, 299]correct=202, total=300, accuracy=0.6733  | ./output/gridsearch/Qwen2.5-VL-7B-Instruct-mmvp-tokens4-lr0.05-sigma0.1-sigdecay0.9-steps10-topk10-conf
Data Idx with Correct Answer: [0, 2, 5, 6, 7, 8, 9, 10, 11, 12, 15, 17, 18, 19, 21, 23, 24, 25, 26, 27, 28, 29, 30, 33, 35, 36, 37, 38, 39, 40, 43, 44, 45, 49, 50, 51, 52, 55, 57, 58, 60, 61, 63, 64, 65, 66, 67, 68, 70, 72, 73, 74, 76, 80, 83, 84, 85, 86, 87, 88, 89, 90, 92, 93, 96, 97, 98, 101, 102, 103, 105, 107, 109, 111, 112, 113, 115, 116, 118, 120, 121, 122, 123, 125, 126, 130, 133, 135, 136, 137, 138, 139, 141, 143, 144, 147, 148, 151, 152, 153, 154, 157, 161, 163, 164, 167, 169, 170, 171, 172, 174, 175, 179, 180, 181, 183, 184, 187, 188, 189, 190, 192, 193, 194, 196, 197, 198, 200, 201, 202, 203, 204, 205, 206, 207, 208, 209, 210, 211, 212, 213, 215, 217, 218, 219, 221, 222, 223, 225, 226, 228, 230, 232, 233, 234, 235, 237, 240, 243, 244, 245, 246, 247, 248, 249, 251, 252, 253, 255, 256, 257, 259, 260, 261, 262, 263, 264, 265, 267, 268, 269, 270, 273, 274, 276, 277, 280, 281, 282, 284, 285, 286, 288, 289, 290, 291, 292, 294, 295, 296, 297, 299]correct=202, total=300, accuracy=0.6733  | ./output/gridsearch/Qwen2.5-VL-7B-Instruct-mmvp-tokens6-lr0.001-sigma0.1-sigdecay0.95-steps10-topk5-conf
Data Idx with Correct Answer: [0, 2, 5, 6, 7, 8, 9, 10, 11, 12, 15, 17, 18, 19, 21, 22, 23, 24, 25, 26, 27, 28, 29, 30, 35, 36, 37, 38, 39, 40, 43, 44, 47, 49, 50, 51, 52, 55, 58, 60, 61, 63, 64, 65, 66, 67, 68, 70, 73, 74, 76, 79, 83, 85, 86, 87, 88, 89, 90, 92, 93, 96, 97, 98, 101, 102, 103, 105, 106, 107, 109, 111, 112, 113, 115, 116, 118, 120, 121, 122, 123, 124, 125, 126, 128, 130, 133, 135, 136, 137, 138, 139, 140, 141, 143, 147, 148, 150, 151, 152, 153, 154, 157, 159, 162, 163, 164, 167, 169, 170, 171, 172, 174, 175, 180, 181, 183, 184, 187, 188, 189, 190, 192, 193, 194, 196, 197, 198, 200, 201, 202, 203, 204, 205, 206, 207, 208, 209, 210, 211, 212, 213, 214, 215, 217, 218, 219, 220, 221, 222, 223, 225, 226, 228, 230, 232, 233, 235, 237, 238, 240, 243, 244, 245, 246, 247, 248, 251, 252, 255, 256, 257, 259, 260, 261, 262, 263, 264, 267, 268, 269, 270, 273, 274, 276, 277, 280, 281, 282, 284, 285, 286, 288, 289, 290, 291, 292, 294, 295, 296, 297, 299]correct=202, total=300, accuracy=0.6733  | ./output/gridsearch/Qwen2.5-VL-7B-Instruct-mmvp-tokens6-lr0.001-sigma0.1-sigdecay0.95-steps15-topk5-conf
Data Idx with Correct Answer: [0, 2, 5, 6, 7, 8, 9, 10, 11, 12, 15, 17, 18, 19, 21, 22, 23, 24, 25, 26, 27, 28, 29, 30, 33, 35, 36, 37, 38, 39, 40, 43, 44, 47, 49, 50, 51, 52, 55, 57, 58, 60, 61, 63, 64, 65, 66, 67, 68, 70, 73, 74, 80, 83, 84, 85, 86, 87, 88, 89, 90, 92, 93, 96, 97, 98, 101, 102, 103, 105, 106, 107, 109, 111, 112, 113, 115, 119, 120, 121, 122, 123, 124, 125, 126, 128, 130, 133, 135, 136, 137, 138, 139, 141, 143, 144, 147, 148, 151, 152, 153, 154, 157, 162, 163, 164, 167, 169, 170, 171, 172, 174, 175, 179, 180, 181, 183, 184, 187, 188, 189, 190, 192, 193, 194, 196, 197, 198, 200, 202, 203, 204, 205, 206, 207, 208, 209, 210, 211, 212, 213, 215, 217, 219, 220, 221, 222, 223, 225, 226, 228, 230, 232, 233, 235, 237, 238, 240, 243, 244, 245, 246, 247, 248, 249, 251, 252, 253, 255, 256, 257, 259, 260, 261, 262, 263, 264, 265, 267, 268, 269, 270, 273, 274, 276, 277, 280, 281, 282, 284, 285, 286, 288, 289, 290, 291, 292, 294, 295, 296, 297, 299]correct=202, total=300, accuracy=0.6733  | ./output/gridsearch/Qwen2.5-VL-7B-Instruct-mmvp-tokens6-lr0.001-sigma0.1-sigdecay0.9-steps10-topk10-conf
Data Idx with Correct Answer: [0, 2, 5, 6, 7, 8, 9, 10, 11, 12, 15, 16, 17, 18, 21, 23, 24, 25, 26, 27, 28, 29, 30, 35, 36, 37, 38, 39, 40, 43, 44, 45, 49, 50, 51, 52, 55, 57, 58, 60, 61, 63, 64, 65, 66, 67, 68, 70, 73, 74, 76, 79, 80, 83, 85, 86, 87, 88, 89, 90, 92, 93, 96, 97, 98, 102, 103, 105, 107, 109, 112, 113, 115, 116, 117, 119, 120, 121, 122, 123, 125, 126, 129, 130, 132, 134, 136, 137, 138, 139, 140, 141, 142, 143, 147, 148, 149, 151, 152, 153, 154, 156, 160, 163, 164, 167, 169, 170, 171, 172, 174, 175, 176, 179, 180, 181, 184, 187, 188, 189, 190, 191, 192, 193, 194, 196, 197, 198, 200, 201, 202, 204, 205, 206, 207, 208, 209, 210, 211, 212, 213, 215, 216, 217, 218, 219, 221, 222, 223, 225, 226, 228, 230, 232, 233, 234, 235, 237, 238, 240, 243, 244, 245, 246, 247, 248, 249, 251, 252, 253, 255, 256, 257, 259, 260, 261, 262, 263, 264, 265, 267, 268, 269, 270, 273, 274, 276, 277, 280, 281, 282, 283, 284, 285, 286, 289, 290, 291, 294, 296, 297, 299]correct=202, total=300, accuracy=0.6733  | ./output/gridsearch/Qwen2.5-VL-7B-Instruct-mmvp-tokens6-lr0.01-sigma5.0-sigdecay0.95-steps10-topk10-conf
Data Idx with Correct Answer: [0, 2, 5, 6, 7, 8, 9, 10, 11, 12, 15, 16, 17, 18, 21, 22, 23, 24, 25, 26, 27, 28, 29, 30, 33, 35, 36, 37, 38, 39, 40, 43, 44, 47, 49, 50, 51, 52, 55, 57, 58, 60, 61, 63, 64, 65, 66, 67, 68, 70, 73, 74, 76, 80, 83, 85, 86, 87, 88, 89, 90, 92, 93, 96, 97, 98, 101, 102, 103, 105, 106, 107, 108, 109, 112, 113, 116, 117, 119, 120, 121, 122, 123, 125, 126, 128, 130, 132, 134, 136, 137, 138, 139, 140, 141, 142, 143, 147, 148, 149, 151, 152, 153, 154, 157, 161, 163, 164, 167, 169, 171, 172, 174, 175, 176, 179, 180, 181, 183, 184, 187, 188, 189, 190, 192, 193, 194, 196, 197, 198, 200, 202, 203, 204, 205, 206, 207, 208, 209, 210, 211, 212, 213, 215, 217, 218, 219, 221, 222, 223, 225, 226, 228, 230, 232, 233, 235, 237, 238, 240, 243, 244, 245, 246, 248, 249, 251, 252, 253, 255, 256, 257, 259, 260, 261, 262, 263, 264, 265, 267, 268, 269, 270, 273, 274, 276, 277, 280, 281, 282, 283, 284, 285, 288, 289, 290, 291, 293, 294, 296, 297, 299]correct=202, total=300, accuracy=0.6733  | ./output/gridsearch/Qwen2.5-VL-7B-Instruct-mmvp-tokens6-lr0.01-sigma0.1-sigdecay0.9-steps10-topk5-conf
Data Idx with Correct Answer: [0, 2, 5, 6, 7, 8, 9, 10, 11, 12, 15, 16, 17, 18, 19, 21, 22, 23, 24, 25, 26, 27, 28, 29, 30, 35, 36, 37, 38, 39, 40, 43, 44, 49, 50, 51, 52, 55, 58, 60, 61, 63, 64, 65, 66, 67, 68, 70, 73, 74, 76, 80, 83, 85, 86, 87, 88, 89, 90, 92, 93, 96, 97, 98, 101, 102, 103, 105, 107, 108, 109, 112, 113, 115, 116, 118, 119, 120, 121, 122, 123, 124, 125, 126, 128, 130, 132, 134, 136, 137, 138, 139, 141, 143, 147, 148, 151, 152, 153, 154, 157, 158, 162, 163, 164, 167, 169, 170, 171, 172, 174, 175, 176, 179, 180, 181, 183, 184, 187, 188, 189, 190, 192, 193, 194, 196, 197, 198, 200, 201, 202, 203, 204, 205, 206, 207, 208, 209, 210, 211, 212, 213, 215, 216, 217, 218, 219, 220, 221, 222, 223, 225, 226, 228, 230, 232, 233, 235, 237, 238, 243, 244, 245, 246, 248, 249, 251, 252, 253, 255, 256, 257, 259, 260, 261, 262, 263, 264, 265, 267, 268, 269, 270, 273, 274, 276, 277, 280, 281, 282, 283, 284, 285, 288, 289, 290, 291, 293, 294, 296, 297, 299]correct=202, total=300, accuracy=0.6733  | ./output/gridsearch/Qwen2.5-VL-7B-Instruct-mmvp-tokens6-lr0.05-sigma1.0-sigdecay0.95-steps10-topk5-conf
Data Idx with Correct Answer: [0, 2, 5, 6, 7, 8, 9, 10, 11, 12, 15, 16, 17, 18, 19, 21, 22, 23, 24, 25, 26, 27, 28, 29, 30, 33, 35, 36, 37, 38, 39, 40, 43, 44, 49, 50, 51, 52, 55, 57, 58, 60, 61, 63, 64, 65, 66, 67, 68, 70, 73, 74, 76, 80, 83, 85, 86, 87, 88, 89, 90, 92, 93, 96, 97, 98, 101, 102, 103, 105, 106, 107, 109, 111, 112, 113, 116, 117, 119, 120, 121, 122, 123, 125, 126, 130, 133, 135, 136, 137, 138, 139, 140, 141, 143, 144, 147, 148, 151, 152, 153, 154, 157, 159, 161, 163, 164, 167, 169, 170, 171, 172, 174, 175, 176, 180, 181, 183, 184, 187, 188, 189, 190, 192, 193, 194, 196, 197, 198, 200, 201, 202, 203, 204, 205, 206, 207, 208, 209, 210, 211, 212, 213, 215, 217, 218, 219, 220, 221, 222, 223, 225, 226, 228, 230, 232, 233, 235, 237, 238, 240, 243, 244, 245, 246, 248, 249, 251, 252, 253, 255, 256, 257, 259, 260, 261, 262, 263, 264, 265, 267, 268, 269, 270, 273, 274, 276, 277, 280, 281, 282, 283, 284, 288, 289, 290, 291, 292, 294, 296, 297, 299]correct=202, total=300, accuracy=0.6733  | ./output/gridsearch/Qwen2.5-VL-7B-Instruct-mmvp-tokens6-lr0.005-sigma0.1-sigdecay0.95-steps15-topk10-conf
Data Idx with Correct Answer: [0, 2, 5, 6, 7, 8, 9, 10, 11, 12, 15, 16, 17, 18, 19, 21, 22, 23, 24, 25, 26, 27, 28, 29, 30, 33, 35, 36, 37, 38, 39, 40, 43, 44, 47, 49, 50, 51, 52, 55, 57, 58, 60, 61, 63, 64, 65, 66, 67, 68, 73, 74, 76, 79, 80, 83, 86, 87, 88, 89, 90, 92, 93, 96, 97, 98, 101, 102, 103, 105, 106, 107, 108, 109, 112, 113, 115, 116, 117, 118, 119, 120, 121, 122, 123, 125, 126, 128, 132, 134, 135, 136, 137, 138, 139, 140, 141, 142, 147, 148, 151, 152, 153, 154, 157, 163, 164, 167, 169, 170, 171, 172, 174, 175, 176, 179, 180, 181, 183, 184, 187, 188, 189, 190, 192, 193, 196, 197, 198, 200, 201, 202, 203, 204, 205, 206, 207, 208, 209, 210, 211, 212, 213, 215, 216, 217, 218, 219, 220, 221, 222, 223, 225, 226, 228, 230, 232, 233, 235, 237, 238, 240, 243, 244, 245, 246, 248, 249, 251, 252, 253, 255, 256, 257, 259, 260, 261, 262, 263, 264, 265, 267, 268, 269, 270, 273, 274, 276, 277, 280, 281, 282, 284, 285, 288, 289, 290, 291, 294, 296, 297, 299]correct=202, total=300, accuracy=0.6733  | ./output/gridsearch/Qwen2.5-VL-7B-Instruct-mmvp-tokens6-lr0.005-sigma0.1-sigdecay0.9-steps15-topk10-conf
Data Idx with Correct Answer: [0, 2, 5, 6, 7, 8, 9, 10, 11, 12, 15, 17, 18, 19, 21, 22, 23, 24, 25, 26, 27, 28, 29, 30, 33, 35, 36, 37, 38, 39, 40, 43, 44, 47, 49, 50, 51, 52, 55, 57, 58, 60, 61, 63, 64, 65, 66, 67, 68, 70, 72, 73, 74, 76, 80, 83, 84, 85, 86, 87, 88, 89, 90, 92, 93, 96, 97, 98, 101, 102, 103, 105, 106, 107, 108, 109, 111, 112, 113, 115, 116, 117, 119, 120, 121, 122, 123, 125, 126, 130, 132, 133, 135, 136, 137, 138, 139, 141, 143, 147, 148, 151, 152, 153, 154, 157, 159, 163, 164, 167, 169, 170, 171, 172, 174, 175, 176, 179, 180, 181, 183, 184, 187, 188, 189, 190, 193, 194, 196, 197, 198, 200, 202, 203, 204, 205, 206, 207, 209, 210, 211, 212, 213, 215, 217, 219, 222, 223, 225, 226, 228, 230, 232, 233, 235, 237, 238, 240, 243, 244, 245, 246, 247, 248, 249, 251, 252, 253, 255, 256, 257, 259, 260, 261, 262, 263, 264, 265, 267, 268, 269, 270, 273, 274, 275, 276, 277, 280, 281, 284, 286, 288, 289, 290, 292, 293, 294, 295, 296, 297, 299]correct=201, total=300, accuracy=0.6700  | ./output/gridsearch/Qwen2.5-VL-7B-Instruct-mmvp-tokens6-lr0.001-sigma0.1-sigdecay0.9-steps10-topk5-conf
Data Idx with Correct Answer: [0, 2, 5, 6, 7, 8, 9, 10, 11, 12, 15, 17, 18, 19, 21, 22, 23, 24, 25, 26, 27, 28, 29, 30, 33, 35, 36, 37, 38, 39, 40, 43, 44, 45, 47, 49, 50, 51, 52, 55, 57, 58, 60, 61, 63, 64, 65, 66, 67, 68, 70, 73, 74, 76, 80, 87, 88, 89, 90, 92, 93, 95, 96, 97, 98, 102, 103, 105, 107, 109, 111, 112, 113, 116, 117, 118, 120, 121, 122, 123, 125, 126, 129, 130, 132, 133, 134, 135, 136, 137, 138, 139, 140, 141, 143, 144, 147, 148, 149, 151, 153, 154, 159, 163, 164, 167, 169, 171, 172, 173, 174, 175, 176, 179, 180, 181, 183, 184, 187, 188, 189, 190, 191, 192, 194, 196, 197, 198, 200, 202, 203, 204, 205, 206, 207, 209, 210, 211, 212, 213, 214, 215, 216, 217, 218, 219, 221, 222, 223, 225, 226, 228, 230, 232, 233, 234, 235, 237, 238, 239, 240, 243, 244, 245, 246, 247, 248, 249, 251, 252, 253, 254, 255, 257, 260, 261, 262, 263, 264, 265, 268, 269, 270, 272, 273, 274, 276, 277, 280, 281, 282, 283, 284, 286, 289, 291, 293, 294, 296, 297, 299]correct=201, total=300, accuracy=0.6700  | ./output/gridsearch/Qwen2.5-VL-7B-Instruct-mmvp-tokens6-lr0.001-sigma1.0-sigdecay0.95-steps10-topk10-conf
Data Idx with Correct Answer: [0, 2, 5, 6, 7, 8, 9, 10, 11, 12, 15, 16, 17, 18, 19, 21, 23, 24, 25, 26, 27, 28, 29, 30, 35, 36, 37, 38, 39, 40, 43, 44, 49, 50, 51, 52, 55, 57, 58, 60, 61, 63, 64, 65, 66, 67, 68, 70, 73, 74, 76, 80, 83, 85, 86, 87, 88, 89, 90, 92, 93, 96, 97, 98, 101, 102, 103, 105, 106, 107, 109, 111, 112, 113, 116, 118, 120, 121, 122, 123, 125, 126, 128, 130, 133, 135, 136, 137, 138, 139, 140, 141, 147, 148, 150, 151, 152, 153, 154, 157, 159, 163, 164, 167, 169, 170, 171, 172, 174, 175, 176, 179, 180, 181, 183, 184, 187, 188, 189, 190, 192, 193, 194, 196, 197, 198, 200, 202, 203, 204, 205, 206, 207, 208, 209, 210, 211, 212, 213, 215, 216, 217, 219, 220, 221, 222, 223, 225, 226, 228, 230, 232, 233, 235, 237, 238, 240, 242, 243, 244, 245, 246, 247, 248, 249, 251, 252, 253, 255, 256, 257, 259, 260, 261, 262, 263, 264, 265, 266, 267, 268, 269, 270, 273, 274, 276, 277, 280, 281, 282, 283, 284, 285, 288, 289, 290, 291, 294, 296, 297, 299]correct=201, total=300, accuracy=0.6700  | ./output/gridsearch/Qwen2.5-VL-7B-Instruct-mmvp-tokens6-lr0.005-sigma0.1-sigdecay0.95-steps10-topk10-conf
Data Idx with Correct Answer: [0, 2, 5, 6, 7, 8, 9, 10, 11, 12, 15, 16, 17, 18, 19, 21, 23, 24, 25, 26, 27, 28, 29, 30, 33, 35, 36, 37, 38, 39, 40, 43, 44, 47, 49, 50, 51, 52, 55, 57, 58, 60, 61, 63, 64, 65, 66, 67, 68, 70, 73, 74, 76, 80, 83, 85, 86, 87, 88, 89, 90, 92, 93, 94, 96, 97, 98, 101, 102, 103, 105, 107, 108, 109, 111, 112, 113, 115, 116, 117, 118, 120, 121, 122, 123, 124, 125, 126, 130, 132, 133, 134, 136, 137, 139, 140, 141, 147, 148, 151, 152, 153, 154, 157, 161, 162, 163, 164, 167, 169, 170, 171, 172, 174, 175, 176, 179, 180, 181, 183, 184, 187, 188, 189, 190, 192, 193, 194, 196, 197, 198, 200, 201, 202, 203, 204, 205, 206, 207, 208, 209, 210, 211, 212, 213, 215, 216, 217, 218, 219, 221, 222, 223, 225, 226, 228, 230, 232, 233, 235, 237, 238, 240, 243, 244, 245, 246, 248, 249, 251, 252, 253, 255, 256, 257, 259, 260, 261, 262, 263, 264, 265, 267, 268, 269, 270, 273, 274, 276, 277, 280, 281, 282, 284, 288, 289, 290, 294, 296, 297, 299]correct=201, total=300, accuracy=0.6700  | ./output/gridsearch/Qwen2.5-VL-7B-Instruct-mmvp-tokens6-lr0.005-sigma0.1-sigdecay0.95-steps15-topk5-conf
Data Idx with Correct Answer: [0, 2, 5, 6, 7, 8, 9, 10, 11, 12, 15, 16, 17, 18, 19, 21, 22, 23, 24, 25, 26, 27, 28, 29, 30, 33, 35, 36, 37, 38, 39, 40, 43, 44, 49, 50, 51, 52, 55, 57, 58, 60, 61, 63, 64, 65, 66, 67, 68, 73, 74, 76, 79, 80, 83, 85, 86, 87, 88, 89, 90, 92, 93, 95, 96, 97, 98, 101, 102, 103, 105, 107, 109, 112, 113, 114, 115, 116, 117, 119, 120, 121, 122, 123, 125, 126, 128, 130, 132, 134, 136, 137, 138, 139, 141, 142, 143, 147, 148, 151, 152, 153, 154, 157, 158, 163, 164, 167, 169, 170, 171, 172, 174, 175, 176, 179, 180, 181, 183, 184, 187, 188, 189, 190, 192, 193, 194, 196, 197, 198, 200, 202, 203, 204, 205, 206, 207, 209, 210, 211, 212, 213, 215, 217, 218, 219, 220, 221, 222, 223, 225, 226, 228, 230, 232, 233, 235, 237, 238, 240, 242, 243, 244, 245, 246, 248, 249, 251, 252, 253, 255, 256, 257, 259, 260, 261, 262, 263, 264, 265, 267, 268, 269, 270, 273, 274, 276, 277, 280, 281, 282, 284, 285, 288, 289, 291, 293, 294, 296, 297, 299]correct=201, total=300, accuracy=0.6700  | ./output/gridsearch/Qwen2.5-VL-7B-Instruct-mmvp-tokens6-lr0.01-sigma0.1-sigdecay0.9-steps10-topk10-conf
Data Idx with Correct Answer: [0, 2, 5, 6, 7, 8, 9, 10, 11, 12, 15, 17, 18, 19, 21, 23, 24, 25, 26, 27, 28, 29, 30, 35, 36, 37, 38, 39, 40, 43, 44, 47, 49, 50, 51, 52, 54, 55, 57, 58, 60, 61, 63, 64, 65, 66, 67, 68, 70, 73, 74, 76, 80, 83, 85, 86, 87, 88, 89, 90, 92, 93, 95, 96, 97, 98, 101, 102, 103, 105, 106, 107, 109, 111, 112, 113, 115, 116, 117, 118, 120, 121, 122, 123, 124, 125, 126, 130, 132, 133, 134, 136, 137, 138, 139, 140, 141, 143, 147, 148, 151, 152, 153, 159, 160, 163, 164, 167, 169, 170, 171, 172, 174, 175, 176, 179, 180, 181, 183, 184, 187, 188, 189, 190, 192, 193, 194, 196, 197, 198, 200, 201, 202, 204, 205, 206, 207, 208, 209, 210, 211, 212, 213, 215, 217, 218, 219, 221, 222, 223, 225, 226, 228, 230, 232, 233, 234, 235, 237, 238, 243, 244, 245, 246, 248, 249, 251, 252, 253, 255, 256, 257, 259, 260, 261, 262, 263, 264, 267, 268, 269, 270, 273, 274, 276, 277, 280, 281, 282, 284, 285, 286, 288, 289, 290, 291, 294, 296, 297, 299]correct=200, total=300, accuracy=0.6667  | ./output/gridsearch/Qwen2.5-VL-7B-Instruct-mmvp-tokens6-lr0.01-sigma1.0-sigdecay0.9-steps15-topk5-conf
Data Idx with Correct Answer: [0, 2, 5, 6, 7, 8, 9, 10, 11, 12, 15, 17, 18, 19, 21, 23, 24, 25, 26, 27, 28, 29, 30, 33, 35, 36, 37, 38, 39, 40, 43, 44, 45, 49, 50, 51, 52, 55, 58, 60, 61, 63, 64, 65, 66, 67, 68, 70, 73, 74, 75, 76, 80, 83, 85, 86, 87, 88, 89, 90, 92, 93, 95, 96, 97, 98, 101, 102, 103, 105, 106, 107, 109, 111, 112, 113, 118, 119, 120, 121, 122, 123, 124, 125, 126, 130, 132, 134, 136, 137, 138, 139, 141, 143, 144, 147, 148, 150, 151, 152, 153, 154, 157, 161, 163, 164, 167, 169, 170, 171, 172, 174, 175, 176, 179, 180, 181, 183, 184, 187, 188, 189, 190, 192, 193, 196, 197, 198, 200, 202, 203, 204, 205, 206, 207, 208, 209, 210, 211, 212, 213, 215, 217, 218, 219, 220, 221, 222, 223, 225, 226, 228, 230, 232, 233, 235, 237, 243, 244, 245, 246, 247, 248, 249, 251, 252, 255, 256, 257, 259, 260, 261, 262, 263, 264, 265, 267, 268, 269, 270, 273, 274, 275, 276, 277, 280, 281, 282, 284, 285, 288, 289, 290, 291, 292, 293, 294, 296, 297, 299]correct=200, total=300, accuracy=0.6667  | ./output/gridsearch/Qwen2.5-VL-7B-Instruct-mmvp-tokens6-lr0.001-sigma0.1-sigdecay0.9-steps15-topk5-conf
Data Idx with Correct Answer: [0, 2, 5, 6, 7, 8, 9, 10, 11, 12, 15, 16, 17, 18, 19, 21, 22, 23, 24, 25, 26, 27, 28, 29, 30, 35, 36, 37, 38, 39, 40, 43, 44, 49, 50, 51, 52, 55, 56, 57, 58, 60, 61, 64, 65, 66, 67, 68, 70, 72, 73, 74, 76, 79, 80, 83, 85, 86, 87, 88, 89, 90, 92, 93, 94, 95, 96, 97, 98, 101, 102, 103, 105, 106, 107, 109, 111, 112, 113, 116, 117, 118, 119, 120, 121, 122, 123, 124, 125, 126, 128, 130, 133, 136, 137, 138, 140, 141, 143, 147, 148, 149, 151, 152, 153, 154, 157, 158, 159, 162, 163, 164, 167, 169, 170, 171, 172, 174, 175, 176, 180, 181, 183, 184, 187, 188, 189, 190, 194, 196, 197, 198, 201, 202, 203, 204, 205, 206, 207, 208, 209, 210, 211, 212, 213, 215, 216, 217, 218, 219, 221, 222, 223, 225, 226, 229, 230, 232, 233, 235, 236, 237, 238, 240, 243, 244, 245, 246, 247, 248, 249, 251, 252, 253, 255, 256, 257, 260, 261, 262, 264, 265, 267, 269, 270, 273, 280, 281, 282, 284, 285, 286, 288, 289, 291, 292, 294, 296, 297, 299]correct=200, total=300, accuracy=0.6667  | ./output/gridsearch/Qwen2.5-VL-7B-Instruct-mmvp-tokens4-lr0.001-sigma0.1-sigdecay0.9-steps15-topk10-conf
Data Idx with Correct Answer: [0, 2, 5, 6, 7, 8, 9, 10, 11, 12, 15, 17, 18, 21, 23, 24, 25, 26, 27, 28, 29, 30, 33, 35, 36, 37, 38, 39, 40, 43, 44, 47, 49, 51, 52, 55, 57, 58, 61, 63, 64, 65, 67, 68, 70, 73, 74, 76, 79, 80, 83, 85, 86, 87, 88, 89, 90, 92, 93, 95, 96, 97, 98, 101, 102, 103, 104, 105, 107, 109, 111, 112, 113, 116, 117, 119, 120, 121, 122, 123, 125, 126, 130, 132, 134, 135, 136, 137, 139, 141, 143, 144, 147, 148, 149, 150, 151, 152, 153, 154, 157, 159, 160, 161, 163, 165, 167, 169, 171, 172, 174, 175, 176, 179, 180, 181, 184, 187, 188, 189, 190, 192, 193, 194, 196, 197, 198, 200, 201, 202, 204, 205, 206, 207, 208, 209, 210, 211, 212, 213, 214, 215, 217, 218, 219, 220, 221, 222, 223, 225, 226, 228, 230, 232, 233, 235, 237, 238, 240, 243, 244, 245, 246, 248, 251, 252, 253, 255, 256, 257, 259, 260, 261, 262, 263, 264, 265, 267, 268, 269, 270, 273, 274, 276, 277, 280, 281, 282, 284, 285, 286, 288, 289, 290, 291, 294, 296, 297, 299]correct=199, total=300, accuracy=0.6633  | ./output/gridsearch/Qwen2.5-VL-7B-Instruct-mmvp-tokens6-lr0.05-sigma0.1-sigdecay0.9-steps15-topk10-conf
Data Idx with Correct Answer: [0, 2, 5, 6, 7, 8, 9, 10, 11, 12, 15, 17, 18, 19, 21, 23, 24, 25, 26, 27, 28, 29, 30, 33, 35, 36, 37, 38, 39, 40, 43, 44, 47, 49, 50, 51, 52, 55, 57, 58, 60, 61, 63, 64, 65, 66, 67, 68, 72, 73, 74, 76, 80, 83, 85, 86, 87, 88, 89, 90, 91, 92, 93, 96, 97, 98, 101, 102, 103, 105, 106, 107, 109, 112, 113, 115, 117, 118, 119, 120, 121, 122, 123, 124, 125, 126, 130, 132, 134, 136, 137, 138, 139, 140, 141, 142, 143, 145, 147, 148, 151, 152, 153, 163, 164, 167, 169, 170, 171, 172, 174, 175, 179, 180, 181, 183, 184, 187, 188, 189, 190, 192, 193, 194, 196, 197, 198, 200, 201, 202, 203, 204, 205, 206, 207, 208, 209, 210, 211, 212, 213, 217, 218, 219, 221, 222, 223, 225, 226, 228, 229, 230, 232, 233, 234, 235, 237, 238, 240, 243, 244, 245, 246, 247, 248, 249, 251, 252, 253, 255, 256, 257, 259, 260, 261, 262, 263, 264, 267, 268, 269, 270, 273, 274, 276, 277, 280, 281, 282, 284, 286, 288, 289, 291, 294, 295, 296, 297, 299]correct=199, total=300, accuracy=0.6633  | ./output/gridsearch/Qwen2.5-VL-7B-Instruct-mmvp-tokens6-lr0.01-sigma1.0-sigdecay0.95-steps10-topk5-conf
Data Idx with Correct Answer: [0, 2, 5, 6, 7, 8, 9, 10, 11, 12, 15, 16, 17, 19, 21, 22, 23, 24, 25, 26, 27, 28, 29, 30, 33, 35, 36, 38, 39, 40, 43, 44, 49, 51, 52, 55, 57, 58, 60, 61, 63, 64, 65, 66, 67, 70, 73, 74, 79, 80, 83, 85, 86, 87, 88, 89, 90, 92, 93, 94, 96, 97, 98, 101, 102, 103, 105, 107, 109, 111, 112, 113, 120, 121, 122, 123, 124, 125, 128, 130, 136, 137, 138, 139, 140, 141, 143, 144, 145, 147, 148, 151, 152, 153, 154, 157, 162, 163, 164, 165, 167, 169, 170, 171, 172, 174, 175, 176, 180, 181, 183, 184, 187, 188, 189, 190, 192, 193, 196, 197, 198, 201, 202, 203, 204, 205, 206, 207, 208, 209, 210, 211, 212, 213, 214, 215, 216, 217, 218, 219, 220, 221, 222, 223, 225, 226, 228, 229, 230, 232, 233, 235, 237, 238, 240, 241, 242, 243, 244, 245, 246, 248, 249, 250, 251, 252, 253, 255, 256, 257, 259, 260, 261, 262, 263, 264, 265, 267, 268, 269, 270, 273, 274, 276, 277, 280, 281, 282, 284, 285, 288, 289, 290, 291, 292, 294, 296, 297, 299]correct=199, total=300, accuracy=0.6633  | ./output/gridsearch/Qwen2.5-VL-7B-Instruct-mmvp-tokens4-lr0.05-sigma1.0-sigdecay0.9-steps15-topk5-conf
Data Idx with Correct Answer: [0, 2, 5, 6, 7, 8, 9, 10, 11, 12, 15, 16, 17, 18, 19, 21, 23, 24, 25, 26, 27, 28, 29, 30, 33, 35, 36, 37, 38, 39, 40, 43, 44, 47, 49, 51, 52, 55, 57, 58, 60, 61, 63, 64, 65, 66, 67, 68, 70, 73, 74, 76, 80, 83, 85, 86, 87, 88, 89, 90, 91, 92, 93, 95, 96, 97, 101, 102, 103, 105, 107, 109, 111, 112, 113, 114, 120, 121, 122, 123, 125, 126, 128, 130, 132, 134, 136, 137, 138, 139, 141, 144, 147, 148, 149, 150, 151, 152, 153, 154, 157, 162, 163, 164, 167, 169, 170, 171, 172, 174, 175, 179, 180, 181, 183, 184, 187, 188, 189, 190, 191, 192, 193, 194, 196, 197, 198, 200, 201, 202, 203, 204, 205, 206, 207, 209, 210, 211, 212, 213, 214, 215, 217, 218, 219, 220, 221, 222, 223, 225, 226, 228, 230, 232, 233, 235, 236, 237, 241, 242, 243, 244, 245, 246, 248, 251, 252, 253, 255, 256, 257, 259, 260, 261, 262, 263, 264, 265, 267, 268, 269, 270, 273, 274, 276, 277, 280, 281, 282, 284, 285, 288, 289, 291, 293, 294, 296, 297, 299]correct=199, total=300, accuracy=0.6633  | ./output/gridsearch/Qwen2.5-VL-7B-Instruct-mmvp-tokens6-lr0.05-sigma0.1-sigdecay0.95-steps10-topk5-conf
Data Idx with Correct Answer: [0, 2, 5, 6, 7, 8, 9, 10, 11, 12, 15, 16, 17, 18, 19, 21, 22, 23, 24, 25, 26, 27, 28, 29, 30, 35, 36, 37, 38, 39, 40, 43, 44, 47, 49, 50, 51, 52, 55, 58, 60, 61, 63, 64, 65, 66, 67, 68, 70, 73, 74, 76, 79, 80, 83, 85, 86, 87, 88, 89, 90, 92, 93, 96, 97, 98, 101, 102, 103, 105, 106, 107, 108, 109, 112, 113, 117, 118, 119, 120, 121, 122, 123, 124, 125, 126, 133, 135, 136, 137, 138, 139, 141, 144, 147, 148, 151, 152, 153, 154, 157, 158, 162, 163, 164, 167, 169, 170, 171, 172, 174, 175, 176, 179, 180, 181, 183, 184, 187, 188, 189, 190, 192, 193, 194, 196, 197, 198, 200, 201, 202, 203, 204, 205, 206, 207, 208, 209, 210, 211, 212, 213, 215, 217, 219, 221, 222, 223, 225, 226, 228, 230, 232, 233, 235, 237, 238, 241, 243, 244, 245, 246, 248, 249, 251, 252, 253, 255, 256, 257, 259, 260, 261, 262, 263, 264, 265, 267, 268, 269, 270, 273, 274, 276, 277, 280, 281, 282, 284, 285, 286, 288, 289, 291, 293, 294, 296, 297, 299]correct=199, total=300, accuracy=0.6633  | ./output/gridsearch/Qwen2.5-VL-7B-Instruct-mmvp-tokens6-lr0.05-sigma1.0-sigdecay0.9-steps10-topk5-conf
Data Idx with Correct Answer: [0, 2, 5, 6, 7, 8, 9, 10, 11, 12, 15, 16, 17, 18, 19, 21, 22, 23, 24, 25, 26, 27, 28, 29, 30, 33, 35, 36, 37, 38, 39, 40, 43, 44, 45, 47, 49, 50, 51, 52, 55, 56, 57, 58, 60, 61, 63, 64, 65, 66, 67, 68, 70, 72, 73, 74, 76, 79, 80, 83, 85, 86, 87, 88, 89, 90, 92, 93, 94, 96, 97, 98, 101, 102, 103, 105, 107, 109, 111, 112, 113, 114, 116, 117, 120, 121, 122, 123, 125, 126, 129, 130, 132, 133, 134, 136, 137, 138, 140, 141, 143, 144, 147, 148, 149, 151, 153, 154, 157, 158, 163, 164, 167, 169, 170, 171, 172, 174, 175, 176, 180, 181, 183, 184, 187, 188, 189, 190, 196, 197, 198, 201, 202, 203, 204, 205, 206, 207, 208, 209, 210, 211, 212, 213, 215, 216, 219, 220, 221, 222, 223, 225, 226, 229, 230, 232, 233, 235, 237, 238, 240, 242, 243, 244, 245, 246, 247, 248, 249, 251, 252, 253, 255, 256, 257, 259, 260, 261, 262, 264, 265, 267, 269, 270, 273, 280, 281, 282, 284, 285, 289, 291, 292, 294, 295, 296, 297, 299]correct=198, total=300, accuracy=0.6600  | ./output/gridsearch/Qwen2.5-VL-7B-Instruct-mmvp-tokens4-lr0.001-sigma0.1-sigdecay0.9-steps15-topk5-conf
Data Idx with Correct Answer: [0, 2, 5, 6, 7, 8, 9, 10, 11, 12, 15, 17, 18, 21, 23, 24, 25, 26, 27, 28, 29, 30, 33, 35, 36, 37, 38, 39, 40, 43, 44, 49, 51, 52, 55, 57, 58, 61, 63, 64, 65, 67, 68, 70, 73, 74, 78, 79, 80, 83, 85, 86, 87, 88, 89, 90, 92, 93, 95, 96, 97, 98, 101, 102, 103, 104, 105, 107, 109, 111, 112, 113, 116, 117, 120, 121, 122, 123, 125, 126, 130, 135, 136, 137, 138, 139, 141, 143, 144, 147, 148, 149, 150, 151, 152, 153, 154, 157, 159, 160, 161, 163, 165, 167, 169, 171, 172, 174, 175, 176, 179, 180, 181, 184, 187, 188, 189, 190, 192, 193, 194, 196, 197, 198, 200, 201, 202, 204, 205, 206, 207, 208, 209, 210, 211, 212, 213, 214, 215, 217, 218, 219, 220, 221, 222, 223, 225, 226, 228, 230, 232, 233, 235, 237, 238, 240, 241, 243, 244, 245, 246, 248, 251, 252, 253, 255, 256, 257, 259, 260, 261, 262, 263, 264, 265, 267, 268, 269, 270, 273, 274, 276, 277, 280, 281, 282, 284, 285, 286, 288, 289, 290, 291, 294, 296, 297, 299]correct=197, total=300, accuracy=0.6567  | ./output/gridsearch/Qwen2.5-VL-7B-Instruct-mmvp-tokens6-lr0.05-sigma0.1-sigdecay0.95-steps15-topk10-conf
Data Idx with Correct Answer: [0, 2, 5, 6, 7, 8, 9, 10, 11, 12, 15, 17, 18, 21, 23, 24, 25, 26, 27, 28, 29, 30, 35, 36, 37, 38, 39, 40, 43, 44, 45, 49, 50, 51, 52, 55, 57, 58, 60, 61, 63, 65, 66, 67, 68, 70, 73, 74, 76, 80, 83, 85, 86, 87, 88, 89, 90, 92, 93, 96, 97, 98, 101, 102, 103, 105, 107, 109, 112, 113, 116, 118, 120, 121, 122, 123, 125, 126, 128, 130, 132, 133, 135, 136, 137, 138, 139, 140, 141, 142, 143, 147, 148, 149, 151, 152, 153, 154, 157, 158, 163, 164, 167, 169, 170, 171, 172, 174, 175, 176, 180, 181, 183, 184, 187, 188, 189, 190, 192, 194, 196, 197, 198, 201, 202, 203, 204, 205, 206, 207, 208, 209, 210, 211, 212, 213, 215, 217, 219, 220, 221, 222, 223, 225, 226, 228, 230, 232, 233, 235, 237, 238, 240, 241, 243, 244, 245, 246, 248, 249, 251, 252, 253, 255, 256, 257, 259, 260, 261, 262, 263, 264, 265, 267, 268, 269, 270, 273, 274, 276, 277, 280, 281, 282, 283, 284, 285, 288, 289, 290, 291, 293, 294, 296, 297, 299]correct=196, total=300, accuracy=0.6533  | ./output/gridsearch/Qwen2.5-VL-7B-Instruct-mmvp-tokens6-lr0.01-sigma0.1-sigdecay0.95-steps10-topk10-conf
Data Idx with Correct Answer: [0, 2, 5, 6, 7, 8, 9, 10, 11, 12, 15, 16, 17, 18, 19, 21, 22, 23, 24, 25, 26, 27, 28, 29, 30, 35, 36, 37, 38, 39, 40, 43, 44, 47, 49, 50, 51, 52, 55, 57, 58, 60, 61, 63, 64, 65, 66, 67, 68, 72, 73, 74, 76, 79, 80, 83, 85, 86, 87, 88, 89, 90, 92, 93, 94, 96, 97, 98, 101, 102, 103, 105, 107, 108, 109, 111, 112, 113, 116, 118, 119, 120, 121, 122, 123, 125, 126, 128, 130, 132, 134, 136, 137, 138, 139, 140, 141, 142, 143, 144, 147, 148, 151, 152, 153, 154, 157, 158, 163, 164, 167, 169, 171, 172, 174, 175, 176, 180, 181, 183, 184, 187, 188, 189, 190, 194, 196, 197, 198, 202, 203, 204, 205, 206, 207, 209, 210, 211, 212, 213, 215, 216, 217, 219, 220, 221, 222, 223, 225, 226, 229, 230, 232, 233, 235, 237, 238, 240, 243, 244, 245, 246, 247, 248, 249, 251, 252, 253, 255, 256, 257, 259, 260, 261, 262, 263, 264, 265, 267, 268, 269, 270, 273, 280, 281, 282, 284, 285, 288, 289, 290, 292, 294, 296, 297, 299]correct=196, total=300, accuracy=0.6533  | ./output/gridsearch/Qwen2.5-VL-7B-Instruct-mmvp-tokens4-lr0.01-sigma0.1-sigdecay0.9-steps15-topk5-conf
Data Idx with Correct Answer: [0, 2, 5, 6, 7, 8, 9, 10, 11, 12, 15, 16, 17, 18, 19, 21, 22, 23, 24, 25, 26, 27, 28, 29, 30, 33, 35, 36, 37, 38, 39, 40, 43, 44, 49, 50, 51, 52, 55, 58, 60, 61, 63, 64, 65, 66, 67, 68, 70, 73, 74, 76, 80, 83, 85, 86, 87, 88, 89, 90, 92, 93, 96, 97, 98, 101, 102, 103, 105, 107, 109, 112, 113, 117, 119, 120, 121, 122, 123, 125, 126, 128, 130, 133, 135, 136, 137, 138, 139, 141, 143, 147, 148, 151, 152, 153, 154, 157, 163, 164, 167, 169, 170, 171, 172, 174, 175, 176, 179, 180, 181, 183, 184, 187, 188, 189, 190, 192, 193, 194, 196, 197, 198, 200, 201, 202, 203, 204, 205, 206, 207, 208, 209, 210, 211, 212, 213, 214, 215, 216, 217, 218, 219, 221, 222, 223, 225, 226, 228, 229, 230, 232, 233, 235, 237, 238, 243, 244, 245, 246, 248, 249, 251, 252, 253, 255, 256, 257, 259, 260, 261, 262, 263, 264, 265, 267, 268, 269, 270, 273, 274, 276, 277, 280, 281, 283, 284, 285, 288, 289, 290, 292, 294, 296, 297, 299]correct=196, total=300, accuracy=0.6533  | ./output/gridsearch/Qwen2.5-VL-7B-Instruct-mmvp-tokens6-lr0.005-sigma0.1-sigdecay0.9-steps10-topk5-conf
Data Idx with Correct Answer: [0, 2, 5, 6, 7, 8, 9, 10, 11, 12, 15, 16, 17, 18, 19, 21, 22, 23, 24, 25, 26, 27, 28, 29, 30, 33, 35, 36, 38, 39, 40, 43, 44, 49, 51, 52, 55, 57, 58, 60, 61, 63, 64, 65, 66, 67, 68, 70, 73, 74, 78, 79, 80, 83, 85, 86, 87, 88, 89, 90, 91, 92, 93, 94, 95, 96, 97, 98, 100, 101, 102, 103, 105, 107, 109, 111, 112, 113, 120, 121, 122, 123, 124, 125, 126, 128, 130, 136, 137, 138, 139, 140, 141, 143, 144, 147, 148, 151, 153, 154, 157, 159, 163, 164, 165, 167, 169, 170, 171, 172, 174, 175, 176, 180, 181, 183, 184, 187, 188, 189, 190, 194, 196, 197, 198, 202, 203, 204, 205, 206, 207, 208, 209, 210, 211, 212, 213, 215, 216, 217, 218, 219, 220, 221, 222, 223, 225, 226, 229, 230, 232, 233, 235, 236, 237, 238, 240, 241, 242, 243, 244, 245, 246, 248, 249, 251, 252, 253, 255, 256, 257, 259, 261, 262, 263, 264, 265, 267, 268, 269, 270, 273, 280, 281, 282, 284, 285, 288, 289, 290, 292, 294, 296, 297, 299]correct=195, total=300, accuracy=0.6500  | ./output/gridsearch/Qwen2.5-VL-7B-Instruct-mmvp-tokens4-lr0.005-sigma0.1-sigdecay0.95-steps15-topk5-conf
Data Idx with Correct Answer: [0, 2, 5, 6, 7, 8, 9, 10, 11, 12, 15, 16, 17, 19, 21, 22, 23, 24, 26, 27, 28, 29, 30, 33, 35, 36, 38, 39, 40, 43, 44, 49, 51, 52, 55, 56, 58, 60, 61, 64, 65, 66, 67, 68, 70, 73, 74, 80, 83, 84, 85, 86, 87, 88, 89, 90, 92, 93, 94, 96, 97, 98, 101, 102, 103, 105, 107, 109, 111, 112, 113, 120, 121, 122, 123, 124, 125, 126, 128, 129, 130, 136, 137, 138, 139, 140, 141, 143, 147, 148, 149, 151, 153, 154, 159, 163, 164, 165, 167, 169, 170, 171, 172, 174, 175, 176, 180, 181, 183, 184, 187, 188, 189, 190, 194, 196, 197, 198, 200, 202, 203, 204, 205, 206, 207, 208, 209, 210, 211, 212, 213, 215, 216, 217, 218, 219, 220, 221, 222, 223, 225, 226, 228, 229, 230, 232, 233, 234, 235, 237, 238, 240, 242, 243, 244, 245, 246, 248, 249, 251, 252, 253, 255, 256, 257, 259, 260, 261, 262, 263, 264, 267, 268, 269, 270, 273, 274, 276, 277, 280, 281, 282, 284, 285, 288, 289, 290, 291, 292, 294, 295, 296, 297, 299]correct=194, total=300, accuracy=0.6467  | ./output/gridsearch/Qwen2.5-VL-7B-Instruct-mmvp-tokens4-lr0.01-sigma1.0-sigdecay0.9-steps15-topk10-conf
Data Idx with Correct Answer: [0, 2, 5, 6, 7, 8, 9, 10, 11, 12, 15, 16, 17, 19, 21, 22, 23, 24, 25, 26, 27, 28, 29, 30, 35, 36, 38, 39, 40, 43, 44, 45, 49, 51, 52, 55, 57, 58, 60, 61, 63, 64, 65, 66, 67, 70, 73, 74, 79, 80, 83, 85, 86, 87, 88, 89, 90, 91, 92, 93, 94, 95, 96, 97, 98, 101, 102, 103, 105, 107, 109, 111, 112, 113, 114, 120, 121, 122, 123, 125, 126, 128, 130, 136, 137, 138, 139, 140, 141, 143, 147, 148, 151, 153, 154, 158, 159, 163, 164, 165, 167, 169, 170, 171, 172, 174, 175, 176, 180, 181, 183, 184, 187, 188, 189, 190, 194, 196, 197, 198, 202, 203, 204, 205, 206, 207, 209, 210, 211, 212, 213, 214, 215, 216, 217, 219, 220, 221, 222, 223, 225, 226, 228, 229, 230, 232, 233, 235, 237, 238, 240, 243, 244, 245, 246, 248, 249, 251, 252, 253, 255, 256, 257, 259, 260, 261, 262, 263, 264, 266, 267, 268, 269, 270, 273, 274, 276, 277, 280, 281, 282, 284, 285, 286, 288, 289, 290, 291, 292, 294, 295, 296, 297, 299]correct=194, total=300, accuracy=0.6467  | ./output/gridsearch/Qwen2.5-VL-7B-Instruct-mmvp-tokens4-lr0.005-sigma1.0-sigdecay0.9-steps15-topk5-conf
Data Idx with Correct Answer: [0, 2, 5, 6, 7, 8, 9, 10, 11, 12, 15, 16, 17, 18, 19, 20, 21, 24, 25, 26, 27, 28, 29, 30, 33, 35, 36, 37, 38, 39, 40, 43, 47, 49, 50, 51, 52, 55, 56, 58, 60, 61, 64, 65, 66, 67, 68, 70, 73, 74, 76, 80, 83, 85, 87, 88, 89, 90, 92, 93, 94, 95, 96, 97, 98, 100, 101, 102, 103, 105, 106, 107, 109, 111, 112, 113, 114, 116, 119, 120, 121, 122, 123, 124, 125, 126, 128, 129, 130, 133, 134, 136, 137, 138, 139, 141, 143, 144, 147, 148, 149, 151, 152, 153, 154, 157, 158, 159, 163, 165, 167, 169, 171, 172, 174, 175, 176, 180, 181, 183, 184, 187, 188, 189, 190, 192, 196, 197, 198, 202, 204, 205, 207, 208, 209, 210, 211, 212, 213, 214, 217, 218, 220, 221, 222, 223, 225, 226, 229, 230, 232, 233, 235, 236, 237, 238, 239, 241, 242, 243, 244, 245, 246, 248, 251, 252, 253, 255, 257, 259, 260, 261, 262, 263, 264, 267, 268, 269, 270, 273, 280, 281, 282, 284, 285, 288, 289, 291, 292, 294, 296, 297, 299]correct=193, total=300, accuracy=0.6433  | ./output/gridsearch/Qwen2.5-VL-7B-Instruct-mmvp-tokens4-lr0.05-sigma0.1-sigdecay0.9-steps15-topk5-conf
Data Idx with Correct Answer: [0, 2, 5, 6, 7, 8, 9, 10, 11, 12, 15, 16, 17, 19, 21, 22, 23, 24, 26, 27, 28, 29, 30, 33, 35, 36, 38, 39, 40, 43, 44, 45, 49, 51, 52, 55, 58, 60, 61, 63, 64, 65, 66, 67, 70, 73, 74, 79, 80, 83, 85, 86, 87, 88, 89, 90, 91, 92, 93, 94, 96, 97, 98, 101, 102, 103, 105, 107, 108, 109, 111, 112, 113, 120, 121, 122, 123, 125, 126, 128, 130, 136, 137, 138, 139, 140, 141, 143, 147, 148, 151, 153, 154, 157, 158, 159, 163, 164, 167, 169, 171, 172, 174, 175, 176, 180, 181, 183, 184, 187, 188, 189, 190, 194, 196, 197, 198, 201, 202, 203, 204, 205, 206, 207, 208, 209, 210, 211, 212, 213, 214, 215, 216, 217, 218, 219, 221, 222, 223, 225, 226, 228, 229, 230, 232, 233, 235, 237, 238, 240, 242, 243, 244, 245, 246, 248, 249, 251, 252, 253, 255, 256, 257, 259, 260, 261, 262, 263, 264, 265, 267, 268, 269, 270, 273, 274, 276, 277, 280, 281, 282, 284, 285, 288, 289, 291, 292, 294, 296, 297, 299]correct=191, total=300, accuracy=0.6367  | ./output/gridsearch/Qwen2.5-VL-7B-Instruct-mmvp-tokens4-lr0.05-sigma1.0-sigdecay0.9-steps15-topk10-conf
Data Idx with Correct Answer: [0, 2, 5, 6, 7, 8, 9, 10, 11, 12, 15, 16, 17, 18, 19, 21, 23, 24, 25, 26, 27, 28, 29, 30, 33, 35, 36, 37, 38, 39, 40, 43, 44, 49, 50, 51, 52, 54, 55, 57, 58, 60, 61, 65, 66, 67, 68, 72, 73, 74, 76, 80, 83, 85, 86, 87, 88, 89, 90, 91, 92, 93, 94, 95, 97, 98, 101, 102, 103, 105, 106, 107, 108, 109, 111, 112, 113, 114, 115, 116, 119, 120, 121, 122, 123, 124, 125, 126, 128, 130, 132, 134, 135, 136, 137, 138, 139, 141, 143, 144, 147, 148, 151, 152, 153, 157, 158, 162, 163, 165, 167, 169, 171, 172, 174, 175, 176, 180, 181, 183, 184, 187, 188, 189, 190, 192, 196, 197, 198, 202, 203, 204, 205, 206, 207, 208, 209, 210, 211, 212, 213, 215, 216, 217, 218, 220, 221, 222, 223, 225, 226, 229, 230, 232, 233, 235, 237, 238, 239, 241, 243, 244, 245, 246, 248, 249, 250, 251, 252, 253, 255, 257, 261, 262, 264, 267, 268, 269, 270, 280, 281, 282, 288, 289, 291, 292, 294, 295, 296, 297, 299]correct=191, total=300, accuracy=0.6367  | ./output/gridsearch/Qwen2.5-VL-7B-Instruct-mmvp-tokens4-lr0.05-sigma0.1-sigdecay0.9-steps15-topk10-conf
Data Idx with Correct Answer: [0, 2, 5, 6, 7, 8, 9, 10, 11, 12, 15, 16, 17, 19, 21, 22, 23, 24, 26, 27, 28, 29, 30, 33, 35, 36, 38, 39, 40, 43, 44, 45, 49, 51, 52, 55, 58, 60, 61, 63, 64, 65, 66, 67, 68, 70, 73, 74, 78, 80, 83, 85, 86, 87, 88, 89, 90, 92, 93, 94, 96, 97, 98, 101, 102, 103, 105, 107, 109, 111, 112, 113, 120, 121, 122, 123, 124, 125, 126, 128, 130, 136, 137, 138, 139, 140, 141, 143, 147, 148, 151, 152, 153, 154, 157, 158, 159, 163, 164, 165, 167, 169, 170, 171, 172, 174, 175, 176, 180, 181, 183, 184, 187, 188, 189, 190, 194, 196, 197, 198, 202, 203, 204, 205, 206, 207, 208, 209, 210, 211, 212, 213, 215, 216, 217, 218, 219, 220, 221, 222, 223, 225, 226, 229, 230, 232, 233, 235, 237, 238, 240, 242, 243, 244, 245, 246, 248, 249, 251, 252, 253, 255, 256, 257, 259, 260, 261, 262, 263, 264, 265, 267, 268, 269, 270, 273, 280, 281, 282, 284, 285, 288, 289, 290, 291, 292, 294, 296, 297, 299]correct=190, total=300, accuracy=0.6333  | ./output/gridsearch/Qwen2.5-VL-7B-Instruct-mmvp-tokens4-lr0.005-sigma0.1-sigdecay0.95-steps15-topk10-conf
Data Idx with Correct Answer: [0, 2, 5, 6, 7, 8, 9, 10, 11, 12, 15, 16, 17, 19, 21, 22, 23, 24, 25, 26, 27, 28, 29, 30, 35, 36, 38, 39, 40, 43, 44, 45, 49, 51, 52, 55, 57, 58, 60, 61, 64, 65, 66, 67, 70, 73, 74, 80, 83, 84, 85, 87, 88, 89, 90, 92, 93, 94, 96, 97, 98, 101, 102, 103, 105, 107, 109, 111, 112, 113, 120, 121, 122, 123, 124, 125, 126, 130, 136, 137, 138, 139, 140, 141, 143, 144, 147, 148, 151, 153, 154, 158, 163, 164, 165, 167, 169, 171, 172, 174, 175, 176, 180, 181, 183, 184, 187, 188, 189, 190, 194, 196, 197, 198, 201, 202, 203, 204, 205, 206, 207, 208, 209, 210, 211, 212, 213, 216, 217, 218, 219, 220, 221, 222, 223, 225, 226, 228, 229, 230, 232, 233, 234, 235, 237, 238, 240, 242, 243, 244, 245, 246, 247, 248, 249, 251, 252, 253, 255, 256, 257, 259, 260, 261, 262, 263, 264, 267, 268, 269, 270, 273, 274, 276, 277, 280, 281, 282, 284, 285, 286, 288, 289, 291, 292, 294, 295, 296, 297, 299]correct=190, total=300, accuracy=0.6333  | ./output/gridsearch/Qwen2.5-VL-7B-Instruct-mmvp-tokens4-lr0.01-sigma1.0-sigdecay0.9-steps15-topk5-conf
Data Idx with Correct Answer: [0, 2, 5, 6, 7, 8, 9, 10, 11, 12, 15, 16, 17, 19, 21, 23, 24, 26, 27, 28, 29, 30, 33, 35, 36, 38, 39, 40, 43, 44, 45, 49, 51, 52, 55, 56, 57, 58, 60, 61, 63, 64, 65, 66, 67, 68, 73, 74, 75, 80, 83, 85, 86, 87, 88, 89, 90, 92, 93, 94, 96, 97, 98, 101, 102, 103, 105, 107, 109, 111, 112, 113, 120, 121, 122, 123, 125, 126, 128, 130, 136, 137, 138, 139, 140, 141, 143, 147, 148, 151, 152, 153, 154, 157, 158, 159, 163, 164, 165, 167, 169, 170, 171, 172, 174, 175, 180, 181, 183, 184, 187, 188, 189, 190, 194, 196, 197, 198, 202, 203, 204, 205, 206, 207, 208, 209, 210, 211, 212, 213, 215, 216, 217, 218, 219, 220, 221, 222, 223, 225, 226, 229, 230, 232, 233, 235, 236, 237, 238, 240, 241, 243, 244, 245, 246, 248, 249, 251, 252, 255, 256, 257, 259, 260, 261, 262, 263, 264, 265, 266, 267, 268, 269, 270, 273, 280, 281, 282, 284, 285, 286, 288, 289, 291, 292, 294, 296, 297, 299]correct=189, total=300, accuracy=0.6300  | ./output/gridsearch/Qwen2.5-VL-7B-Instruct-mmvp-tokens4-lr0.01-sigma0.1-sigdecay0.95-steps15-topk10-conf
Data Idx with Correct Answer: [0, 2, 5, 6, 7, 8, 9, 10, 11, 12, 15, 16, 17, 18, 19, 21, 22, 23, 24, 25, 26, 27, 28, 29, 30, 33, 35, 36, 38, 39, 40, 43, 44, 45, 49, 51, 52, 55, 56, 60, 61, 63, 64, 65, 66, 67, 68, 70, 73, 74, 79, 80, 83, 84, 85, 86, 87, 88, 89, 90, 92, 93, 94, 96, 97, 98, 102, 103, 105, 107, 109, 112, 113, 120, 121, 122, 123, 124, 125, 126, 130, 136, 137, 138, 140, 141, 143, 144, 147, 148, 151, 153, 154, 157, 158, 163, 164, 165, 167, 169, 170, 171, 172, 174, 175, 176, 180, 181, 183, 184, 187, 188, 189, 190, 194, 196, 197, 198, 201, 202, 203, 204, 205, 206, 207, 208, 209, 210, 211, 212, 213, 215, 216, 217, 219, 221, 222, 223, 225, 226, 229, 230, 232, 233, 235, 237, 238, 242, 243, 244, 245, 246, 247, 248, 249, 251, 252, 253, 255, 256, 257, 259, 260, 261, 262, 263, 264, 265, 267, 268, 269, 270, 273, 274, 280, 281, 282, 284, 285, 286, 288, 289, 291, 292, 294, 295, 296, 297, 299]correct=189, total=300, accuracy=0.6300  | ./output/gridsearch/Qwen2.5-VL-7B-Instruct-mmvp-tokens4-lr0.001-sigma0.1-sigdecay0.95-steps15-topk10-conf
Data Idx with Correct Answer: [0, 2, 5, 6, 7, 8, 9, 10, 12, 15, 16, 17, 18, 19, 21, 22, 23, 24, 25, 26, 27, 28, 29, 30, 33, 35, 36, 38, 39, 40, 43, 44, 49, 51, 52, 55, 57, 58, 60, 61, 64, 65, 66, 67, 68, 73, 74, 78, 79, 80, 83, 84, 85, 86, 87, 88, 89, 90, 92, 93, 94, 95, 96, 97, 98, 101, 102, 103, 105, 107, 109, 111, 112, 113, 120, 121, 122, 123, 125, 126, 128, 130, 136, 137, 138, 139, 140, 141, 143, 147, 148, 149, 151, 152, 153, 154, 157, 158, 163, 164, 167, 169, 170, 171, 172, 174, 175, 176, 180, 181, 183, 184, 187, 188, 189, 190, 194, 196, 197, 198, 201, 202, 203, 204, 205, 206, 207, 209, 210, 211, 212, 213, 215, 216, 217, 218, 219, 221, 222, 223, 225, 226, 229, 230, 232, 233, 235, 237, 238, 240, 241, 242, 243, 244, 245, 246, 247, 248, 249, 251, 253, 255, 256, 257, 259, 260, 261, 262, 263, 264, 267, 268, 269, 270, 273, 280, 281, 282, 284, 285, 288, 289, 290, 291, 294, 296, 297, 299]correct=188, total=300, accuracy=0.6267  | ./output/gridsearch/Qwen2.5-VL-7B-Instruct-mmvp-tokens4-lr0.01-sigma0.1-sigdecay0.95-steps15-topk5-conf
Data Idx with Correct Answer: [0, 2, 5, 6, 7, 8, 9, 10, 11, 12, 15, 17, 19, 21, 22, 23, 24, 25, 26, 27, 28, 29, 30, 33, 35, 36, 38, 39, 40, 43, 44, 49, 51, 52, 55, 56, 58, 60, 61, 63, 64, 65, 66, 67, 68, 70, 73, 74, 79, 80, 83, 85, 87, 88, 89, 90, 92, 93, 94, 96, 97, 98, 101, 102, 103, 105, 107, 109, 111, 112, 113, 120, 121, 122, 123, 125, 126, 130, 136, 137, 139, 140, 141, 143, 144, 147, 148, 151, 153, 154, 158, 160, 162, 163, 164, 165, 167, 169, 170, 171, 172, 173, 174, 175, 176, 180, 181, 183, 184, 187, 188, 189, 190, 194, 196, 197, 198, 201, 202, 203, 204, 205, 206, 207, 208, 209, 210, 211, 212, 213, 216, 219, 221, 222, 223, 225, 226, 228, 229, 230, 232, 233, 234, 235, 237, 238, 240, 243, 244, 245, 246, 248, 249, 251, 252, 253, 255, 256, 257, 259, 260, 261, 262, 263, 264, 267, 268, 269, 270, 273, 274, 276, 277, 280, 281, 282, 284, 285, 288, 289, 290, 291, 292, 294, 295, 296, 297, 299]correct=188, total=300, accuracy=0.6267  | ./output/gridsearch/Qwen2.5-VL-7B-Instruct-mmvp-tokens4-lr0.005-sigma1.0-sigdecay0.9-steps15-topk10-conf
Data Idx with Correct Answer: [0, 2, 5, 6, 7, 8, 9, 10, 11, 12, 15, 16, 17, 19, 21, 23, 24, 25, 26, 27, 28, 29, 30, 35, 36, 38, 39, 40, 43, 44, 49, 51, 52, 55, 57, 58, 60, 61, 63, 64, 65, 66, 67, 68, 73, 74, 78, 79, 80, 85, 87, 88, 89, 90, 92, 93, 94, 98, 102, 103, 105, 107, 109, 111, 112, 113, 120, 121, 122, 123, 125, 126, 129, 130, 131, 136, 137, 138, 139, 141, 142, 143, 147, 148, 149, 151, 152, 153, 154, 157, 158, 159, 160, 163, 167, 169, 171, 172, 173, 174, 175, 176, 180, 181, 183, 184, 187, 188, 189, 190, 194, 196, 197, 198, 202, 203, 204, 205, 206, 207, 208, 209, 210, 211, 212, 213, 214, 216, 217, 218, 219, 220, 222, 223, 225, 226, 228, 229, 230, 232, 233, 234, 235, 237, 238, 240, 243, 244, 245, 246, 247, 248, 251, 252, 253, 255, 256, 257, 259, 260, 261, 262, 263, 264, 265, 268, 269, 270, 272, 273, 274, 276, 277, 280, 281, 282, 284, 286, 289, 290, 291, 292, 293, 294, 295, 296, 297, 299]correct=188, total=300, accuracy=0.6267  | ./output/gridsearch/Qwen2.5-VL-7B-Instruct-mmvp-tokens4-lr0.001-sigma1.0-sigdecay0.9-steps15-topk5-conf
Data Idx with Correct Answer: [0, 2, 5, 6, 7, 8, 9, 10, 11, 12, 15, 16, 17, 19, 21, 23, 24, 25, 26, 27, 28, 29, 30, 33, 35, 36, 38, 39, 40, 43, 49, 51, 52, 55, 60, 61, 63, 64, 65, 66, 67, 69, 70, 73, 74, 78, 79, 80, 86, 87, 88, 89, 90, 92, 93, 94, 95, 96, 98, 102, 103, 105, 106, 107, 109, 111, 112, 113, 114, 120, 121, 123, 125, 126, 130, 131, 136, 137, 138, 141, 143, 147, 148, 149, 151, 152, 154, 158, 159, 163, 167, 169, 170, 171, 172, 173, 174, 175, 180, 181, 184, 187, 188, 189, 190, 191, 196, 197, 198, 200, 202, 203, 204, 205, 206, 207, 208, 209, 210, 211, 212, 213, 217, 218, 219, 220, 221, 222, 223, 225, 226, 228, 229, 230, 232, 233, 234, 235, 237, 238, 240, 243, 244, 245, 246, 247, 248, 249, 251, 252, 253, 254, 255, 256, 257, 259, 260, 261, 262, 263, 264, 265, 267, 268, 269, 270, 272, 273, 274, 276, 277, 280, 281, 282, 284, 285, 286, 288, 289, 290, 291, 292, 293, 294, 296, 297, 299]correct=187, total=300, accuracy=0.6233  | ./output/gridsearch/Qwen2.5-VL-7B-Instruct-mmvp-tokens4-lr0.001-sigma1.0-sigdecay0.9-steps15-topk10-conf
Data Idx with Correct Answer: [0, 2, 5, 6, 7, 8, 9, 10, 11, 12, 15, 16, 17, 19, 20, 21, 24, 26, 27, 28, 29, 30, 35, 36, 38, 39, 40, 43, 49, 51, 52, 55, 56, 57, 58, 60, 61, 64, 65, 66, 67, 70, 73, 74, 79, 80, 83, 85, 87, 88, 89, 90, 93, 94, 96, 97, 98, 100, 101, 102, 103, 105, 107, 109, 111, 112, 113, 114, 120, 121, 122, 123, 124, 125, 126, 128, 129, 130, 136, 137, 138, 139, 141, 143, 144, 147, 148, 149, 151, 152, 153, 154, 157, 158, 159, 163, 165, 167, 169, 171, 172, 174, 175, 176, 180, 181, 183, 184, 187, 188, 189, 190, 192, 196, 197, 198, 202, 204, 205, 207, 208, 209, 210, 211, 212, 213, 214, 216, 217, 218, 220, 221, 222, 223, 225, 226, 229, 230, 232, 233, 235, 236, 237, 238, 239, 241, 242, 243, 244, 245, 246, 248, 250, 251, 252, 253, 255, 257, 259, 260, 261, 262, 263, 264, 267, 268, 269, 270, 273, 280, 281, 282, 284, 285, 288, 289, 291, 292, 294, 296, 297, 299]correct=182, total=300, accuracy=0.6067  | ./output/gridsearch/Qwen2.5-VL-7B-Instruct-mmvp-tokens4-lr0.05-sigma0.1-sigdecay0.95-steps15-topk5-conf
Data Idx with Correct Answer: [0, 2, 5, 6, 7, 8, 9, 10, 11, 12, 15, 16, 17, 19, 21, 22, 23, 24, 25, 26, 27, 28, 29, 30, 33, 35, 36, 38, 39, 40, 43, 44, 49, 51, 52, 55, 58, 60, 61, 63, 64, 65, 66, 67, 68, 70, 73, 74, 79, 80, 83, 85, 87, 88, 89, 90, 92, 93, 94, 96, 97, 98, 101, 102, 103, 105, 107, 108, 109, 111, 112, 113, 114, 120, 121, 122, 123, 125, 126, 130, 136, 137, 138, 140, 141, 143, 147, 148, 149, 151, 153, 154, 158, 159, 163, 164, 167, 169, 170, 171, 172, 174, 175, 176, 180, 181, 183, 184, 187, 188, 189, 190, 196, 197, 198, 202, 203, 204, 205, 206, 207, 208, 209, 210, 211, 212, 213, 215, 216, 219, 221, 222, 223, 225, 226, 229, 230, 232, 233, 235, 237, 238, 240, 242, 243, 244, 245, 246, 247, 248, 249, 251, 253, 255, 256, 257, 259, 260, 261, 262, 264, 265, 267, 269, 270, 273, 280, 281, 282, 284, 285, 288, 289, 291, 292, 294, 296, 297, 299]correct=179, total=300, accuracy=0.5967  | ./output/gridsearch/Qwen2.5-VL-7B-Instruct-mmvp-tokens4-lr0.001-sigma0.1-sigdecay0.95-steps15-topk5-conf
Data Idx with Correct Answer: [0, 5, 6, 7, 8, 9, 10, 11, 12, 15, 17, 19, 21, 23, 24, 26, 27, 28, 29, 35, 36, 38, 39, 40, 43, 49, 51, 52, 55, 57, 58, 60, 61, 63, 64, 65, 66, 67, 73, 74, 79, 80, 83, 85, 86, 87, 88, 89, 90, 91, 93, 94, 95, 97, 98, 101, 102, 103, 105, 107, 108, 109, 111, 112, 113, 114, 115, 120, 121, 122, 123, 124, 125, 126, 128, 130, 135, 136, 137, 138, 139, 141, 143, 144, 147, 148, 151, 152, 153, 157, 158, 162, 163, 167, 169, 171, 172, 174, 175, 176, 180, 181, 183, 184, 187, 188, 189, 190, 192, 196, 197, 198, 202, 203, 204, 205, 206, 207, 208, 209, 210, 211, 212, 213, 215, 217, 218, 220, 221, 222, 223, 225, 226, 229, 230, 232, 233, 235, 237, 238, 239, 241, 243, 244, 245, 246, 248, 249, 250, 251, 252, 253, 255, 257, 261, 262, 264, 267, 268, 269, 270, 280, 281, 282, 288, 289, 291, 292, 294, 295, 296, 297, 299]correct=173, total=300, accuracy=0.5767  | ./output/gridsearch/Qwen2.5-VL-7B-Instruct-mmvp-tokens4-lr0.05-sigma0.1-sigdecay0.95-steps15-topk10-conf
